"SKU","Description","Active","AssemblyAmount","AssemblyOption","AssemblyTime","BrandID","Category","DeliveryGroup","DiscountEligible","DisplayAvailability","FinancingEligible","FreightGroup","LocalDelivery","Model","MSRP","PowerType","ProductType","PromoName","QtyDanbury","QtyNewMilford","RebateEligible","RebateEndDate","RebateStartDate","RebateToCustomer","SaleEndDate","SalePrice","SaleStartDate","Series","SortOrder","SpecialFinancingEligible","SubCategory","System","Taxable","AllowBackorder","BuyOnlineEligible","MaximumOnLineQty","AvailabilityRequestEligible","ShippingEligible","ShippingRateType","ShipWeight","ShipLength","ShipWidth","ShipHeight","ShippingCarrierRule","ShippingRestriction","ShipsSeparately","WarrantyResidentialUse","WarrantyCommercialUse","WeightLb","WeightKg","Weight","WeightUnit","EngineBrand","CuttingWidth","SpecLabel1","SpecValue1","SpecLabel2","SpecValue2","SpecLabel3","SpecValue3","SpecLabel4","SpecValue4","SpecLabel5","SpecValue5","SpecLabel6","SpecValue6","SpecLabel7","SpecValue7","SpecLabel8","SpecValue8","SpecLabel9","SpecValue9","SpecLabel10","SpecValue10","ImageURL","InventoryURL","ManualURL","ProductURL","Notes","P1","P2","P3","B1","B2","B3","B4","B5","B6","B7","B8","B9","B10","F1","F2","F3","F4","F5","F6","F7","F8","F9","F10","OnOrderQty"
"38361","TORO Power Shovel","T","0","T","0","TORO","Snow Blowers","HANDHELD","T","T","T","Products","T","Power Shovel","179","Electric","Tool","","0","0","T","","","","","149","","Power Shovel","5","","Single Stage","","T","","","","","","","","","","","","","","","","","","","","","","Power Type","Electric / Corded","","","Clearing Width","12""","Max. Depth","6""","","","Throwing Distance","Up to 20'","","","","","Weight","16 lbs.","","","brands/toro/images/products/38361.jpg","","","https://www.westendpower.com/new-models/toro-38361-12-power-shovel-75-amp-electric-29357395b","","","","","","","","","","","","","","","","","","","","","","","","","0"
"38381","TORO 1800 Power Curve","F","0","T","0","TORO","Snow Blowers","HANDHELD","T","T","T","Products","T","1800 Power Curve","289","Electric","Tool","","0","0","T","","","","","259","","","6","","Single Stage","","T","","","","","","","","","","","","","","","","","","","","","","","","","","","","","","","","","","","","","","","","","","","","","","","","","","","","","","","","","","","","","","","","","","","","","","0"
"38474","TORO 518 ZR Power Clear","T","0","T","0","TORO","Snow Blowers","HANDHELD","T","T","T","Products","T","518 ZR Power Clear","639","Gas","Tool","","0","0","T","","","","","599","","Power Clear","9","","Single Stage","","T","","","","","","","","","","","","","","","","","","","","","","Engine","99cc Toro OHV","Drive System","Rotor Propelled","Starting","Recoil","Clearing Width","18""","Max. Depth","12""","Throwing Distance","Up to 25'","","","","","Weight","55 lbs.","","","brands/toro/images/products/38474.jpg","","","https://www.westendpower.com/new-models/toro-38474-18-in-46-cm-pw-clear-518-zr-gsw-bl-29357398b","","","","","","","","","","","","","","","","","","","","","","","","","0"
"38475","TORO 518 ZE Power Clear","T","0","T","0","TORO","Snow Blowers","HANDHELD","T","T","T","Products","T","518 ZE Power Clear","689","Gas","Tool","","0","0","T","","","","","649","","Power Clear","10","","Single Stage","","T","","","","","","","","","","","","","","","","","","","","","","Engine","99cc Toro OHV","Drive System","Rotor Propelled","Starting","Recoil / Electric","Clearing Width","18""","Max. Depth","12""","Throwing Distance","Up to 25'","","","","","Weight","59 lbs.","","","brands/toro/images/products/38475.jpg","","","https://www.westendpower.com/new-models/toro-38475-18-in-46-cm-pw-clear-518-ze-ele-sgswbl-29357400b","","","","","","","","","","","","","","","","","","","","","","","","","0"
"38752","TORO 721 R Power Clear","T","0","T","0","TORO","Snow Blowers","HANDHELD","T","T","T","Products","T","721 R Power Clear","809","Gas","Tool","","0","0","T","","","","","749","","Power Clear","11","","Single Stage","","T","","","","","","","","","","","","","","","","","","","","","","Engine","212cc Toro OHV","Drive System","Rotor Propelled","Starting","Recoil","Clearing Width","21""","Max. Depth","12-1/2""","Throwing Distance","Up to 35'","","","","","Weight","79 lbs.","","","brands/toro/images/products/38752.jpg","","","https://www.westendpower.com/new-models/toro-38752-21-in-53-cm-pw-clear-721-r-gsw-bl-29357404b","","","","","","","","","","","","","","","","","","","","","","","","","0"
"38753","TORO 721 E Power Clear","T","0","T","0","TORO","Snow Blowers","HANDHELD","T","T","T","Products","T","721 E Power Clear","859","Gas","Tool","","0","0","T","","","","","799","","Power Clear","12","","Single Stage","","T","","","","","","","","","","","","","","","","","","","","","","","212cc Toro OHV","Drive System","Rotor Propelled","Starting","Recoil / Electric","Clearing Width","21""","Max. Depth","12-1/2""","Throwing Distance","Up to 35'","","","","","Weight","84 lbs.","","","brands/toro/images/products/38753.jpg","","","https://www.westendpower.com/new-models/toro-38753-21-in-53-cm-pw-clear-721-e-gsw-bl-29357409b","","","","","","","","","","","","","","","","","","","","","","","","","0"
"38754","TORO 721 R-C Power Clear","F","0","T","0","TORO","Snow Blowers","HANDHELD","T","T","T","Products","T","721 R-C Power Clear","859","Gas","Tool","","0","0","T","","","","","799","","Power Clear","13","","Single Stage","","T","","","","","","","","","","","","","","","","","","","","","","Engine","","","","","","","","","","","","","","","","","","","","brands/toro/images/products/38754.jpg","","","","","","","","","","","","","","","","","","","","","","","","","","","","0"
"38755","TORO 821 R-C Power Clear","T","0","T","0","TORO","Snow Blowers","HANDHELD","T","T","T","Products","T","821 R-C Power Clear","959","Gas","Tool","","0","0","T","","","","","899","","Power Clear","14","","Single Stage","","T","","","","","","","","","","","","","","","","","","","","","","Engine","252cc Toro OHV","Drive System","Rotor Propelled","Starting","Recoil","Clearing Width","21""","Max. Depth","12-1/2""","Throwing Distance","Up to 40'","","","","","Weight","90 lbs.","","","brands/toro/images/products/38755.jpg","","","https://www.westendpower.com/new-models/toro-38755-21-in-53-cm-pw-clear-821-r-c-gsw-bl-29357470b","","","","","","","","","","","","","","","","","","","","","","","","","0"
"38756","TORO 721 QZE Power Clear","T","0","T","0","TORO","Snow Blowers","HANDHELD","T","T","T","Products","T","721 QZE Power Clear","959","Gas","Tool","","0","0","T","","","","","899","","Power Clear","15","","Single Stage","","T","","","","","","","","","","","","","","","","","","","","","","Engine","212cc Toro OHV","Drive System","Rotor Propelled","Starting","Recoil / Electric","Clearing Width","21""","Max. Depth","12-1/2""","Throwing Distance","Up to 35'","","","","","Weight","86 lbs.","","","brands/toro/images/products/38756.jpg","","","https://www.westendpower.com/new-models/toro-38756-21-in-53-cm-pw-clear-721-qze-gsw-bl-29357472b","","","","","","","","","","","","","","","","","","","","","","","","","0"
"38757","TORO 821 QZE Power Clear","T","0","T","0","TORO","Snow Blowers","HANDHELD","T","T","T","Products","T","821 QZE Power Clear","1059","Gas","Tool","","0","0","T","","","","","999","","","16","","Single Stage","","T","","","","","","","","","","","","","","","","","","","","","","Engine","252cc Toro OHV","Drive System","Rotor Propelled","Starting","Recoil / Electric","Clearing Width","21""","Max. Depth","12-1/2""","Throwing Distance","Up to 40'","","","","","Weight","95 lbs.","","","brands/toro/images/products/38757.jpg","","","https://www.westendpower.com/new-models/toro-38757-21-in-53-cm-pw-clear-821-qze-gsw-bl-29357468b","","","","","","","","","","","","","","","","","","","","","","","","","0"
"39909","TORO 60V Power Shovel (2.5 Ah Battery)","T","0","T","0","TORO","Snow Blowers","HANDHELD","T","T","T","Products","T","Power Shovel","369","Battery","Kit","","0","0","T","","","","","319","","Power Shovel","19","","Single Stage","60V Max Flex-Force","T","","","","","","","","","","","","","","","","","","","","","","Battery Power","60 Volt","Drive System","Push","","","Clearing Width","12""","Max. Depth","6""","Throwing Distance","Up to 25'","","","","","Weight","22 lbs.","","","brands/toro/images/products/39909.jpg","","","https://www.westendpower.com/new-models/toro-39909-12-30-cm-power-shovel-60v-25ah-bc-29357388b","","","","","","","","","","","","","","","","","","","","","","","","","2.0"
"39909T","TORO 60V Power Shovel","F","0","T","0","TORO","Snow Blowers","HANDHELD","T","T","T","Products","T","Power Shovel","299","Battery","Tool","","0","0","T","","","","","249","","Power Shovel","20","","Single Stage","60V Max Flex-Force","T","","","","","","","","","","","","","","","","","","","","","","","","","","","","","","","","","","","","","","","","","","brands/toro/images/products/39909T.jpg","","","","","","","","","","","","","","","","","","","","","","","","","","","","0"
"39901","TORO 60V e21 Power Clear (7.5 Ah Battery)","T","0","T","0","TORO","Snow Blowers","HANDHELD","T","T","T","Products","T","e21 Power Clear","849","Battery","Kit","","0","0","T","2026-09-30","2026-09-01","50","","749","","Power Clear","21","","Single Stage","60V Max Flex-Force","T","","","","","","","","","","","","","","","","","","","","","","Battery Power","60 Volt","Drive System","Push","","","Clearing Width","21""","Max. Depth","12""","Throwing Distance","Up to 40'","","","","","Weight","55 lbs.","","","brands/toro/images/products/39901.jpg","","","https://www.westendpower.com/new-models/toro-39901-21-power-clear-21-60v-29357454b","","","","","","","","","","","","","","","","","","","","","","","","","0"
"39902","TORO 60V e21 Power Clear (2 x 6.0 Ah Batteries)","T","0","T","0","TORO","Snow Blowers","HANDHELD","T","T","T","Products","T","e21 Power Clear","1049","Battery","Kit","","0","0","T","","","","","949","","Power Clear","22","","Single Stage","60V Max Flex-Force","T","","","","","","","","","","","","","","","","","","","","","","","","","","","","","","","","","","","","","","Weight","62 lbs.","","","","","","https://www.westendpower.com/new-models/toro-39902-21-power-clear-e21-60v-29357991b","","","","","","","","","","","","","","","","","","","","","","","","","0"
"39901T","TORO 60V e21 Power Clear","T","0","T","0","TORO","Snow Blowers","HANDHELD","T","T","T","Products","T","e21 Power Clear","699","Battery","Tool","","1.0","0","T","","","","","599","","Power Clear","23","","Single Stage","60V Max Flex-Force","T","","","","","","","","","","","","","","","","","","","","","","Battery Power","60 Volt","Drive System","Push","","","Clearing Width","21""","Max. Depth","12""","Throwing Distance","Up to 40'","","","","","Weight","46 lbs.","","","brands/toro/images/products/39901T.jpg","","","https://www.westendpower.com/new-models/toro-39901t-21-power-clear-21-60v-29357459b","","","","","","","","","","","","","","","","","","","","","","","","","0"
"39924","TORO 60V e24 Power Max (2 x 6.0 Ah Batteries)","F","0","T","0","TORO","Snow Blowers","WALKBEHIND","T","T","T","Products","T","e24 Power Max","1749","Battery","Kit","","0","0","T","2026-09-30","2026-09-01","150","","1649","","Power Max","24","","Two Stage","60V Max Flex-Force","T","","","","","","","","","","","","","","","","","","","","","","Battery Power","60 Volt","Drive System","Self-Propelled","","","Clearing Width","24""","Max. Depth","20""","Throwing Distance","Up to 45'","","","","","","","","","","","","","","","","","","","","","","","","","","","","","","","","","","","","","0"
"39925","TORO 60V e24 Power Max (10 Ah Battery)","T","0","T","0","TORO","Snow Blowers","WALKBEHIND","T","T","T","Products","T","e24 Power Max","1699","Battery","Kit","","0","0","T","2026-09-30","2026-09-01","150","","1599","","Power Max","25","","Two Stage","60V Max Flex-Force","T","","","","","","","","","","","","","","","","","","","","","","Battery Power","60 Volt","Drive System","Self-Propelled","","","Clearing Width","24""","Max. Depth","20""","Throwing Distance","Up to 45'","","","","","Weight","169 lbs.","","","brands/toro/images/products/39925.jpg","","","https://www.westendpower.com/new-models/toro-39925-24-power-max-e24-60v-100ah-29357541b","","","","","","","","","","","","","","","","","","","","","","","","","0"
"39926","TORO 60V e26 Power Max (2 x 7.5 Ah Batteries)","T","0","T","0","TORO","Snow Blowers","WALKBEHIND","T","T","T","Products","T","e26 Power Max","1999","Battery","Kit","","0","0","T","2026-09-30","2026-09-01","150","","1899","","Power Max","26","","Two Stage","60V Max Flex-Force","T","","","","","","","","","","","","","","","","","","","","","","Battery Power","60 Volt","Drive System","Self-Propelled","","","Clearing Width","26""","Max. Depth","20""","Throwing Distance","Up to 45'","","","","","Weight","186 lbs.","","","brands/toro/images/products/39926.jpg","","","https://www.westendpower.com/new-models/toro-39926-26-power-max-e26-60v-75ah-29357555b","","","","","","","","","","","","","","","","","","","","","","","","","5.0"
"39914","TORO 60V SnowMaster","T","0","T","0","TORO","Snow Blowers","WALKBEHIND","T","T","T","Products","T","SnowMaster","1549","Battery","Kit","","0","0","T","2026-09-30","2026-09-01","150","","1449","","SnowMaster","27","","Single Stage","60V Max Flex-Force","T","","","","","","","","","","","","","","","","","","","","","","Battery Power","60 Volt","Drive System","Push","","","Clearing Width","24""","Max. Depth","18""","Throwing Distance","Up to 34'","","","","","Weight","128 lbs.","","","brands/toro/images/products/39914.jpg","","","https://www.westendpower.com/new-models/toro-39914-24-snowmaster-60v-10ah-29357420b","","","","","","","","","","","","","","","","","","","","","","","","","0"
"39921","TORO 60V e21 Power Clear (10 Ah Battery)","T","0","T","0","TORO","Snow Blowers","HANDHELD","T","T","T","Products","T","e21 Power Clear","1299","Battery","Kit","","0","0","T","2026-09-30","2026-09-01","50","","1199","","Power Clear","28","","Single Stage","60V Max Flex-Force","T","","","","","","","","","","","","","","","","","","","","","","Battery Power","60 Volt","Drive System","Rotor Propelled","","","Clearing Width","21""","Max. Depth","12""","Throwing Distance","Up to 30'","","","","","Weight","80 lbs.","","","brands/toro/images/products/39921.jpg","","","https://www.westendpower.com/new-models/toro-39921-21-60v-max-elec-battery-power-clear-29357433b","","","","","","","","","","","","","","","","","","","","","","","","","0"
"39921T","TORO 60V e21 Power Clear","F","0","T","0","TORO","Snow Blowers","HANDHELD","T","T","T","Products","T","e21 Power Clear","1049","Battery","Tool","","0","0","T","","","","","949","","Power Clear","29","","Single Stage","60V Max Flex-Force","T","","","","","","","","","","","","","","","","","","","","","","","","","","","","","","","","","","","","","","","","","","","","","","","","","","","","","","","","","","","","","","","","","","","","","","0"
"39922T","TORO 60V e21 Power Clear","F","0","T","0","TORO","Snow Blowers","HANDHELD","T","T","T","Products","T","e21 Power Clear","1099","Battery","Tool","","0","0","T","","","","","999","","Power Clear","30","","Single Stage","60V Max Flex-Force","T","","","","","","","","","","","","","","","","","","","","","","","","","","","","","","","","","","","","","","","","","","","","","","","","","","","","","","","","","","","","","","","","","","","","","","0"
"39926T","TORO 60V e26 Power Max","F","0","T","0","TORO","Snow Blowers","WALKBEHIND","T","T","T","Products","T","e26 Power Max","1549","Battery","Tool","","0","0","T","","","","","1449","","Power Max","31","","Two Stage","60V Max Flex-Force","T","","","","","","","","","","","","","","","","","","","","","","","","","","","","","","","","","","","","","","","","","","","","","","","","","","","","","","","","","","","","","","","","","","","","","","0"
"39915","TORO 60V SnowMaster (10 Ah & 5 Ah)","T","0","T","0","TORO","Snow Blowers","WALKBEHIND","T","T","T","Products","T","SnowMaster","1749","Battery","Kit","","0","0","T","2026-09-30","2026-09-01","150","","1649","","SnowMaster","32","","Single Stage","60V Max Flex-Force","T","","","","","","","","","","","","","","","","","","","","","","Battery Power","60 Volt","Drive System","Push","","","Clearing Width","24""","Max. Depth","18""","Throwing Distance","Up to 34'","","","","","Weight","135 lbs.","","","brands/toro/images/products/39915.jpg","","","https://www.westendpower.com/new-models/toro-39915-24-snowmaster-60v-snow-blower-29357421b","","","","","","","","","","","","","","","","","","","","","","","","","0"
"39915T","TORO 60V SnowMaster","F","0","T","0","TORO","Snow Blowers","WALKBEHIND","T","T","T","Products","T","SnowMaster","1329","Battery","Tool","","0","0","T","","","","","1229","","SnowMaster","33","","Single Stage","60V Max Flex-Force","T","","","","","","","","","","","","","","","","","","","","","","","","","","","","","","","","","","","","","","","","","","","","","","","","","","","","","","","","","","","","","","","","","","","","","","0"
"37807","TORO 724 OE Power Max","T","0","T","0","TORO","Snow Blowers","WALKBEHIND","T","T","T","Products","T","724 OE Power Max","1449","Gas","Tool","","0","0","T","2026-09-30","2026-09-01","300","","1349","","Power Max","36","","Two Stage","","T","","","","","","","","","","","","","","","","","","","","","","Engine","212cc Toro OHV","Drive System","Self-Propelled","Starting","Recoil / Electric","Clearing Width","24""","Max. Depth","20""","Throwing Distance","Up to 40'","Steering","","","","Weight","184 lbs.","","","brands/toro/images/products/37807.jpg","","","https://www.westendpower.com/new-models/toro-37807-24-in-61-cm-power-max-724-oe-gas-sw-bl-29357546b","","","","","","","","","","","","","","","","","","","","","","","","","2.0"
"37798","TORO 824 OE Power Max","T","0","T","0","TORO","Snow Blowers","WALKBEHIND","T","T","T","Products","T","824 OE Power Max","1499","Gas","Tool","","6.0","0","T","2026-09-30","2026-09-01","300","","1399","","Power Max","37","","Two Stage","","T","","","","","","","","","","","","","","","","","","","","","","Engine","252cc Toro OHV","Drive System","Self-Propelled","Starting","Recoil / Electric","Clearing Width","24""","Max. Depth","20""","Throwing Distance","Up to 45'","Steering","","","","Weight","184 lbs.","","","brands/toro/images/products/37798.jpg","","","https://www.westendpower.com/new-models/toro-37798-24-in-61-cm-pw-max-824-oe-gsw-bl-29357550b","","","","","","","","","","","","","","","","","","","","","","","","","2.0"
"37799","TORO 826 OAE Power Max","T","0","T","0","TORO","Snow Blowers","WALKBEHIND","T","T","T","Products","T","826 OAE Power Max","1599","Gas","Tool","","0","0","T","2026-09-30","2026-09-01","300","","1499","","Power Max","38","","Two Stage","","T","","","","","","","","","","","","","","","","","","","","","","Engine","252cc Toro OHV","Drive System","Self-Propelled","Starting","Recoil / Electric","Clearing Width","26""","Max. Depth","20""","Throwing Distance","Up to 45'","Steering","Triggerless","","","Weight","189 lbs.","","","brands/toro/images/products/37799.jpg","","","https://www.westendpower.com/new-models/toro-37799-26-power-max-826-oae-two-stage-gas-sb-29357536b","","","","","","","","","","","","","","","","","","","","","","","","","4.0"
"37805","TORO 826 OHAE Power Max","T","0","T","0","TORO","Snow Blowers","WALKBEHIND","T","T","T","Products","T","826 OHAE Power Max","1679","Gas","Tool","","0","0","T","2026-09-30","2026-09-01","300","","1579","","Power Max","39","","Two Stage","","T","","","","","","","","","","","","","","","","","","","","","","","","","","","Recoil / Electric","","","","","","","","","","","","","","","","","","https://www.westendpower.com/new-models/toro-37805-26-power-max-826-ohae-two-stage-gas-sb-29357528b","","","","","","","","","","","","","","","","","","","","","","","","","0"
"39960","TORO 824 Power Max HD","T","0","T","0","TORO","Snow Blowers","WALKBEHIND","T","T","T","Products","T","824 Power Max HD","1699","Gas","Tool","","0","0","T","","","","","1599","","Power Max HD","40","","Two Stage","","T","","","","","","","","","","","","","","","","","","","","","","Engine","252cc Toro OHV","Drive System","Self-Propelled","Starting","Recoil / Electric","Clearing Width","24""","Max. Depth","21""","Throwing Distance","Up to 45'","Steering","Triggerless","","","","","","","brands/toro/images/products/39960.jpg","","","https://www.westendpower.com/new-models/toro-39960-24-in-power-max-hd-two-stage-g-snowblower-29435460b","","","","","","","","","","","","","","","","","","","","","","","","","2.0"
"39961","TORO 828 Power Max HD","T","0","T","0","TORO","Snow Blowers","WALKBEHIND","T","T","T","Products","T","828 Power Max HD","1849","Gas","Tool","","0","0","T","","","","","1749","","Power Max HD","41","","Two Stage","","T","","","","","","","","","","","","","","","","","","","","","","Engine","252cc Toro OHV","Drive System","Self-Propelled","Starting","Recoil / Electric","Clearing Width","28""","Max. Depth","21""","Throwing Distance","Up to 45'","Steering","Triggerless","","","","","","","brands/toro/images/products/39961.jpg","","","https://www.westendpower.com/new-models/toro-39961-28-in-power-max-hd-two-stage-g-snowblower-29435466b","","","","","","","","","","","","","","","","","","","","","","","","","4.0"
"39962","TORO 1030 Power Max HD","T","0","T","0","TORO","Snow Blowers","WALKBEHIND","T","T","T","Products","T","1030 Power Max HD","2249","Gas","Tool","","0","0","T","","","","","2149","","Power Max HD","42","","Two Stage","","T","","","","","","","","","","","","","","","","","","","","","","Engine","302cc Toro OHV","Drive System","Self-Propelled","Starting","Recoil / Electric","Clearing Width","30""","Max. Depth","21""","Throwing Distance","Up to 49'","Steering","Triggerless","","","","","","","","","","https://www.westendpower.com/new-models/toro-39962-30-in-power-max-hd-two-stage-g-snowblower-29435510b","","","","","","","","","","","","","","","","","","","","","","","","","0"
"39963","TORO 1232 Power Max HD","T","0","T","0","TORO","Snow Blowers","WALKBEHIND","T","T","T","Products","T","1232 Power Max HD","2649","Gas","Tool","","0","0","T","","","","","2549","","Power Max HD","43","","Two Stage","","T","","","","","","","","","","","","","","","","","","","","","","Engine","375cc Toro OHV","Drive System","Self-Propelled","Starting","Recoil / Electric","Clearing Width","32""","Max. Depth","21""","Throwing Distance","Up to 57'","Steering","Triggerless","","","","","","","brands/toro/images/products/39963.jpg","","","https://www.westendpower.com/new-models/toro-39963-32-in-power-max-hd-two-stage-g-snowblower-29435512b","","","","","","","","","","","","","","","","","","","","","","","","","0"
"38830","TORO 1030 OHAE Power Max HD","F","0","T","0","TORO","Snow Blowers","WALKBEHIND","T","T","T","Products","T","1030 OHAE Power Max HD","2299","Gas","Tool","","0","0","T","","","","","2199","","Power Max HD","44","","Two Stage","","T","","","","","","","","","","","","","","","","","","","","","","","","","","","","","","","","","","","","","","","","","","","","","","","","","","","","","","","","","","","","","","","","","","","","","","0"
"38838","TORO 828 OAE Power Max HD","F","0","T","0","TORO","Snow Blowers","WALKBEHIND","T","T","T","Products","T","828 OAE Power Max HD","1899","Gas","Tool","","0","0","T","","","","","1799","","Power Max HD","45","","Two Stage","","T","","","","","","","","","","","","","","","","","","","","","","","","","","","","","","","","","","","","","","","","","","","","","","","","","","","","","","","","","","","","","","","","","","","","","","0"
"38842","TORO 1232 OHXE Power Max HD","F","0","T","0","TORO","Snow Blowers","WALKBEHIND","T","T","T","Products","T","1232 OHXE Power Max HD","2699","Gas","Tool","","0","0","T","","","","","2599","","Power Max HD","46","","Two Stage","","T","","","","","","","","","","","","","","","","","","","","","","","","","","","","","","","","","","","","","","","","","","","","","","","","","","","","","","","","","","","","","","","","","","","","","","0"
"38843","TORO 1428 OHXE Power Max HD Commercial ","T","0","T","0","TORO","Snow Blowers","WALKBEHIND","T","T","T","Products","T","1428 OHXE Power Max HD","3349","Gas","Tool","","0","0","T","","","","","3049","","Power Max HD","47","","Two Stage","","T","","","","","","","","","","","","","","","","","","","","","","Engine","420cc Toro OHV","Drive System","Self-Propelled","Starting","Recoil / Electric","Clearing Width","28""","Max. Depth","21""","Throwing Distance","Up to 60'","Steering","Power","","","Weight","304 lbs.","","","","","","https://www.westendpower.com/new-models/toro-38843-28-power-max-hd-1428-ohxe-c-ts-gsb-29357580b","","","","","","","","","","","","","","","","","","","","","","","","","0"
"38844","TORO 1432 OHXE Power Max HD Commercial","T","0","T","0","TORO","Snow Blowers","WALKBEHIND","T","T","T","Products","T","1432 OHXE Power Max HD","3649","Gas","Tool","","0","0","T","","","","","3349","","Power Max HD","48","","Two Stage","","T","","","","","","","","","","","","","","","","","","","","","","Engine","420cc Toro OHV","Drive System","Self-Propelled","Starting","Recoil / Electric","Clearing Width","32""","Max. Depth","21""","Throwing Distance","Up to 60'","Steering","Power","","","Weight","310 lbs.","","","","","","https://www.westendpower.com/new-models/toro-38844-32-power-max-hd-1432-ohxe-c-ts-gsb-29357574b","","","","","","","","","","","","","","","","","","","","","","","","","0"
"36002","TORO 724 QXE SnowMaster","T","0","T","0","TORO","Snow Blowers","WALKBEHIND","T","T","T","Products","T","724 QXE SnowMaster","1299","Gas","Tool","","0","0","T","2026-09-30","2026-09-01","150","","1199","","SnowMaster","51","","Two Stage","","T","","","","","","","","","","","","","","","","","","","","","","Engine","212cc Toro OHV","Drive System","Personal Pace","Starting","Recoil / Electric","Clearing Width","24""","Max. Depth","18""","Throwing Distance","Up to 40'","","","","","Weight","125 lbs.","","","brands/toro/images/products/36002.jpg","","","https://www.westendpower.com/new-models/toro-36002-24-inch-61-cm-swmaster-724-qxe-sw-bl-29357415b","","","","","","","","","","","","","","","","","","","","","","","","","0"
"36003","TORO 824 QXE SnowMaster","T","0","T","0","TORO","Snow Blowers","WALKBEHIND","T","T","T","Products","T","824 QXE SnowMaster","1349","Gas","Tool","","0","0","T","2026-09-30","2026-09-01","150","","1249","","SnowMaster","52","","Two Stage","","T","","","","","","","","","","","","","","","","","","","","","","Engine","252cc Toro OHV","Drive System","Personal Pace","Starting","Recoil / Electric","Clearing Width","24""","Max. Depth","18""","Throwing Distance","Up to 45'","","","","","Weight","131 lbs.","","","brands/toro/images/products/36003.jpg","","","https://www.westendpower.com/new-models/toro-36003-24-in-61-cm-swmaster-824-qxe-sw-bl-29357462b","","","","","","","","","","","","","","","","","","","","","","","","","0"
"38890","TORO 1428 OHXE Power TRX HD Commercial","T","0","T","0","TORO","Snow Blowers","WALKBEHIND","T","T","T","Products","T","1428 OHXE Power TRX HD","3999","Gas","Tool","","0","0","T","","","","","3699","","Power TRX HD","55","","Two Stage","","T","","","","","","","","","","","","","","","","","","","","","","Engine","420cc Toro OHV","Drive System","Hydrostatic","Starting","Recoil / Electric","Clearing Width","28""","Max. Depth","21""","Throwing Distance","Up to 60'","Steering","Power","","","Weight","304 lbs.","","","brands/toro/images/products/38890.jpg","","","https://www.westendpower.com/new-models/toro-38890-28-power-trx-hd-commercial-sb-1428-ohxe-29357571b","","","","","","","","","","","","","","","","","","","","","","","","","0"
"38891","TORO 1432 OHXE Power TRX HD Commercial","T","0","T","0","TORO","Snow Blowers","WALKBEHIND","T","T","T","Products","T","1432 OHXE Power TRX HD","4299","Gas","Tool","","0","0","T","","","","","3999","","Power TRX HD","56","","Two Stage","","T","","","","","","","","","","","","","","","","","","","","","","Engine","420cc Toro OHV","Drive System","Hydrostatic","Starting","Recoil / Electric","Clearing Width","32""","Max. Depth","21""","Throwing Distance","Up to 60'","Steering","Power","","","Weight","310 lbs.","","","brands/toro/images/products/38891.jpg","","","https://www.westendpower.com/new-models/toro-38891-32-power-trx-hd-1432-ohxe-c-ts-gsb-29357566b","","","","","","","","","","","","","","","","","","","","","","","","","0"
"38701","TORO Commercial Power Broom","T","0","T","0","TORO","Power Brooms","WALKBEHIND","T","T","T","Products","T","Power Broom","5999","Gas","Tool","","0","0","T","","","","","5599","","Power Broom","59","","Broom","","T","","","","","","","","","","","","","","","","","","","","","","","","","","","","","","","","","","","","","","Weight","324 lbs.","","","brands/toro/images/products/38701.jpg","","","https://www.westendpower.com/new-models/toro-38701-36-in-91-cm-pw-broom-com-gpw-brush-29357586b","","","","","","","","","","","","","","","","","","","","","","","","","0"
"21621","Toro 21"" Stripe 60V Battery Walk-Behind Mower","T","0","T","0","TORO","Mowers","WALKBEHIND","T","T","T","Products","T","","679","Battery","Kit","","0","0","T","","","","","629","","Stripe","63","","Walk-Behind","60V Max Flex-Force","T","","","","","","","","","","","","","","","","","","","","","","","","","","","","","","","","","","","","","","","","","","","","","https://www.westendpower.com/new-models/toro-21621-21-in-stripe-60v-b-rwd-ss-leds-60ah-29369051b","","","","","","","","","","","","","","","","","","","","","","","","","0"
"21611T","Toro 21"" Stripe 60V Battery Walk-Behind Mower","T","0","T","0","TORO","Mowers","WALKBEHIND","T","T","T","Products","T","","449","Battery","Tool","","0","0","T","","","","","399","","Stripe","64","","Walk-Behind","60V Max Flex-Force","T","","","","","","","","","","","","","","","","","","","","","","","","","","","","","","","","","","","","","","","","","","","","","https://www.westendpower.com/new-models/toro-21611t-21-stripe-60v-b-push-ss-bare-tool-29369060b","","","","","","","","","","","","","","","","","","","","","","","","","0"
"21621T","Toro 21"" Stripe 60V Battery Walk-Behind Mower","T","0","T","0","TORO","Mowers","WALKBEHIND","T","T","T","Products","T","","599","Battery","Tool","","0","0","T","","","","","549","","Stripe","65","","Walk-Behind","60V Max Flex-Force","T","","","","","","","","","","","","","","","","","","","","","","","","","","","","","","","","","","","","","","","","","","","","","https://www.westendpower.com/new-models/toro-21621t-21-stripe-60v-b-rwd-ss-bare-tool-29369062b","","","","","","","","","","","","","","","","","","","","","","","","","0"
"21623T","Toro 21"" Stripe 60V Battery Walk-Behind Mower","T","0","T","0","TORO","Mowers","WALKBEHIND","T","T","T","Products","T","","699","Battery","Tool","","0","0","T","","","","","649","","Stripe","66","","Walk-Behind","60V Max Flex-Force","T","","","","","","","","","","","","","","","","","","","","","","","","","","","","","","","","","","","","","","","","","","","","","https://www.westendpower.com/new-models/toro-21623t-21-in-stripe-60v-b-rwd-ss-db-bare-tool-29369063b","","","","","","","","","","","","","","","","","","","","","","","","","0"
"21311","Toro 21"" Recycler Walk-Behind Mower","T","0","T","0","TORO","Mowers","WALKBEHIND","T","T","T","Products","T","","419","Gas","Tool","","0","0","T","","","","","399","","Recycler","69","","Walk-Behind","","T","","","","","","","","","","","","","","","","","","","","","","","","","","","","","","","","","","","","","","","","","","","","","https://www.westendpower.com/new-models/toro-21311-21-in-recycler-bs-140cc-push-29369065b","","","","","","","","","","","","","","","","","","","","","","","","","0"
"21321","Toro 21"" Recycler Walk-Behind Mower","T","0","T","0","TORO","Mowers","WALKBEHIND","T","T","T","Products","T","","459","Gas","Tool","","0","0","T","2026-09-24","2026-08-27","20","","439","","Recycler","70","","Walk-Behind","","T","","","","","","","","","","","","","","","","","","","","","","","","","","","","","","","","","","","","","","","","","","","","","https://www.westendpower.com/new-models/toro-21321-21-in-recycler-bs-140cc-rwd-29369066b","","","","","","","","","","","","","","","","","","","","","","","","","0"
"21442","Toro 22"" Recycler Walk-Behind Mower","T","0","T","0","TORO","Mowers","WALKBEHIND","T","T","T","Products","T","","489","Gas","Tool","","0","0","T","","","","","469","","Recycler","71","","Walk-Behind","","T","","","","","","","","","","","","","","","","","","","","","","","","","","","","","","","","","","","","","","","","","","","","","https://www.westendpower.com/new-models/toro-21442-21-in-recycler-bs-140cc-rwd-29369067b","","","","","","","","","","","","","","","","","","","","","","","","","0"
"21445","Toro 22"" Recycler Walk-Behind Mower","T","0","T","0","TORO","Mowers","WALKBEHIND","T","T","T","Products","T","","519","Gas","Tool","","0","0","T","","","","","499","","Recycler","72","","Walk-Behind","","T","","","","","","","","","","","","","","","","","","","","","","","","","","","","","","","","","","","","","","","","","","","","","https://www.westendpower.com/new-models/toro-21445-22-in-recycler-bs-150cc-fwd-vortex-ss-29369069b","","","","","","","","","","","","","","","","","","","","","","","","","0"
"21462","Toro 22"" Recycler Walk-Behind Mower","T","0","T","0","TORO","Mowers","WALKBEHIND","T","T","T","Products","T","","559","Gas","Tool","","0","0","T","","","","","539","","Recycler","73","","Walk-Behind","","T","","","","","","","","","","","","","","","","","","","","","","","","","","","","","","","","","","","","","","","","","","","","","https://www.westendpower.com/new-models/toro-21462-22-in-recycler-bs-163cc-rwd-pp-bod-v-29369070b","","","","","","","","","","","","","","","","","","","","","","","","","0"
"21465","Toro 22"" Recycler Walk-Behind Mower","T","0","T","0","TORO","Mowers","WALKBEHIND","T","T","T","Products","T","","559","Gas","Tool","","0","0","T","","","","","539","","Recycler","74","","Walk-Behind","","T","","","","","","","","","","","","","","","","","","","","","","","","","","","","","","","","","","","","","","","","","","","","","https://www.westendpower.com/new-models/toro-21465-22-in-recycler-bs-150cc-rwd-pp-bod-v-ss-29369073b","","","","","","","","","","","","","","","","","","","","","","","","","0"
"21485","Toro 22"" Recycler Walk-Behind Mower","T","0","T","0","TORO","Mowers","WALKBEHIND","T","T","T","Products","T","","619","Gas","Tool","","0","0","T","","","","","599","","Recycler","75","","Walk-Behind","","T","","","","","","","","","","","","","","","","","","","","","","","","","","","","","","","","","","","","","","","","","","","","","https://www.westendpower.com/new-models/toro-21485-22-in-recycler-max-bs-163cc-rwd-pp-v-29369130b","","","","","","","","","","","","","","","","","","","","","","","","","0"
"21486","Toro 22"" Recycler Walk-Behind Mower","T","0","T","0","TORO","Mowers","WALKBEHIND","T","T","T","Products","T","","729","Gas","Tool","","0","0","T","","","","","679","","Recycler","76","","Walk-Behind","","T","","","","","","","","","","","","","","","","","","","","","","","","","","","","","","","","","","","","","","","","","","","","","https://www.westendpower.com/new-models/toro-21486-22-in-recycler-max-bs-163cc-29396281b","","","","","","","","","","","","","","","","","","","","","","","","","0"
"21323","Toro 21"" Recycler 60V Walk-Behind Mower","T","0","T","0","TORO","Mowers","WALKBEHIND","T","T","T","Products","T","","499","Battery","Kit","","0","0","T","","","","","479","","Recycler","78","","Walk-Behind","60V Max Flex-Force","T","","","","","","","","","","","","","","","","","","","","","","","","","","","","","","","","","","","","","","","","","","","","","https://www.westendpower.com/new-models/toro-21323-21-in-recycler-60v-b-push-ss-40ah-29369132b","","","","","","","","","","","","","","","","","","","","","","","","","0"
"21327","Toro 21"" Recycler 60V Walk-Behind Mower","T","0","T","0","TORO","Mowers","WALKBEHIND","T","T","T","Products","T","","549","Battery","Kit","","0","0","T","","","","","519","","Recycler","79","","Walk-Behind","60V Max Flex-Force","T","","","","","","","","","","","","","","","","","","","","","","","","","","","","","","","","","","","","","","","","","","","","","https://www.westendpower.com/new-models/toro-21327-21-in-recycler-60v-battery-rwd-ss-60ah-29369134b","","","","","","","","","","","","","","","","","","","","","","","","","0"
"21467","Toro 22"" Recycler 60V Walk-Behind Mower","T","0","T","0","TORO","Mowers","WALKBEHIND","T","T","T","Products","T","","719","Battery","Kit","","0","0","T","","","","","669","","Recycler","80","","Walk-Behind","60V Max Flex-Force","T","","","","","","","","","","","","","","","","","","","","","","","","","","","","","","","","","","","","","","","","","","","","","https://www.westendpower.com/new-models/toro-21467-22-in-recycler-60v-b-pp-ss-leds-60ah-29369141b","","","","","","","","","","","","","","","","","","","","","","","","","0"
"21469","Toro 22"" Recycler 60V Walk-Behind Mower","T","0","T","0","TORO","Mowers","WALKBEHIND","T","T","T","Products","T","","729","Battery","Kit","","0","0","T","","","","","679","","Recycler","81","","Walk-Behind","60V Max Flex-Force","T","","","","","","","","","","","","","","","","","","","","","","","","","","","","","","","","","","","","","","","","","","","","","https://www.westendpower.com/new-models/toro-21469-22-in-recycler-60v-b-pp-ss-leds-80ah-29369142b","","","","","","","","","","","","","","","","","","","","","","","","","0"
"21323T","Toro 21"" Recycler 60V Walk-Behind Mower","T","0","T","0","TORO","Mowers","WALKBEHIND","T","T","T","Products","T","","399","Battery","Tool","","0","0","T","","","","","379","","Recycler","82","","Walk-Behind","60V Max Flex-Force","T","","","","","","","","","","","","","","","","","","","","","","","","","","","","","","","","","","","","","","","","","","","","","https://www.westendpower.com/new-models/toro-21323t-21-inrecycler-60v-battery-push-ss-29369143b","","","","","","","","","","","","","","","","","","","","","","","","","0"
"21326T","Toro 21"" Recycler 60V Walk-Behind Mower","T","0","T","0","TORO","Mowers","WALKBEHIND","T","T","T","Products","T","","469","Battery","Tool","","0","0","T","","","","","449","","Recycler","83","","Walk-Behind","60V Max Flex-Force","T","","","","","","","","","","","","","","","","","","","","","","","","","","","","","","","","","","","","","","","","","","","","","https://www.westendpower.com/new-models/toro-21326t-21-in-recycler-60v-battery-rwd-smartstow-29369144b","","","","","","","","","","","","","","","","","","","","","","","","","0"
"21356T","Toro 21"" Recycler 60V Walk-Behind Mower","T","0","T","0","TORO","Mowers","WALKBEHIND","T","T","T","Products","T","","469","Battery","Tool","","0","0","T","","","","","449","","Recycler","84","","Walk-Behind","60V Max Flex-Force","T","","","","","","","","","","","","","","","","","","","","","","","","","","","","","","","","","","","","","","","","","","","","","https://www.westendpower.com/new-models/toro-21356t-21-inrecycler-60v-battery-rwd-ss-29369145b","","","","","","","","","","","","","","","","","","","","","","","","","0"
"21467T","Toro 22"" Recycler 60V Walk-Behind Mower","T","0","T","0","TORO","Mowers","WALKBEHIND","T","T","T","Products","T","","619","Battery","Tool","","0","0","T","","","","","569","","Recycler","85","","Walk-Behind","60V Max Flex-Force","T","","","","","","","","","","","","","","","","","","","","","","","","","","","","","","","","","","","","","","","","","","","","","https://www.westendpower.com/new-models/toro-21467t-22-in-recycler-60v-battery-pp-ss-29369148b","","","","","","","","","","","","","","","","","","","","","","","","","0"
"21565","Toro 21"" Super Recycler Walk-Behind Mower","T","0","T","0","TORO","Mowers","WALKBEHIND","T","T","T","Products","T","","799","Gas","Tool","","0","0","T","","","","","749","","Super Recycler","88","","Walk-Behind","","T","","","","","","","","","","","","","","","","","","","","","","","","","","","","","","","","","","","","","","","","","","","","","https://www.westendpower.com/new-models/toro-21565-21-in-srecyclerbs163ccad-ppss-v-flexh-bw-29369150b","","","","","","","","","","","","","","","","","","","","","","","","","0"
"21564","Toro 21"" Super Recycler Walk-Behind Mower","T","0","T","0","TORO","Mowers","WALKBEHIND","T","T","T","Products","T","","899","Gas","Tool","","0","0","T","","","","","849","","Super Recycler","89","","Walk-Behind","","T","","","","","","","","","","","","","","","","","","","","","","","","","","","","","","","","","","","","","","","","","","","","","https://www.westendpower.com/new-models/toro-21564-21-in-srecyclerbs190cces-ad-ppss-v-fh-bw-29369154b","","","","","","","","","","","","","","","","","","","","","","","","","0"
"21568","Toro 21"" Super Recycler 60V Walk-Behind Mower","T","0","T","0","TORO","Mowers","WALKBEHIND","T","T","T","Products","T","","949","Battery","Kit","","0","0","T","","","","","899","","Super Recycler","91","","Walk-Behind","60V Max Flex-Force","T","","","","","","","","","","","","","","","","","","","","","","","","","","","","","","","","","","","","","","","","","","","","","https://www.westendpower.com/new-models/toro-21568-21-in-srecycler60vbad-ppss-fs-leds75ah-29369198b","","","","","","","","","","","","","","","","","","","","","","","","","0"
"21568T","Toro 21"" Super Recycler 60V Walk-Behind Mower","T","0","T","0","TORO","Mowers","WALKBEHIND","T","T","T","Products","T","","819","Battery","Tool","","0","0","T","","","","","769","","Super Recycler","92","","Walk-Behind","60V Max Flex-Force","T","","","","","","","","","","","","","","","","","","","","","","","","","","","","","","","","","","","","","","","","","","","","","https://www.westendpower.com/new-models/toro-21568t-21-in-srecycler60vb-ad-pp-ss-fh-leds-29369200b","","","","","","","","","","","","","","","","","","","","","","","","","0"
"21219","Toro 30"" TimeMaster Walk-Behind Mower","T","0","T","0","TORO","Mowers","WALKBEHIND","T","T","T","Products","T","","1799","Gas","Tool","","0","0","T","","","","","1699","","TimeMaster","95","","Walk-Behind","","T","","","","","","","","","","","","","","","","","","","","","","","","","","","","","","","","","","","","","","","","","","","","","https://www.westendpower.com/new-models/toro-21219-30-in-timemaster-bs-223cc-rwd-pp-bss-29369202b","","","","","","","","","","","","","","","","","","","","","","","","","0"
"21220","Toro 30"" TimeMaster Walk-Behind Mower","T","0","T","0","TORO","Mowers","WALKBEHIND","T","T","T","Products","T","","1899","Gas","Tool","","0","0","T","","","","","1799","","TimeMaster","96","","Walk-Behind","","T","","","","","","","","","","","","","","","","","","","","","","","","","","","","","","","","","","","","","","","","","","","","","https://www.westendpower.com/new-models/toro-21220-30-in-timemaster-bs-223cc-rwd-pp-bss-29369204b","","","","","","","","","","","","","","","","","","","","","","","","","0"
"21491","Toro 30"" eTimeMaster 60V Walk-Behind Mower","T","0","T","0","TORO","Mowers","WALKBEHIND","T","T","T","Products","T","","2499","Battery","Kit","","0","0","T","","","","","2399","","TimeMaster","98","","Walk-Behind","60V Max Flex-Force","T","","","","","","","","","","","","","","","","","","","","","","","","","","","","","","","","","","","","","","","","","","","","","https://www.westendpower.com/new-models/toro-21491-60v-max-30-in-100ah-batteries-included-29357443b","","","","","","","","","","","","","","","","","","","","","","","","","0"
"21491T","Toro 30"" eTimeMaster 60V Walk-Behind Mower","T","0","T","0","TORO","Mowers","WALKBEHIND","T","T","T","Products","T","","1999","Battery","Tool","","0","0","T","","","","","1899","","TimeMaster","99","","Walk-Behind","","T","","","","","","","","","","","","","","","","","","","","","","","","","","","","","","","","","","","","","","","","","","","","","https://www.westendpower.com/new-models/toro-21491t-30-in-etimemaster60vb-pp-ledsbaretool-29369214b","","","","","","","","","","","","","","","","","","","","","","","","","0"
"51480A","Toro 14"" Electric Trimmer","T","0","T","0","TORO","Trimmers","HANDHELD","T","T","T","PartsAccessories","T","","79.99","Electric","Tool","","0","0","T","","","","","79.99","","","103","","","","T","","","","","","","","","","","","","","","","","","","","","","","","","","","","","","","","","","","","","","","","","","","","","https://www.westendpower.com/new-models/toro-51480a-14-in-electric-trimmer-29369215b","","","","","","","","","","","","","","","","","","","","","","","","","0"
"51490","Toro 22"" Electric Hedge Trimmer","T","0","T","0","TORO","Hedge Trimmers","HANDHELD","T","T","T","PartsAccessories","T","","89.99","Electric","Tool","","0","0","T","","","","","89.99","","","105","","","","T","","","","","","","","","","","","","","","","","","","","","","","","","","","","","","","","","","","","","","","","","","","","","https://www.westendpower.com/new-models/toro-51490-22-in-electric-hedge-trimmer-29369217b","","","","","","","","","","","","","","","","","","","","","","","","","0"
"51585","Toro Power Sweep Blower","T","0","T","0","TORO","Blowers","HANDHELD","T","T","T","PartsAccessories","T","","69.99","Electric","Tool","","0","0","T","","","","","69.99","","","107","","","","T","","","","","","","","","","","","","","","","","","","","","","","","","","","","","","","","","","","","","","","","","","","","","https://www.westendpower.com/new-models/toro-51585-power-sweep-160-mph-155-cfm-electric-lb-29369219b","","","","","","","","","","","","","","","","","","","","","","","","","0"
"51624","Toro PowerJet F700 Blower","T","0","T","0","TORO","Blowers","HANDHELD","T","T","T","PartsAccessories","T","","89.99","Electric","Tool","","0","0","T","","","","","89.99","","","108","","","","T","","","","","","","","","","","","","","","","","","","","","","","","","","","","","","","","","","","","","","","","","","","","","https://www.westendpower.com/new-models/toro-51624-powerjet-f700-140-mph-725-cfm-electric-lb-29370421b","","","","","","","","","","","","","","","","","","","","","","","","","0"
"51618","Toro Super Blower / Vacuum / Mulcher","T","0","T","0","TORO","Blowers","HANDHELD","T","T","T","PartsAccessories","T","","74.99","Electric","Tool","","0","0","T","","","","","74.99","","","109","","","","T","","","","","","","","","","","","","","","","","","","","","","","","","","","","","","","","","","","","","","","","","","","","","https://www.westendpower.com/new-models/toro-51618-super-240-mph-270-cfm-bvm-limited-qty-29370423b","","","","","","","","","","","","","","","","","","","","","","","","","0"
"51619","Toro Ultra Blower / Vacuum / Mulcher","T","0","T","0","TORO","Blowers","HANDHELD","T","T","T","PartsAccessories","T","","99.99","Electric","Tool","","0","0","T","","","","","99.99","","","110","","","","T","","","","","","","","","","","","","","","","","","","","","","","","","","","","","","","","","","","","","","","","","","","","","https://www.westendpower.com/new-models/toro-51619-ultra-260-mph-340-cfm-electric-bvm-29370426b","","","","","","","","","","","","","","","","","","","","","","","","","0"
"51621","Toro UltraPlus Blower / Vacuum / Mulcher","T","0","T","0","TORO","Blowers","HANDHELD","T","T","T","PartsAccessories","T","","119.99","Electric","Tool","","0","0","T","","","","","119.99","","","111","","","","T","","","","","","","","","","","","","","","","","","","","","","","","","","","","","","","","","","","","","","","","","","","","","https://www.westendpower.com/new-models/toro-51621-ultraplus-260-mph-340-cfm-electric-bvm-29370428b","","","","","","","","","","","","","","","","","","","","","","","","","0"
"51837","Toro 60V Trimmer","T","0","T","0","TORO","Trimmers","HANDHELD","T","T","T","Products","T","","249.99","Battery","Kit","","0","0","T","","","","","249.99","","","113","","","60V Max Flex-Force","T","","","","","","","","","","","","","","","","","","","","","","","","","","","","","","","","","","","","","","","","","","","","","https://www.westendpower.com/new-models/toro-51837-60v-max1416-in-trimmer-aluminums-20ah-29370430b","","","","","","","","","","","","","","","","","","","","","","","","","0"
"51837T","Toro 60V Trimmer","T","0","T","0","TORO","Trimmers","HANDHELD","T","T","T","Products","T","","159.99","Battery","Tool","","0","0","T","","","","","159.99","","","114","","","60V Max Flex-Force","T","","","","","","","","","","","","","","","","","","","","","","","","","","","","","","","","","","","","","","","","","","","","","https://www.westendpower.com/new-models/toro-51837t-60v-max-1416-in-trimmer-aluminum-s-bt-29370433b","","","","","","","","","","","","","","","","","","","","","","","","","0"
"51838","Toro 60V Trimmer","T","0","T","0","TORO","Trimmers","HANDHELD","T","T","T","Products","T","","299.99","Battery","Kit","","0","0","T","","","","","299.99","","","115","","","60V Max Flex-Force","T","","","","","","","","","","","","","","","","","","","","","","","","","","","","","","","","","","","","","","","","","","","","","https://www.westendpower.com/new-models/toro-51838-60v-max-1517-in-trimmer-carbon-fs25ah-29370434b","","","","","","","","","","","","","","","","","","","","","","","","","0"
"51838T","Toro 60V Trimmer","T","0","T","0","TORO","Trimmers","HANDHELD","T","T","T","Products","T","","199.99","Battery","Tool","","0","0","T","","","","","199.99","","","116","","","60V Max Flex-Force","T","","","","","","","","","","","","","","","","","","","","","","","","","","","","","","","","","","","","","","","","","","","","","","","","","","","","","","","","","","","","","","","","","","","","","","0"
"51830","Toro 60V Trimmer","T","0","T","0","TORO","Trimmers","HANDHELD","T","T","T","Products","T","","239.99","Battery","Kit","","0","0","T","","","","","239.99","","","117","","","60V Max Flex-Force","T","","","","","","","","","","","","","","","","","","","","","","","","","","","","","","","","","","","","","","","","","","","","","https://www.westendpower.com/new-models/toro-51830-60v-max-1416-in-trimmer-25ah-ltd-q-29370437b","","","","","","","","","","","","","","","","","","","","","","","","","0"
"51830T","Toro 60V Trimmer","T","0","T","0","TORO","Trimmers","HANDHELD","T","T","T","Products","T","","159.99","Battery","Tool","","0","0","T","","","","","159.99","","","118","","","60V Max Flex-Force","T","","","","","","","","","","","","","","","","","","","","","","","","","","","","","","","","","","","","","","","","","","","","","https://www.westendpower.com/new-models/toro-51830t-60v-max-1416-in-trimmer-bt-ltd-qty-29370439b","","","","","","","","","","","","","","","","","","","","","","","","","0"
"51831","Toro 60V Trimmer","T","0","T","0","TORO","Trimmers","HANDHELD","T","T","T","Products","T","","199.99","Battery","Kit","","0","0","T","","","","","199.99","","","119","","","60V Max Flex-Force","T","","","","","","","","","","","","","","","","","","","","","","","","","","","","","","","","","","","","","","","","","","","","","https://www.westendpower.com/new-models/toro-51831-60v-max-1315-in-trimmer-20ah-ltd-q-29370441b","","","","","","","","","","","","","","","","","","","","","","","","","0"
"51831T","Toro 60V Trimmer","T","0","T","0","TORO","Trimmers","HANDHELD","T","T","T","Products","T","","139.99","Battery","Tool","","0","0","T","","","","","139.99","","","120","","","60V Max Flex-Force","T","","","","","","","","","","","","","","","","","","","","","","","","","","","","","","","","","","","","","","","","","","","","","https://www.westendpower.com/new-models/toro-51831t-60v-max-1315-in-trimmer-bt-ltd-qty-29370443b","","","","","","","","","","","","","","","","","","","","","","","","","0"
"51833","Toro 60V Stick Edger","T","0","T","0","TORO","Trimmers","HANDHELD","T","T","T","Products","T","","289.99","Battery","Kit","","0","0","T","","","","","289.99","","","121","","","60V Max Flex-Force","T","","","","","","","","","","","","","","","","","","","","","","","","","","","","","","","","","","","","","","","","","","","","","https://www.westendpower.com/new-models/toro-51833-60v-max-stick-edger-20ah-29370445b","","","","","","","","","","","","","","","","","","","","","","","","","0"
"51833T","Toro 60V Stick Edger","T","0","T","0","TORO","Trimmers","HANDHELD","T","T","T","Products","T","","229.99","Battery","Tool","","0","0","T","","","","","229.99","","","122","","","60V Max Flex-Force","T","","","","","","","","","","","","","","","","","","","","","","","","","","","","","","","","","","","","","","","","","","","","","https://www.westendpower.com/new-models/toro-51833t-60v-max-stick-edger-bt-29370449b","","","","","","","","","","","","","","","","","","","","","","","","","0"
"51826","Toro 60V Blower","T","0","T","0","TORO","Blowers","HANDHELD","T","T","T","Products","T","","289.99","Battery","Kit","","0","0","T","","","","","289.99","","","124","","","60V Max Flex-Force","T","","","","","","","","","","","","","","","","","","","","","","","","","","","","","","","","","","","","","","","","","","","","","https://www.westendpower.com/new-models/toro-51826-60v-max-750-cfm-blower-25ah-29370451b","","","","","","","","","","","","","","","","","","","","","","","","","0"
"51826T","Toro 60V Blower","T","0","T","0","TORO","Blowers","HANDHELD","T","T","T","Products","T","","249.99","Battery","Tool","","0","0","T","","","","","249.99","","","125","","","60V Max Flex-Force","T","","","","","","","","","","","","","","","","","","","","","","","","","","","","","","","","","","","","","","","","","","","","","https://www.westendpower.com/new-models/toro-51826t-60v-max-750-cfm-blower-bt-29370453b","","","","","","","","","","","","","","","","","","","","","","","","","0"
"51827","Toro 60V Blower","T","0","T","0","TORO","Blowers","HANDHELD","T","T","T","Products","T","","359.99","Battery","Kit","","0","0","T","2026-09-30","2026-09-01","70","","359.99","","","126","","","60V Max Flex-Force","T","","","","","","","","","","","","","","","","","","","","","","","","","","","","","","","","","","","","","","","","","","","","","https://www.westendpower.com/new-models/toro-51827-60v-max-900-cfm-blower-40ah-29370455b","","","","","","","","","","","","","","","","","","","","","","","","","0"
"51827T","Toro 60V Blower","T","0","T","0","TORO","Blowers","HANDHELD","T","T","T","Products","T","","319.99","Battery","Tool","","0","0","T","","","","","319.99","","","127","","","60V Max Flex-Force","T","","","","","","","","","","","","","","","","","","","","","","","","","","","","","","","","","","","","","","","","","","","","","https://www.westendpower.com/new-models/toro-51827t-60v-max-900-cfm-blower-bt-29370485b","","","","","","","","","","","","","","","","","","","","","","","","","0"
"51821","Toro 60V Blower","T","0","T","0","TORO","Blowers","HANDHELD","T","T","T","Products","T","","199.99","Battery","Kit","","0","0","T","","","","","199.99","","","128","","","60V Max Flex-Force","T","","","","","","","","","","","","","","","","","","","","","","","","","","","","","","","","","","","","","","","","","","","","","https://www.westendpower.com/new-models/toro-51821-60v-max-565-cfm-blower-20ah-29370486b","","","","","","","","","","","","","","","","","","","","","","","","","0"
"51820","Toro 60V Blower","T","0","T","0","TORO","Blowers","HANDHELD","T","T","T","Products","T","","239.99","Battery","Kit","","0","0","T","","","","","239.99","","","129","","","60V Max Flex-Force","T","","","","","","","","","","","","","","","","","","","","","","","","","","","","","","","","","","","","","","","","","","","","","https://www.westendpower.com/new-models/toro-51820-60v-max-605-cfm-blower-40ahlimited-q-29370490b","","","","","","","","","","","","","","","","","","","","","","","","","0"
"51820T","Toro 60V Blower","T","0","T","0","TORO","Blowers","HANDHELD","T","T","T","Products","T","","159.99","Battery","Tool","","0","0","T","","","","","159.99","","","130","","","60V Max Flex-Force","T","","","","","","","","","","","","","","","","","","","","","","","","","","","","","","","","","","","","","","","","","","","","","https://www.westendpower.com/new-models/toro-51820t-60v-max-605-cfm-blower-btlimited-qty-29370493b","","","","","","","","","","","","","","","","","","","","","","","","","0"
"51822","Toro 60V Blower","T","0","T","0","TORO","Blowers","HANDHELD","T","T","T","Products","T","","309.99","Battery","Kit","","0","0","T","","","","","309.99","","","131","","","60V Max Flex-Force","T","","","","","","","","","","","","","","","","","","","","","","","","","","","","","","","","","","","","","","","","","","","","","https://www.westendpower.com/new-models/toro-51822-60v-max-cordless-blower-40ahlimited-q-29370495b","","","","","","","","","","","","","","","","","","","","","","","","","0"
"51840","Toro 60V Hedge Trimmer","T","0","T","0","TORO","Hedge Trimmers","HANDHELD","T","T","T","Products","T","","239.99","Battery","Kit","","0","0","T","","","","","239.99","","","133","","","60V Max Flex-Force","T","","","","","","","","","","","","","","","","","","","","","","","","","","","","","","","","","","","","","","","","","","","","","https://www.westendpower.com/new-models/toro-51840-60v-max-24-in-hedge-trimmer-25ah-29370500b","","","","","","","","","","","","","","","","","","","","","","","","","0"
"51840T","Toro 60V Hedge Trimmer","T","0","T","0","TORO","Hedge Trimmers","HANDHELD","T","T","T","Products","T","","159.99","Battery","Tool","","0","0","T","","","","","159.99","","","134","","","60V Max Flex-Force","T","","","","","","","","","","","","","","","","","","","","","","","","","","","","","","","","","","","","","","","","","","","","","https://www.westendpower.com/new-models/toro-51840t-60v-max-24-in-hedge-trimmer-bt-29370503b","","","","","","","","","","","","","","","","","","","","","","","","","0"
"51841","Toro 60V Hedge Trimmer","T","0","T","0","TORO","Hedge Trimmers","HANDHELD","T","T","T","Products","T","","199.99","Battery","Kit","","0","0","T","","","","","199.99","","","135","","","60V Max Flex-Force","T","","","","","","","","","","","","","","","","","","","","","","","","","","","","","","","","","","","","","","","","","","","","","https://www.westendpower.com/new-models/toro-51841-60v-max-24-in-hedge-trimmer-20ahltdq-29370505b","","","","","","","","","","","","","","","","","","","","","","","","","0"
"51850","Toro 60V Chainsaw w/16"" Bar","T","0","T","0","TORO","Chainsaws","HANDHELD","T","T","T","Products","T","","299.99","Battery","Kit","","0","0","T","","","","","299.99","","","137","","","60V Max Flex-Force","T","","","","","","","","","","","","","","","","","","","","","","","","","","","","","","","","","","","","","","","","","","","","","https://www.westendpower.com/new-models/toro-51850-60v-max-16-in-chainsaw-25ah-29370507b","","","","","","","","","","","","","","","","","","","","","","","","","0"
"51850T","Toro 60V Chainsaw w/16"" Bar","T","0","T","0","TORO","Chainsaws","HANDHELD","T","T","T","Products","T","","239.99","Battery","Tool","","0","0","T","","","","","239.99","","","138","","","60V Max Flex-Force","T","","","","","","","","","","","","","","","","","","","","","","","","","","","","","","","","","","","","","","","","","","","","","https://www.westendpower.com/new-models/toro-51850t-60v-max-16-in-chainsaw-bt-29370509b","","","","","","","","","","","","","","","","","","","","","","","","","0"
"51851","Toro 60V Chainsaw w/16"" Bar","T","0","T","0","TORO","Chainsaws","HANDHELD","T","T","T","Products","T","","269.99","Battery","Kit","","0","0","T","","","","","269.99","","","139","","","60V Max Flex-Force","T","","","","","","","","","","","","","","","","","","","","","","","","","","","","","","","","","","","","","","","","","","","","","https://www.westendpower.com/new-models/toro-51851-60v-max-16-in-chainsaw-20ah-ltd-qty-29370512b","","","","","","","","","","","","","","","","","","","","","","","","","0"
"51870","Toro 60"" Pole Saw","T","0","T","0","TORO","Pole Saws","HANDHELD","T","T","T","Products","T","","289.99","Battery","Kit","","0","0","T","","","","","289.99","","","140","","","60V Max Flex-Force","T","","","","","","","","","","","","","","","","","","","","","","","","","","","","","","","","","","","","","","","","","","","","","https://www.westendpower.com/new-models/toro-51870-60v-max-10-in-pole-saw-20ah-29370517b","","","","","","","","","","","","","","","","","","","","","","","","","0"
"51870T","Toro 60"" Pole Saw","T","0","T","0","TORO","Pole Saws","HANDHELD","T","T","T","Products","T","","229.99","Battery","Tool","","0","0","T","","","","","229.99","","","141","","","60V Max Flex-Force","T","","","","","","","","","","","","","","","","","","","","","","","","","","","","","","","","","","","","","","","","","","","","","https://www.westendpower.com/new-models/toro-51870t-60v-max-10-in-pole-saw-bt-29370519b","","","","","","","","","","","","","","","","","","","","","","","","","0"
"51860T","Toro 60V Power Inverter","T","0","T","0","TORO","Inverters","HANDHELD","T","T","T","Products","T","","129.99","Battery","Tool","","0","0","T","","","","","129.99","","","143","","","60V Max Flex-Force","T","","","","","","","","","","","","","","","","","","","","","","","","","","","","","","","","","","","","","","","","","","","","","https://www.westendpower.com/new-models/toro-51860t-60v-max-330-watt-power-inverter-bt-29370522b","","","","","","","","","","","","","","","","","","","","","","","","","0"
"51881","Toro 60V Trimmer / Blower Combo Kit","T","0","T","0","TORO","Combo Kits","HANDHELD","T","T","T","Products","T","","299.99","Battery","Kit","","0","0","T","2026-09-30","2026-09-01","50","","299.99","","","144","","","60V Max Flex-Force","T","","","","","","","","","","","","","","","","","","","","","","","","","","","","","","","","","","","","","","","","","","","","","https://www.westendpower.com/new-models/toro-51881-60v-max-trimmer-blower-combo-kit-20ah-29370525b","","","","","","","","","","","","","","","","","","","","","","","","","0"
"51810T","Toro 60V Trimmer Power Head","T","0","T","0","TORO","Power Heads","HANDHELD","T","T","T","Products","T","","149.99","Battery","Tool","","0","0","T","","","","","149.99","","","146","","","60V Max Flex-Force","T","","","","","","","","","","","","","","","","","","","","","","","","","","","","","","","","","","","","","","","","","","","","","https://www.westendpower.com/new-models/toro-51810t-60v-max-attachment-capable-power-head-29370531b","","","","","","","","","","","","","","","","","","","","","","","","","0"
"51836","Toro 60V Trimmer Power Head","T","0","T","0","TORO","Power Heads","HANDHELD","T","T","T","Products","T","","259.99","Battery","Kit","","0","0","T","","","","","259.99","","","147","","","60V Max Flex-Force","T","","","","","","","","","","","","","","","","","","","","","","","","","","","","","","","","","","","","","","","","","","","","","https://www.westendpower.com/new-models/toro-51836-60v-max-attachment-capable-trimmer-25ah-29370535b","","","","","","","","","","","","","","","","","","","","","","","","","0"
"66100","Toro Revolution 60V Backpack Blower","T","0","T","0","TORO","Blowers","HANDHELD","T","T","T","Products","T","","449.99","","","","0","0","T","","","","","399.99","","","156","","","60V Max Flex-Force","T","","","","","","","","","","","","","","","","","","","","","","","","","","","","","","","","","","","","","","","","","","","","","https://www.westendpower.com/new-models/toro-66100-60v-pro-backpack-blower-bare-tool-29370548b","","","","","","","","","","","","","","","","","","","","","","","","","0"
"66110T","Toro Revolution 60V String Trimmer","T","0","T","0","TORO","Trimmers","HANDHELD","T","T","T","Products","T","","449.99","","","","0","0","T","","","","","399.99","","","157","","","60V Max Flex-Force","T","","","","","","","","","","","","","","","","","","","","","","","","","","","","","","","","","","","","","","","","","","","","","https://www.westendpower.com/new-models/toro-66110t-60v-pro-string-trimmer-bare-tool-29370553b","","","","","","","","","","","","","","","","","","","","","","","","","0"
"66120T","Toro Revolution 60V Hedge Trimmer","T","0","T","0","TORO","Hedge Trimmers","HANDHELD","T","T","T","Products","T","","449.99","","","","0","0","T","","","","","399.99","","","158","","","60V Max Flex-Force","T","","","","","","","","","","","","","","","","","","","","","","","","","","","","","","","","","","","","","","","","","","","","","https://www.westendpower.com/new-models/toro-66120t-60v-pro-hedge-trimmer-bare-tool-29370556b","","","","","","","","","","","","","","","","","","","","","","","","","0"
"66005","Toro Revolution 60V Powerlink Tether","T","0","T","0","TORO","Attachments","HANDHELD","T","T","T","Products","T","","219.99","","","","0","0","T","","","","","199.99","","","159","","","60V Max Flex-Force","T","","","","","","","","","","","","","","","","","","","","","","","","","","","","","","","","","","","","","","","","","","","","","https://www.westendpower.com/new-models/toro-66005-60v-pro-powerlink-tether-29370559b","","","","","","","","","","","","","","","","","","","","","","","","","0"
"66000T","Toro Revolution 60V PRO Backpack","T","0","T","0","TORO","Attachments","HANDHELD","T","T","T","Products","T","","349.99","","","","0","0","T","","","","","299.99","","","160","","","60V Max Flex-Force","T","","","","","","","","","","","","","","","","","","","","","","","","","","","","","","","","","","","","","","","","","","","","","https://www.westendpower.com/new-models/toro-66000t-60v-pro-backpack-bare-tool-29370564b","","","","","","","","","","","","","","","","","","","","","","","","","0"
"66100T","Toro Revolution 60V PRO Leaf Blower","T","0","T","0","TORO","Blowers","HANDHELD","T","T","T","Products","T","","279.99","","","","0","0","T","","","","","249.99","","","161","","","60V Max Flex-Force","T","","","","","","","","","","","","","","","","","","","","","","","","","","","","","","","","","","","","","","","","","","","","","https://www.westendpower.com/new-models/toro-66100t-60v-pro-leaf-blower-cannon-bare-tool-29370566b","","","","","","","","","","","","","","","","","","","","","","","","","0"
"76401","Toro TITAN - 48"" Zero-Turn Mower","F","0","T","0","TORO","Mowers","RIDING","T","T","T","Products","T","","6599","Gas","Tool","","0","0","T","","","","","5999","","TITAN","173","","Zero-Turns","TITAN","T","","","","","","","","","","","","","","","","","","","","Kawasaki","48","","","","","","","","","","","","","","","","","","","","","","","","","","","","","","","","","","","","","","","","","","","","","","","","","0"
"76501","Toro TITAN - 54"" Zero-Turn Mower","F","0","T","0","TORO","Mowers","RIDING","T","T","T","Products","T","","6699","Gas","Tool","","0","0","T","","","","","6099","","TITAN","175","","Zero-Turns","TITAN","T","","","","","","","","","","","","","","","","","","","","Kohler","54","","","","","","","","","","","","","","","","","","","","","","","","","","","","","","","","","","","","","","","","","","","","","","","","","0"
"76502","Toro TITAN - 54"" Zero-Turn Mower","T","0","T","0","TORO","Mowers","RIDING","T","T","T","Products","T","","6899","Gas","Tool","","0","0","T","","","","","6299","","TITAN","176","","Zero-Turns","TITAN","T","","","","","","","","","","","","","","","","","","","","Kawasaki","54","Engine","Kawasaki","Horsepower","23 hp / 726 cc","Transmission","HG-ZT2800","Mower Deck","54"" Fabricated","Cutting Height","1.5 - 5.0 in.","Blade Tip Speed","18,908 ft / min","Ground Speed","Up to 8.5 mph","Fuel Capacity","5.0 gallons","","","Weight","751 lbs / 340.6 kg","brands/toro/images/products/76502.jpg","","","https://www.westendpower.com/new-models/toro-76502-54-in-137-cm-titan-zero-turn-mower-29409837b","","","","","","","","","","","","","","","","","","","","","","","","","0"
"76604","Toro TITAN - 60"" Zero-Turn Mower","F","0","T","0","TORO","Mowers","RIDING","T","T","T","Products","T","","6799","Gas","Tool","","0","0","T","","","","","6199","","TITAN","178","","Zero-Turns","TITAN","T","","","","","","","","","","","","","","","","","","","","Kohler","60","","","","","","","","","","","","","","","","","","","","","","","","","","","","","","","","","","","","","","","","","","","","","","","","","0"
"76605","Toro TITAN - 60"" Zero-Turn Mower","T","0","T","0","TORO","Mowers","RIDING","T","T","T","Products","T","","6999","Gas","Tool","","0","0","T","","","","","6399","","TITAN","179","","Zero-Turns","TITAN","T","","","","","","","","","","","","","","","","","","","","Kawasaki","60","Engine","Kawasaki","Horsepower","24 hp / 726 cc","Transmission","HG-ZT2800","Mower Deck","60"" Fabricated","Cutting Height","1.5 - 5.0 in.","Blade Tip Speed","18,908 ft / min","Ground Speed","Up to 8.5 mph","Fuel Capacity","5.0 gallons","","","Weight","845 lbs / 383.3 kg","brands/toro/images/products/76605.jpg","","","https://www.westendpower.com/new-models/toro-76605-60-in-titan-fab-deck-24hp-kawasaki-29370630b","","","","","","","","","","","","","","","","","","","","","","","","","0"
"76411","Toro TITAN - 48"" Zero-Turn Mower","T","0","T","0","TORO","Mowers","RIDING","T","T","T","Products","T","","7899","Gas","Tool","","0","0","T","","","","","7199","","TITAN","174","","Zero-Turns","TITAN","T","","","","","","","","","","","","","","","","","","","","Kawasaki","48","Engine","Kawasaki","Horsepower","23 hp / 726 cc","Transmission","HG-ZT2800","Mower Deck","48"" Fabricated","Cutting Height","1.5 - 5.0 in.","Blade Tip Speed","18,908 ft / min","Ground Speed","Up to 8.5 mph","Fuel Capacity","5.0 gallons","Seat","MyRIDE","Weight","770 lbs / 349.3 kg","brands/toro/images/products/76411.jpg","","","https://www.westendpower.com/new-models/toro-76411-48-in-titan-fab-d-23hp-kawasaki-myride-29370632b","","","","","","","","","","","","","","","","","","","","","","","","","0"
"76511","Toro TITAN - 54"" Zero-Turn Mower","T","0","T","0","TORO","Mowers","RIDING","T","T","T","Products","T","","7799","Gas","Tool","","0","0","T","","","","","7099","","TITAN","177","","Zero-Turns","TITAN","T","","","","","","","","","","","","","","","","","","","","Kohler","54","Engine","Kohler","Horsepower","26 hp / 747 cc","Transmission","HG-ZT2800","Mower Deck","54"" Fabricated","Cutting Height","1.5 - 5.0 in.","Blade Tip Speed","18,908 ft / min","Ground Speed","Up to 8.5 mph","Fuel Capacity","5.0 gallons","Seat","MyRIDE","Weight","789 lbs / 359.9 kg","brands/toro/images/products/76511.jpg","","","https://www.westendpower.com/new-models/toro-76511-54-in-titan-fab-deck-26hp-kohler-myride-29370636b","","","","","","","","","","","","","","","","","","","","","","","","","0"
"76614","Toro TITAN - 60"" Zero-Turn Mower","T","0","T","0","TORO","Mowers","RIDING","T","T","T","Products","T","","7899","Gas","Tool","","0","0","T","","","","","7199","","TITAN","180","","Zero-Turns","TITAN","T","","","","","","","","","","","","","","","","","","","","Kohler","60","Engine","Kohler","Horsepower","26 hp / 747 cc","Transmission","HG-ZT2800","Mower Deck","60"" Fabricated","Cutting Height","1.5 - 5.0 in.","Blade Tip Speed","18,908 ft / min","Ground Speed","Up to 8.5 mph","Fuel Capacity","5.0 gallons","Seat","MyRIDE","Weight","799 lbs / 362.4 kg","brands/toro/images/products/76614.jpg","","","https://www.westendpower.com/new-models/toro-76614-60-in-titan-fab-deck-26hp-kohler-myride-29370638b","","","","","","","","","","","","","","","","","","","","","","","","","0"
"76606","Toro TITAN MAX - 60"" Zero-Turn Mower","T","0","T","0","TORO","Mowers","RIDING","T","T","T","Products","T","","8399","Gas","Tool","","0","0","T","","","","","7599","","TITAN MAX","182","","Zero-Turns","TITAN MAX","T","","","","","","","","","","","","","","","","","","","","Kohler","60","Engine","Kohler","Horsepower","26 hp / 747 cc","Transmission","HG-ZT3100","Mower Deck","60"" Fabricated","Cutting Height","1.5 - 5.0 in.","Blade Tip Speed","17,852 ft / min","Ground Speed","Up to 9.0 mph","Fuel Capacity","7.0 gallons","","","Weight","839 lbs / 380.6 kg","brands/toro/images/products/76606.jpg","","","https://www.westendpower.com/new-models/toro-76606-60-in-titan-max-fab-deck-26hp-kohler-29370641b","","","","","","","","","","","","","","","","","","","","","","","","","0"
"76609","Toro TITAN MAX - 60"" Zero-Turn Mower","T","0","T","0","TORO","Mowers","RIDING","T","T","T","Products","T","","9599","Gas","Tool","","0","0","T","","","","","8699","","TITAN MAX","183","","Zero-Turns","TITAN MAX","T","","","","","","","","","","","","","","","","","","","","Kawasaki","60","Engine","Kawasaki","Horsepower","24 hp / 726 cc","Transmission","HG-ZT3100","Mower Deck","60"" Fabricated","Cutting Height","1.5 - 5.0 in.","Blade Tip Speed","17,852 ft / min","Ground Speed","Up to 9.0 mph","Fuel Capacity","7.0 gallons","","","Weight","839 lbs / 380.6 kg","brands/toro/images/products/76609.jpg","","","https://www.westendpower.com/new-models/toro-76609-60-in-titan-max-fab-d-24hp-kawasaki-myr-29370649b","","","","","","","","","","","","","","","","","","","","","","","","","0"
"77301","Toro TimeCutter - 34"" Zero-Turn Mower","T","0","T","0","TORO","Mowers","RIDING","T","T","T","Products","T","","4099","Gas","Tool","","0","0","T","","","","","3699","","TimeCutter","185","","Zero-Turns","TimeCutter","T","","","","","","","","","","","","","","","","","","","","Briggs","34","Engine","Briggs & Stratton","Horsepower","22 hp / 724 cc","Transmission","HG-EZT2100","Mower Deck","34"" Fabricated","Cutting Height","1.5 - 4.5 in.","Blade Tip Speed","18,179 ft / min","Ground Speed","Up to 7.0 mph","Fuel Capacity","3.0 gallons","","","Weight","496 lbs / 225 kg","brands/toro/images/products/77301.jpg","","","https://www.westendpower.com/new-models/toro-77301-34-in-timecutter-fab-deck-22hp-bs-29370651b","","","","","","","","","","","","","","","","","","","","","","","","","0"
"75748","Toro TimeCutter - 42"" Zero-Turn Mower","T","0","T","0","TORO","Mowers","RIDING","T","T","T","Products","T","","3499","Gas","Tool","","0","0","T","","","","","3199","","TimeCutter","186","","Zero-Turns","TimeCutter","T","","","","","","","","","","","","","","","","","","","","Briggs","42","Engine","Briggs & Stratton","Horsepower","15.5 hp / 500 cc","Transmission","HG-ZT2100","Mower Deck","42"" Stamped","Cutting Height","1.5 - 4.5 in.","Blade Tip Speed","17,810 ft / min","Ground Speed","Up to 7.0 mph","Fuel Capacity","3.0 gallons","","","Weight","660 lbx / 299.4 kg","brands/toro/images/products/75748.jpg","","","https://www.westendpower.com/new-models/toro-75748-42-in-timecutter-stamped-deck-155hp-bs-29370654b","","","","","","","","","","","","","","","","","","","","","","","","","0"
"77401","Toro TimeCutter - 42"" Zero-Turn Mower","T","0","T","0","TORO","Mowers","RIDING","T","T","T","Products","T","","3799","Gas","Tool","","1.0","0","T","","","","","3499","","TimeCutter","187","","Zero-Turns","TimeCutter","T","","","","","","","","","","","","","","","","","","","","Briggs","42","Engine","Briggs & Stratton","Horsepower","22 hp / 724 cc","Transmission","HG-ZT2100","Mower Deck","42"" Stamped","Cutting Height","1.5 - 4.5 in.","Blade Tip Speed","17,810 ft / min","Ground Speed","Up to 7.0 mph","Fuel Capacity","3.0 gallons","","","Weight","493 lbs / 223.6 kg","brands/toro/images/products/77401.jpg","","","https://www.westendpower.com/new-models/toro-77401-42-in-timecutter-stamped-deck-22hp-bs-29370656b","","","","","","","","","","","","","","","","","","","","","","","","","0"
"77404","Toro TimeCutter - 42"" Zero-Turn Mower","T","0","T","0","TORO","Mowers","RIDING","T","T","T","Products","T","","4099","Gas","Tool","","1.0","0","T","","","","","3699","","TimeCutter","188","","Zero-Turns","TimeCutter","T","","","","","","","","","","","","","","","","","","","","Briggs","42","Engine","Briggs & Stratton","Horsepower","22 hp / 724 cc","Transmission","HG-EZT2100","Mower Deck","42"" Fabricated","Cutting Height","1.5 - 4.5 in.","Blade Tip Speed","17,860 ft / min","Ground Speed","Up to 7.0 mph","Fuel Capacity","3.0 gallons","","","Weight","527 lbs / 239 kg","brands/toro/images/products/77404.jpg","","","https://www.westendpower.com/new-models/toro-77404-42-in-timecutter-fab-d-22hp-bs-29370657b","","","","","","","","","","","","","","","","","","","","","","","","","0"
"75747","Toro TimeCutter - 42"" Zero-Turn Mower","T","0","T","0","TORO","Mowers","RIDING","T","T","T","Products","T","","4899","Gas","Tool","","0","0","T","","","","","4499","","TimeCutter","189","","Zero-Turns","TimeCutter","T","","","","","","","","","","","","","","","","","","","","Kohler","42","Engine","Kohler","Horsepower","22 hp / 725 cc","Transmission","HG-ZT2100","Mower Deck","42"" Fabricated","Cutting Height","1.5 - 4.5 in.","Blade Tip Speed","17,810 ft / min","Ground Speed","Up to 7.0 mph","Fuel Capacity","3.0 gallons","Seat","MyRIDE","Weight","589 lbs / 267.2 kg","brands/toro/images/products/75747.jpg","","","https://www.westendpower.com/new-models/toro-75747-42-in-timecutter-fab-d-22hp-kohler-myride-29370658b","","","","","","","","","","","","","","","","","","","","","","","","","0"
"77505","Toro TimeCutter MAX - 50"" Zero-Turn Mower","T","0","T","0","TORO","Mowers","RIDING","T","T","T","Products","T","","4399","Gas","Tool","","0","0","T","","","","","3999","","TimeCutter Max","191","","Zero-Turns","TimeCutter Max","T","","","","","","","","","","","","","","","","","","","","Briggs","50","Engine","Briggs & Stratton","Horsepower","22 hp / 724 cc","Transmission","HG-EZT2200","Mower Deck","50"" Fabricated","Cutting Height","1.5 - 5.0 in.","Blade Tip Speed","17,600 ft / min","Ground Speed","Up to 7.0 mph","Fuel Capacity","5.0 gallons","","","Weight","644 lbs / 292.1 kg","brands/toro/images/products/77505.jpg","","","https://www.westendpower.com/new-models/toro-77505-50-in-timecutter-max-fabd-22hp-bs-29370660b","","","","","","","","","","","","","","","","","","","","","","","","","0"
"77501","Toro TimeCutter MAX - 50"" Zero-Turn Mower","T","0","T","0","TORO","Mowers","RIDING","T","T","T","Products","T","","4599","Gas","Tool","","4.0","0","T","","","","","4199","","TimeCutter Max","192","","Zero-Turns","TimeCutter Max","T","","","","","","","","","","","","","","","","","","","","Kawasaki","50","Engine","Kawasaki","Horsepower","23 hp / 726 cc","Transmission","HG-EZT2200","Mower Deck","50"" Fabricated","Cutting Height","1.5 - 5.0 in.","Blade Tip Speed","17,600 ft / min","Ground Speed","Up to 7.0 mph","Fuel Capacity","5.0 gallons","","","Weight","644 lbs / 292.1 kg","brands/toro/images/products/77501.jpg","","","https://www.westendpower.com/new-models/toro-77501-50-in-timecutter-max-fabd-23hp-kawasaki-29370662b","","","","","","","","","","","","","","","","","","","","","","","","","0"
"77504","Toro TimeCutter MAX - 54"" Zero-Turn Mower","T","0","T","0","TORO","Mowers","RIDING","T","T","T","Products","T","","4699","Gas","Tool","","0","0","T","","","","","4299","","TimeCutter Max","194","","Zero-Turns","TimeCutter Max","T","","","","","","","","","","","","","","","","","","","","Kawasaki","54","Engine","Kawasaki","Horsepower","23 hp / 726 cc","Transmission","HG-EZT2200","Mower Deck","54"" Fabricated","Cutting Height","1.5 - 5.0 in.","Blade Tip Speed","17,700 ft / min","Ground Speed","Up to 7.0 mph","Fuel Capacity","5.0 gallons","","","Weight","653 lbs / 296.2 kg","brands/toro/images/products/77504.jpg","","","https://www.westendpower.com/new-models/toro-77504-54-in-timecutter-max-fabd-23hp-kawasaki-29370664b","","","","","","","","","","","","","","","","","","","","","","","","","0"
"77506","Toro TimeCutter MAX - 54"" Zero-Turn Mower","T","0","T","0","TORO","Mowers","RIDING","T","T","T","Products","T","","4699","Gas","Tool","","0","0","T","","","","","4299","","TimeCutter Max","195","","Zero-Turns","TimeCutter Max","T","","","","","","","","","","","","","","","","","","","","Kawasaki","54","Engine","Kawasaki","Horsepower","23 hp / 726 cc","Transmission","HG-EZT2200","Mower Deck","54"" Fabricated","Cutting Height","1.5 - 5.0 in.","Blade Tip Speed","17,700 ft / min","Ground Speed","Up to 7.0 mph","Fuel Capacity","5.0 gallons","","","Weight","653 lbs / 296.2 kg","brands/toro/images/products/77506.jpg","","","https://www.westendpower.com/new-models/toro-77506-54-in-timecutter-max-fabd-23hp-kawasaki-h-29370666b","","","","","","","","","","","","","","","","","","","","","","","","","0"
"77601","Toro TimeCutter MAX - 60"" Zero-Turn Mower","T","0","T","0","TORO","Mowers","RIDING","T","T","T","Products","T","","5599","Gas","Tool","","0","0","T","","","","","5099","","TimeCutter Max","198","","Zero-Turns","TimeCutter Max","T","","","","","","","","","","","","","","","","","","","","Kawasaki","60","Engine","Kawasaki","Horsepower","23 hp / 726 cc","Transmission","HG-ZT2800","Mower Deck","60"" Fabricated","Cutting Height","1.5 - 5.0 in.","Blade Tip Speed","18,500 ft / min","Ground Speed","Up to 7.0 mph","Fuel Capacity","5.0 gallons","","","Weight","668 lbs / 303 kg","brands/toro/images/products/77601.jpg","","","https://www.westendpower.com/new-models/toro-77601-60-in-timecutter-max-fabd-23hp-kawasaki-29370669b","","","","","","","","","","","","","","","","","","","","","","","","","0"
"77502","Toro TimeCutter MAX - 50"" Zero-Turn Mower","T","0","T","0","TORO","Mowers","RIDING","T","T","T","Products","T","","5399","Gas","Tool","","0","0","T","","","","","4899","","TimeCutter Max","193","","Zero-Turns","TimeCutter Max","T","","","","","","","","","","","","","","","","","","","","Kawasaki","50","Engine","Kawasaki","Horsepower","23 hp / 726 cc","Transmission","HG-EZT2200","Mower Deck","50"" Fabricated","Cutting Height","1.5 - 5.0 in.","Blade Tip Speed","17,600 ft / min","Ground Speed","Up to 7.0 mph","Fuel Capacity","5.0 gallons","Seat","MyRIDE","Weight","684 lbs / 310.3 kg","brands/toro/images/products/77502.jpg","","","https://www.westendpower.com/new-models/toro-77502-50-in-timecutter-maxfabd-23hp-kawasaki-m-29370672b","","","","","","","","","","","","","","","","","","","","","","","","","0"
"77503","Toro TimeCutter MAX - 54"" Zero-Turn Mower","T","0","T","0","TORO","Mowers","RIDING","T","T","T","Products","T","","5499","Gas","Tool","","0","0","T","","","","","4999","","TimeCutter Max","196","","Zero-Turns","TimeCutter Max","T","","","","","","","","","","","","","","","","","","","","Kawasaki","54","Engine","Kawasaki","Horsepower","23 hp / 726 cc","Transmission","HG-EZT2200","Mower Deck","54"" Fabricated","Cutting Height","1.5 - 5.0 in.","Blade Tip Speed","17,700 ft / min","Ground Speed","Up to 7.0 mph","Fuel Capacity","5.0 gallons","Seat","MyRIDE","Weight","684 lbs / 310.3 kg","brands/toro/images/products/77503.jpg","","","https://www.westendpower.com/new-models/toro-77503-54-in-timecutter-max-fabd-23hp-k-myride-29370675b","","","","","","","","","","","","","","","","","","","","","","","","","0"
"77507","Toro TimeCutter MAX - 54"" Zero-Turn Mower","T","0","T","0","TORO","Mowers","RIDING","T","T","T","Products","T","","5499","Gas","Tool","","0","0","T","","","","","4999","","TimeCutter Max","197","","Zero-Turns","TimeCutter Max","T","","","","","","","","","","","","","","","","","","","","Kawasaki","54","Engine","Kawasaki","Horsepower","23 hp / 726 cc","Transmission","HG-EZT2200","Mower Deck","54"" Fabricated","Cutting Height","1.5 - 5.0 in.","Blade Tip Speed","17,700 ft / min","Ground Speed","Up to 7.0 mph","Fuel Capacity","5.0 gallons","Seat","MyRIDE","Weight","684 lbs / 310.3 kg","brands/toro/images/products/77507.jpg","","","https://www.westendpower.com/new-models/toro-77507-54-in-timecutter-maxfabd-23hp-k-m-h-29370703b","","","","","","","","","","","","","","","","","","","","","","","","","0"
"77602","Toro TimeCutter MAX - 60"" Zero-Turn Mower","T","0","T","0","TORO","Mowers","RIDING","T","T","T","Products","T","","5899","Gas","Tool","","0","0","T","","","","","5399","","TimeCutter Max","199","","Zero-Turns","TimeCutter Max","T","","","","","","","","","","","","","","","","","","","","Kohler","60","Engine","Kohler","Horsepower","24 hp / 725 cc","Transmission","HG-ZT2800","Mower Deck","60"" Fabricated","Cutting Height","1.5 - 5.0 in.","Blade Tip Speed","18,500 ft / min","Ground Speed","Up to 7.0 mph","Fuel Capacity","5.0 gallons","Seat","MyRIDE","Weight","702 lbs / 318.4 kg","","","","","","","","","","","","","","","","","","","","","","","","","","","","","0"
"77603","Toro TimeCutter MAX - 60"" Zero-Turn Mower","T","0","T","0","TORO","Mowers","RIDING","T","T","T","Products","T","","6399","Gas","Tool","","0","0","T","","","","","5799","","TimeCutter Max","200","","Zero-Turns","TimeCutter Max","T","","","","","","","","","","","","","","","","","","","","Kawasaki","60","Engine","Kawasaki","Horsepower","23 hp / 726 cc","Transmission","HG-ZT2800","Mower Deck","60"" Fabricated","Cutting Height","1.5 - 5.0 in.","Blade Tip Speed","18,500 ft / min","Ground Speed","Up to 7.0 mph","Fuel Capacity","5.0 gallons","Seat","MyRIDE","Weight","704 lbs / 319.3 kg","brands/toro/images/products/77603.jpg","","","https://www.westendpower.com/new-models/toro-77603-60-in-timecutter-maxfabd-23hp-k-m-h-29370710b","","","","","","","","","","","","","","","","","","","","","","","","","0"
"75841","Toro eTimeCutter 60V - 42"" Zero-Turn Mower","T","0","T","0","TORO","Mowers","RIDING","T","T","T","Products","T","","7099","Battery","Kit","","0","0","T","","","","","6499","","eTimeCutter","202","","Zero-Turns","eTimeCutter","T","","","","","","","","","","","","","","","","","","","","","42","","","","","","","","","","","","","","","","","","","","","brands/toro/images/products/75841.jpg","","","https://www.westendpower.com/new-models/toro-75841-42-in-etimecutter-fab-deck-4-x-10ah-29370713b","","","","","","","","","","","","","","","","","","","","","","","","","0"
"75851","Toro eTimeCutter 60V - 54"" Zero-Turn Mower","T","0","T","0","TORO","Mowers","RIDING","T","T","T","Products","T","","8799","Battery","Kit","","0","0","T","","","","","7999","","eTimeCutter","203","","Zero-Turns","eTimeCutter","T","","","","","","","","","","","","","","","","","","","","","54","","","","","","","","","","","","","","","","","","","","","brands/toro/images/products/75851.jpg","","","https://www.westendpower.com/new-models/toro-75851-54-in-etimecutter-fabd-x-10ah-x-4ah-m-29370715b","","","","","","","","","","","","","","","","","","","","","","","","","0"
"22215","Toro TurfMaster - 30"" Walk-Behind Mower","T","0","T","0","TORO","Mowers","WALKBEHIND","T","T","T","Products","T","","3110","Gas","","","0","0","T","","","","","2799","","TurfMaster","213","","Walk-Behind / Commercial","TurfMaster","T","","","","","","","","","","","","","","","","","","","","Kawasaki","30","","","","","","","","","","","","","","","","","","","","","brands/toro/images/products/22215.jpg","","","https://www.westendpower.com/new-models/toro-22215-30-in-turfmasterhdx-fj180vkawsp-bbcltdq-29371231b","","","","","","","","","","","","","","","","","","","","","","","","","0"
"22217","Toro TurfMaster - 30"" Walk-Behind Mower","T","0","T","0","TORO","Mowers","WALKBEHIND","T","T","T","Products","T","","3221","Gas","","","0","0","T","","","","","2899","","TurfMaster","214","","Walk-Behind / Commercial","TurfMaster","T","","","","","","","","","","","","","","","","","","","","Kawasaki","30","","","","","","","","","","","","","","","","","","","","","","","","https://www.westendpower.com/new-models/toro-22217-30-in-turfmaster-hdx-29396358b","","","","","","","","","","","","","","","","","","","","","","","","","0"
"22225","Toro TurfMaster - 30"" Walk-Behind Mower","T","0","T","0","TORO","Mowers","WALKBEHIND","T","T","T","Products","T","","3277","Gas","","","0","0","T","","","","","2949","","TurfMaster","209","","Walk-Behind / Commercial","TurfMaster","T","","","","","","","","","","","","","","","","","","","","Kohler","30","","","","","","","","","","","","","","","","","","","","","brands/toro/images/products/22225.jpg","","","https://www.westendpower.com/new-models/toro-22225-30-in-turfmasterhdx-cv200kohsp-bbcltd-q-29371238b","","","","","","","","","","","","","","","","","","","","","","","","","0"
"22235","Toro TurfMaster - 30"" Walk-Behind Mower","T","0","T","0","TORO","Mowers","WALKBEHIND","T","T","T","Products","T","","3443","Gas","","","0","0","T","","","","","3099","","TurfMaster","210","","Walk-Behind / Commercial","TurfMaster","T","","","","","","","","","","","","","","","","","","","","Kohler","30","","","","","","","","","","","","","","","","","","","","","brands/toro/images/products/22235.jpg","","","https://www.westendpower.com/new-models/toro-22235-30-in-turfmaster-hdx-cv224-koh-sp-bbc-29371241b","","","","","","","","","","","","","","","","","","","","","","","","","0"
"22236","Toro TurfMaster - 30"" Walk-Behind Mower","T","0","T","0","TORO","Mowers","WALKBEHIND","T","T","T","Products","T","","3666","Gas","","","0","0","T","","","","","3299","","TurfMaster","212","","Walk-Behind / Commercial","TurfMaster","T","","","","","","","","","","","","","","","","","","","","Kohler","30","","","","","","","","","","","","","","","","","","","","","brands/toro/images/products/22236.jpg","","","https://www.westendpower.com/new-models/toro-22236-30-in-turfmaster-hdx-cv224-koh-sp-cw-bbc-29371244b","","","","","","","","","","","","","","","","","","","","","","","","","0"
"22232","Toro TurfMaster 60V - 30"" Walk-Behind Mower","T","0","T","0","TORO","Mowers","WALKBEHIND","T","T","T","Products","T","","4443","Battery","","","0","0","T","","","","","3999","","TurfMaster","208","","Walk-Behind / Commercial","TurfMaster","T","","","","","","","","","","","","","","","","","","","","","","","","","","","","","","","","","","","","","","","","","","brands/toro/images/products/22232.jpg","","","https://www.westendpower.com/new-models/toro-22232-30-in-60v-turfmaster-hdx-sp-zone-start-29371247b","","","","","","","","","","","","","","","","","","","","","","","","","0"
"22232T","Toro TurfMaster 60V - 30"" Walk-Behind Mower","T","0","T","0","TORO","Mowers","WALKBEHIND","T","T","T","Products","T","","3221","Battery","","","0","0","T","","","","","2899","","TurfMaster","207","","Walk-Behind / Commercial","TurfMaster","T","","","","","","","","","","","","","","","","","","","","","","","","","","","","","","","","","","","","","","","","","","brands/toro/images/products/22232t.jpg","","","https://www.westendpower.com/new-models/toro-22232t-30-in-60v-turfmasterhdx-sp-zsbare-tool-29371248b","","","","","","","","","","","","","","","","","","","","","","","","","0"
"22237","Toro TurfMaster - 30"" Walk-Behind Mower","T","0","T","0","TORO","Mowers","WALKBEHIND","T","T","T","Products","T","","3443","Gas","","","0","0","T","","","","","3099","","TurfMaster","211","","Walk-Behind / Commercial","TurfMaster","T","","","","","","","","","","","","","","","","","","","","Kohler","30","","","","","","","","","","","","","","","","","","","","","","","","https://www.westendpower.com/new-models/toro-22237-30-in-76-cm-turfmaster-hdx-29396361b","","","","","","","","","","","","","","","","","","","","","","","","","0"
"22287","Toro 21"" Commercial Walk-Behind Mower","T","0","T","0","TORO","Mowers","WALKBEHIND","T","T","T","Products","T","","1888","Gas","","","0","0","T","","","","","1699","","Commercial","219","","Walk-Behind / Commercial","","T","","","","","","","","","","","","","","","","","","","","Kohler","21","","","","","","","","","","","","","","","","","","","","","brands/toro/images/products/22287.jpg","","","https://www.westendpower.com/new-models/toro-22287-21-in-heavy-duty-cv173kohler-vs-2-bail-zs-29371254b","","","","","","","","","","","","","","","","","","","","","","","","","0"
"22297","Toro 21"" Commercial Walk-Behind Mower","T","0","T","0","TORO","Mowers","WALKBEHIND","T","T","T","Products","T","","2166","Gas","","","0","0","T","","","","","1949","","Commercial","220","","Walk-Behind / Commercial","","T","","","","","","","","","","","","","","","","","","","","Kawasaki","21","","","","","","","","","","","","","","","","","","","","","brands/toro/images/products/22297.jpg","","","https://www.westendpower.com/new-models/toro-22297-21-in-heavy-duty-fj180v-k-fj180v-3-s-zs-29371284b","","","","","","","","","","","","","","","","","","","","","","","","","0"
"22298","Toro 21"" Commercial Walk-Behind Mower","T","0","T","0","TORO","Mowers","WALKBEHIND","T","T","T","Products","T","","2221","Gas","","","0","0","T","","","","","1999","","Commercial","221","","Walk-Behind / Commercial","","T","","","","","","","","","","","","","","","","","","","","Kawasaki","21","","","","","","","","","","","","","","","","","","","","","brands/toro/images/products/22298.JPG","","","https://www.westendpower.com/new-models/toro-22298-21-in-heavy-duty-fj180v-k-3-s-2-b-bbc-29371287b","","","","","","","","","","","","","","","","","","","","","","","","","0"
"22295","Toro 21"" Commercial Walk-Behind Mower","T","0","T","0","TORO","Mowers","WALKBEHIND","T","T","T","Products","T","","2221","Gas","","","0","0","T","","","","","1999","","Commercial","222","","Walk-Behind / Commercial","","T","","","","","","","","","","","","","","","","","","","","Honda","21","","","","","","","","","","","","","","","","","","","","","brands/toro/images/products/22295.JPG","","","https://www.westendpower.com/new-models/toro-22295-21-in-heavy-duty-gxv160-honda-3-s-zs-29371288b","","","","","","","","","","","","","","","","","","","","","","","","","0"
"22296","Toro 21"" Commercial Walk-Behind Mower","T","0","T","0","TORO","Mowers","WALKBEHIND","T","T","T","Products","T","","2388","Gas","","","0","0","T","","","","","2149","","Commercial","223","","Walk-Behind / Commercial","","T","","","","","","","","","","","","","","","","","","","","Honda","21","","","","","","","","","","","","","","","","","","","","","brands/toro/images/products/22296.jpg","","","https://www.westendpower.com/new-models/toro-22296-21-in-heavy-duty-gxv160-honda-3-s-2-b-bbc-29371290b","","","","","","","","","","","","","","","","","","","","","","","","","0"
"22282","Toro 21"" 60V Commercial Walk-Behind Mower","T","0","T","0","TORO","Mowers","WALKBEHIND","T","T","T","Products","T","","2110","Battery","","","0","0","T","","","","","1899","","Commercial","217","","Walk-Behind / Commercial","","T","","","","","","","","","","","","","","","","","","","","","","","","","","","","","","","","","","","","","","","","","","brands/toro/images/products/22282.jpg","","","https://www.westendpower.com/new-models/toro-22282-21-in-heavyduty-60vvs2-bzs-75ah-2-yrwarr-29371292b","","","","","","","","","","","","","","","","","","","","","","","","","0"
"22284","Toro 21"" 60V Commercial Walk-Behind Mower","T","0","T","0","TORO","Mowers","WALKBEHIND","T","T","T","Products","T","","2166","Battery","","","0","0","T","","","","","1949","","Commercial","218","","Walk-Behind / Commercial","","T","","","","","","","","","","","","","","","","","","","","","","","","","","","","","","","","","","","","","","","","","","brands/toro/images/products/22284.jpg","","","https://www.westendpower.com/new-models/toro-22284-21-in-heavy-duty-60vvs2-bzs-10ah-2-yrwarr-29371295b","","","","","","","","","","","","","","","","","","","","","","","","","0"
"22282T","Toro 21"" 60V Commercial Walk-Behind Mower","T","0","T","0","TORO","Mowers","WALKBEHIND","T","T","T","Products","T","","1666","Battery","","","0","0","T","","","","","1499","","Commercial","216","","Walk-Behind / Commercial","","T","","","","","","","","","","","","","","","","","","","","","","","","","","","","","","","","","","","","","","","","","","","","","","","","","","","","","","","","","","","","","","","","","","","","","","0"
"44460BOT","Toro PROLINE - 60"" Autonomous Mower","T","0","T","0","TORO","Mowers","RIDING","T","T","T","Products","T","","66666","Gas","","","0","0","T","","","","","59999","","ProLine","226","","Walk-Behind / Commercial","PROLINE","T","","","","","","","","","","","","","","","","","","","","Kohler","60","","","","","","","","","","","","","","","","","","","","","brands/toro/images/products/44460BOT.jpg","","","https://www.westendpower.com/new-models/toro-44460bot-60-in-autonomous-proline-265-koh-efi-29371299b","","","","","","","","","","","","","","","","","","","","","","","","","0"
"44410","Toro PROLINE - 36"" Walk-Behind Mower","T","0","T","0","TORO","Mowers","LARGEWB","T","T","T","Products","T","","8110","Gas","","","0","0","T","","","","","7299","","ProLine","228","","Walk-Behind / Commercial","PROLINE","T","","","","","","","","","","","","","","","","","","","","Kawasaki","36","Engine","Kawasaki","Horsepower","14.5 hp / 603 cc","Transmission","ZT-2800","Mower Deck","36"" Fabricated","Cutting Height","1.5 - 4.5 in.","Blade Tip Speed","18,500 ft / min","Ground Speed","Up to 7.0 mph","Fuel Capacity","5.0 gallons","","","Weight","595 lbs / 269.9 kg","brands/toro/images/products/44410.jpg","","","https://www.westendpower.com/new-models/toro-44410-36-in-proline-sphoc-fd-145hp-kawasaki-fs-29371300b","","","","","","","","","","","","","","","","","","","","","","","","","0"
"44424","Toro PROLINE - 48"" Walk-Behind Mower","T","0","T","0","TORO","Mowers","LARGEWB","T","T","T","Products","T","","8777","Gas","","","0","0","T","","","","","7899","","ProLine","229","","Walk-Behind / Commercial","PROLINE","T","","","","","","","","","","","","","","","","","","","","Kawasaki","48","Engine","Kawasaki","Horsepower","15 hp / 603 cc","Transmission","ZT-2800","Mower Deck","48"" Fabricated","Cutting Height","1.5 - 4.5 in.","Blade Tip Speed","18,500 ft / min","Ground Speed","Up to 7.0 mph","Fuel Capacity","5.0 gallons","","","Weight","654 lbs / 396.6 kg","brands/toro/images/products/44424.jpg","","","https://www.westendpower.com/new-models/toro-44424-48-in-proline-sphoc-fd-15-hp-kawasaki-fs-29371301b","","","","","","","","","","","","","","","","","","","","","","","","","0"
"44427","Toro PROLINE - 54"" Walk-Behind Mower","T","0","T","0","TORO","Mowers","LARGEWB","T","T","T","Products","T","","9554","Gas","","","0","0","T","","","","","8599","","ProLine","230","","Walk-Behind / Commercial","PROLINE","T","","","","","","","","","","","","","","","","","","","","Kawasaki","54","Engine","Kawasaki","Horsepower","18.5 hp / 603 cc","Transmission","ZT-2800","Mower Deck","54"" Fabricated","Cutting Height","1.5 - 4.5 in.","Blade Tip Speed","18,500 ft / min","Ground Speed","Up to 7.0 mph","Fuel Capacity","5.0 gallons","","","Weight","673 lbs / 305.3 kg","brands/toro/images/products/44427.jpg","","","https://www.westendpower.com/new-models/toro-44427-54-in-proline-sphoc-fd-185hp-kawasaki-fs-29371303b","","","","","","","","","","","","","","","","","","","","","","","","","0"
"44430","Toro PROLINE - 60"" Walk-Behind Mower","T","0","T","0","TORO","Mowers","LARGEWB","T","T","T","Products","T","","9777","Gas","","","0","0","T","","","","","8799","","ProLine","231","","Walk-Behind / Commercial","PROLINE","T","","","","","","","","","","","","","","","","","","","","Kawasaki","60","Engine","Kawasaki","Horsepower","22 hp / 726 cc","Transmission","ZT-2800","Mower Deck","60"" Fabricated","Cutting Height","1.5 - 4.5 in.","Blade Tip Speed","18,500 ft / min","Ground Speed","Up to 7.0 mph","Fuel Capacity","5.0 gallons","","","Weight","704 lbs / 319.3 kg","brands/toro/images/products/44430.jpg","","","https://www.westendpower.com/new-models/toro-44430-60-in-proline-sphoc-fd-22-hp-kawasaki-fs-29371304b","","","","","","","","","","","","","","","","","","","","","","","","","0"
"44436","Toro PROLINE HDX - 36"" Walk-Behind Mower","T","0","T","0","TORO","Mowers","LARGEWB","T","T","T","Products","T","","10443","Gas","","","0","0","T","","","","","9399","","ProLine","232","","Walk-Behind / Commercial","PROLINE","T","","","","","","","","","","","","","","","","","","","","Kawasaki","36","Engine","Kawasaki","Horsepower","15.5 hp / 726 cc","Transmission","ZT-3100","Mower Deck","36"" Fabricated","Cutting Height","1.5 - 4.5 in.","Blade Tip Speed","18,500 ft / min","Ground Speed","Up to 7.0 mph","Fuel Capacity","5.0 gallons","","","Weight","595 lbs / 269.9 kg","brands/toro/images/products/44436.jpg","","","https://www.westendpower.com/new-models/toro-44436-36-in-proline-hdx-sphoc-fd-155hp-k-fx-29371306b","","","","","","","","","","","","","","","","","","","","","","","","","0"
"44448","Toro PROLINE HDX - 48"" Walk-Behind Mower","T","0","T","0","TORO","Mowers","LARGEWB","T","T","T","Products","T","","10666","Gas","","","0","0","T","","","","","9599","","ProLine","233","","Walk-Behind / Commercial","PROLINE","T","","","","","","","","","","","","","","","","","","","","Kawasaki","48","Engine","Kawasaki","Horsepower","22 hp / 726 cc","Transmission","ZT-3100","Mower Deck","48"" Fabricated","Cutting Height","1.5 - 4.5 in.","Blade Tip Speed","18,500 ft / min","Ground Speed","Up to 7.0 mph","Fuel Capacity","5.0 gallons","","","Weight","686 lbs / 311.2 kg","brands/toro/images/products/44448.jpg","","","https://www.westendpower.com/new-models/toro-44448-48-in-proline-hdx-sphoc-fd-22hp-k-fx-29371310b","","","","","","","","","","","","","","","","","","","","","","","","","0"
"44454","Toro PROLINE HDX - 54"" Walk-Behind Mower","T","0","T","0","TORO","Mowers","LARGEWB","T","T","T","Products","T","","10999","Gas","","","0","0","T","","","","","9899","","ProLine","234","","Walk-Behind / Commercial","PROLINE","T","","","","","","","","","","","","","","","","","","","","Kawasaki","54","Engine","Kawasaki","Horsepower","22 hp / 726 cc","Transmission","ZT-3100","Mower Deck","54"" Fabricated","Cutting Height","1.5 - 4.5 in.","Blade Tip Speed","18,500 ft / min","Ground Speed","Up to 7.0 mph","Fuel Capacity","5.0 gallons","","","Weight","701 lbs / 318 kg","brands/toro/images/products/44454.jpg","","","https://www.westendpower.com/new-models/toro-44454-54-in-proline-hdx-sphoc-fd-22-hp-k-fx-29371313b","","","","","","","","","","","","","","","","","","","","","","","","","0"
"44460","Toro PROLINE HDX - 60"" Walk-Behind Mower","T","0","T","0","TORO","Mowers","LARGEWB","T","T","T","Products","T","","11221","Gas","","","0","0","T","","","","","10099","","ProLine","235","","Walk-Behind / Commercial","PROLINE","T","","","","","","","","","","","","","","","","","","","","Kawasaki","60","Engine","Kawasaki","Horsepower","22 hp / 726 cc","Transmission","ZT-3100","Mower Deck","60"" Fabricated","Cutting Height","1.5 - 4.5 in.","Blade Tip Speed","18,500 ft / min","Ground Speed","Up to 7.0 mph","Fuel Capacity","5.0 gallons","","","Weight","704 lbs / 319.3 kg","brands/toro/images/products/44460.jpg","","","https://www.westendpower.com/new-models/toro-44460-60-in-proline-hdx-sphoc-fd-22hp-k-fx-29371315b","","","","","","","","","","","","","","","","","","","","","","","","","0"
"18562","Toro GrandStand Revolution - 48"" Stand-On","T","0","T","0","TORO","Mowers","RIDING","T","T","T","Products","T","","27777","Battery","","","0","0","T","","","","","24999","","GrandStand","240","","Stand-Ons","GrandStand","T","","","","","","","","","","","","","","","","","","","","","","","","","","","","","","","","","","","","","","","","","","brands/toro/images/products/18562.jpg","","","https://www.westendpower.com/new-models/toro-18562-48-in-grandstand-revolution-29371316b","","","","","","","","","","","","","","","","","","","","","","","","","0"
"18560","Toro GrandStand Revolution - 52"" Stand-On","T","0","T","0","TORO","Mowers","RIDING","T","T","T","Products","T","","27777","Battery","","","0","0","T","","","","","24999","","GrandStand","241","","Stand-Ons","GrandStand","T","","","","","","","","","","","","","","","","","","","","","","","","","","","","","","","","","","","","","","","","","","brands/toro/images/products/18560.jpg","","","https://www.westendpower.com/new-models/toro-18560-52-in-grandstand-revolution-29371317b","","","","","","","","","","","","","","","","","","","","","","","","","0"
"18564","Toro GrandStand Revolution - 60"" Stand-On","T","0","T","0","TORO","Mowers","RIDING","T","T","T","Products","T","","28332","Battery","","","0","0","T","","","","","25499","","GrandStand","242","","Stand-Ons","GrandStand","T","","","","","","","","","","","","","","","","","","","","","","","","","","","","","","","","","","","","","","","","","","brands/toro/images/products/18564.jpg","","","https://www.westendpower.com/new-models/toro-18564-60-in-grandstand-revolution-29371319b","","","","","","","","","","","","","","","","","","","","","","","","","0"
"72530","Toro MULTI-FORCE - 52"" Stand-On Mower","T","0","T","0","TORO","Mowers","RIDING","T","T","T","Products","T","","18110","Gas","","","0","0","T","","","","","16299","","Multi-Force","244","","Stand-Ons / MULTI-FORCE","Multi-Force","T","","","","","","","","","","","","","","","","","","","","Kohler","52","Engine","Kohler","Horsepower","26.5 hp / 747 cc","","","Mower Deck","52"" Fabricated","Cutting Height","1.5 - 5.0 in.","Blade Tip Speed","18,500 ft / min","Ground Speed","Up to 10.0 mph","Fuel Capacity","10.5 gallons","","","Weight","994 lbs / 450.9 kg","brands/toro/images/products/72530.jpg","","","https://www.westendpower.com/new-models/toro-72530-52in-multi-force-265hp-koh-efilw-flw-29371324b","","","","","","","","","","","","","","","","","","","","","","","","","0"
"72524","Toro MULTI-FORCE - 60"" Stand-On Mower","T","0","T","0","TORO","Mowers","RIDING","T","T","T","Products","T","","18777","Gas","","","0","0","T","","","","","16899","","Multi-Force","245","","Stand-Ons / MULTI-FORCE","Multi-Force","T","","","","","","","","","","","","","","","","","","","","Kohler","60","Engine","Kohler","Horsepower","26.5 hp / 747 cc","","","Mower Deck","60"" Fabricated","Cutting Height","1.5 - 5.0 in.","Blade Tip Speed","18,500 ft / min","Ground Speed","Up to 10.0 mph","Fuel Capacity","10.5 gallons","","","Weight","1,021 lbs / 463.1 kg","brands/toro/images/products/72524.jpg","","","https://www.westendpower.com/new-models/toro-72524-60in-multi-force-265hp-koh-efilw-flw-29371384b","","","","","","","","","","","","","","","","","","","","","","","","","0"
"72531","Toro MULTI-FORCE - 52"" Stand-On Mower","T","0","T","0","TORO","Mowers","RIDING","T","T","T","Products","T","","19221","Gas","","","0","0","T","","","","","17299","","Multi-Force","246","","Stand-Ons / MULTI-FORCE","Multi-Force","T","","","","","","","","","","","","","","","","","","","","Kawasaki","52","Engine","Kawasaki","Horsepower","34.5 hp / 822 cc","","","Mower Deck","52"" Fabricated","Cutting Height","1.5 - 5.0 in.","Blade Tip Speed","18,500 ft / min","Ground Speed","Up to 10.0 mph","Fuel Capacity","10.5 gallons","","","Weight","994 lbs / 450.9 kg","brands/toro/images/products/72531.jpg","","","https://www.westendpower.com/new-models/toro-72531-52in-multi-force-345hp-kaw-evolw-flw-29371386b","","","","","","","","","","","","","","","","","","","","","","","","","0"
"72525","Toro MULTI-FORCE - 60"" Stand-On Mower","T","0","T","0","TORO","Mowers","RIDING","T","T","T","Products","T","","19888","Gas","","","0","0","T","","","","","17899","","Multi-Force","247","","Stand-Ons / MULTI-FORCE","Multi-Force","T","","","","","","","","","","","","","","","","","","","","Kawasaki","60","Engine","Kawasaki","Horsepower","34.5 hp / 822 cc","","","Mower Deck","60"" Fabricated","Cutting Height","1.5 - 5.0 in.","Blade Tip Speed","18,500 ft / min","Ground Speed","Up to 10.0 mph","Fuel Capacity","10.5 gallons","","","Weight","1,021 lbs / 463.1 kg","brands/toro/images/products/72525.jpg","","","https://www.westendpower.com/new-models/toro-72525-60in-multi-force-345hp-kaw-evolw-flw-29371389b","","","","","","","","","","","","","","","","","","","","","","","","","0"
"74532","Toro GrandStand - 32"" Stand-On Mower","T","0","T","0","TORO","Mowers","RIDING","T","T","T","Products","T","","11443","Gas","","","0","0","T","","","","","10299","","GrandStand","248","","Stand-Ons","GrandStand","T","","","","","","","","","","","","","","","","","","","","Kawasaki","32","Engine","Kawasaki","Horsepower","18.5 hp / 603 cc","","","Mower Deck","32"" Fabricated","Cutting Height","1.0 - 4.5 in.","Blade Tip Speed","18,500 ft / min","Ground Speed","Up to 7.5 mph","Fuel Capacity","5.0 gallons","","","Weight","775 lbs / 351.5 kg","brands/toro/images/products/74532.jpg","","","https://www.westendpower.com/new-models/toro-74532-32in-grandstand-turboforce-d19hp-k-fs600-v-29371392b","","","","","","","","","","","","","","","","","","","","","","","","","0"
"74534","Toro GrandStand - 36"" Stand-On Mower","T","0","T","0","TORO","Mowers","RIDING","T","T","T","Products","T","","11443","Gas","","","0","0","T","","","","","10299","","GrandStand","249","","Stand-Ons","GrandStand","T","","","","","","","","","","","","","","","","","","","","Kawasaki","36","Engine","Kawasaki","Horsepower","15 hp / 603 cc","","","Mower Deck","36"" Fabricated","Cutting Height","1.0 - 5.0 in.","Blade Tip Speed","18,500 ft / min","Ground Speed","Up to 8.5 mph","Fuel Capacity","7.8 gallons","","","Weight","837 lbs / 379.9 kg","brands/toro/images/products/74534.jpg","","","https://www.westendpower.com/new-models/toro-74534-36in-grandstand-turbo-force-d15-hp-k-fs-29371395b","","","","","","","","","","","","","","","","","","","","","","","","","0"
"74535","Toro GrandStand - 36"" Stand-On Mower","T","0","T","0","TORO","Mowers","RIDING","T","T","T","Products","T","","12221","Gas","","","0","0","T","","","","","10999","","GrandStand","250","","Stand-Ons","GrandStand","T","","","","","","","","","","","","","","","","","","","","Kawasaki","36","Engine","Kawasaki","Horsepower","18.5 hp / 603 cc","","","Mower Deck","36"" Fabricated","Cutting Height","1.0 - 5.0 in.","Blade Tip Speed","18,500 ft / min","Ground Speed","Up to 7.5 mph","Fuel Capacity","5.0 gallons","","","Weight","780 lbs / 354 kg","brands/toro/images/products/74535.jpg","","","https://www.westendpower.com/new-models/toro-74535-36in-grandstand-turboforce-d19-hp-k-fs600v-29371398b","","","","","","","","","","","","","","","","","","","","","","","","","0"
"72504","Toro GrandStand - 48"" Stand-On Mower","T","0","T","0","TORO","Mowers","RIDING","T","T","T","Products","T","","13777","Gas","","","0","0","T","","","","","12399","","GrandStand","251","","Stand-Ons","GrandStand","T","","","","","","","","","","","","","","","","","","","","Kawasaki","48","Engine","Kawasaki","Horsepower","22 hp / 726 cc","","","Mower Deck","48"" Fabricated","Cutting Height","1.5 - 5.0 in.","Blade Tip Speed","18,500 ft / min","Ground Speed","Up to 10.0 mph","Fuel Capacity","10.5 gallons","","","Weight","875 lbs / 396.9 kg","brands/toro/images/products/72504.jpg","","","https://www.westendpower.com/new-models/toro-72504-48-in-grandstand-turbo-force-d22-hp-k-fx-29371399b","","","","","","","","","","","","","","","","","","","","","","","","","0"
"72518","Toro GrandStand - 48"" Stand-On Mower","T","0","T","0","TORO","Mowers","RIDING","T","T","T","Products","T","","14666","Gas","","","0","0","T","","","","","13199","","GrandStand","252","","Stand-Ons","GrandStand","T","","","","","","","","","","","","","","","","","","","","Kohler","48","Engine","Kohler","Horsepower","23 hp / 747 cc","","","Mower Deck","48"" Fabricated","Cutting Height","1.5 - 5.0 in.","Blade Tip Speed","18,500 ft / min","Ground Speed","Up to 10.0 mph","Fuel Capacity","10.5 gallons","","","Weight","877 lbs / 397.8 kg","brands/toro/images/products/72518.jpg","","","https://www.westendpower.com/new-models/toro-72518-48-in-grandstand-turbo-force-d23-hp-cp-ef-29371405b","","","","","","","","","","","","","","","","","","","","","","","","","0"
"72505","Toro GrandStand - 52"" Stand-On Mower","T","0","T","0","TORO","Mowers","RIDING","T","T","T","Products","T","","13888","Gas","","","0","0","T","","","","","12499","","GrandStand","253","","Stand-Ons","GrandStand","T","","","","","","","","","","","","","","","","","","","","Kawasaki","52","Engine","Kawasaki","Horsepower","22 hp / 726 cc","","","Mower Deck","52"" Fabricated","Cutting Height","1.5 - 5.0 in.","Blade Tip Speed","18,500 ft / min","Ground Speed","Up to 10.0 mph","Fuel Capacity","10.5 gallons","","","Weight","880 lbs / 399.2 kg","brands/toro/images/products/72505.jpg","","","https://www.westendpower.com/new-models/toro-72505-52-in-grandstand-turbo-force-d-22-hp-k-fx-29371408b","","","","","","","","","","","","","","","","","","","","","","","","","0"
"72519","Toro GrandStand - 52"" Stand-On Mower","T","0","T","0","TORO","Mowers","RIDING","T","T","T","Products","T","","14888","Gas","","","0","0","T","","","","","13399","","GrandStand","254","","Stand-Ons","GrandStand","T","","","","","","","","","","","","","","","","","","","","Kohler","52","Engine","Kohler","Horsepower","25 hp / 747 cc","","","Mower Deck","52"" Fabricated","Cutting Height","1.5 - 5.0 in.","Blade Tip Speed","18,500 ft / min","Ground Speed","Up to 10.0 mph","Fuel Capacity","10.5 gallons","","","Weight","899 lbs / 407 kg","brands/toro/images/products/72519.jpg","","","https://www.westendpower.com/new-models/toro-72519-52-in-grandstand-turboforce-d25-hp-kcpefi-29371412b","","","","","","","","","","","","","","","","","","","","","","","","","0"
"72509","Toro GrandStand - 60"" Stand-On Mower","T","0","T","0","TORO","Mowers","RIDING","T","T","T","Products","T","","14554","Gas","","","0","0","T","","","","","13099","","GrandStand","255","","Stand-Ons","GrandStand","T","","","","","","","","","","","","","","","","","","","","Kawasaki","60","Engine","Kawasaki","Horsepower","23.5 hp / 726 cc","","","Mower Deck","60"" Fabricated","Cutting Height","1.5 - 5.0 in.","Blade Tip Speed","18,500 ft / min","Ground Speed","Up to 10.0 mph","Fuel Capacity","10.5 gallons","","","Weight","960 lbs / 435.4 kg","brands/toro/images/products/72509.jpg","","","https://www.westendpower.com/new-models/toro-72509-60-in-grandstand-turbo-force-d235hp-k-fx-29371415b","","","","","","","","","","","","","","","","","","","","","","","","","0"
"72513","Toro GrandStand - 60"" Stand-On Mower","T","0","T","0","TORO","Mowers","RIDING","T","T","T","Products","T","","15332","Gas","","","0","0","T","","","","","13799","","GrandStand","256","","Stand-Ons","GrandStand","T","","","","","","","","","","","","","","","","","","","","Kohler","60","Engine","Kohler","Horsepower","25 hp / 747 cc","","","Mower Deck","60"" Fabricated","Cutting Height","1.5 - 5.0 in.","Blade Tip Speed","18,500 ft / min","Ground Speed","Up to 10.0 mph","Fuel Capacity","10.5 gallons","","","Weight","963 lbs / 436.8 kg","brands/toro/images/products/72513.jpg","","","https://www.westendpower.com/new-models/toro-72513-60-in-grandstand-turbo-force-d25hp-kcpefi-29371421b","","","","","","","","","","","","","","","","","","","","","","","","","0"
"72520","Toro GrandStand - 60"" Stand-On Mower","T","0","T","0","TORO","Mowers","RIDING","T","T","T","Products","T","","14888","Gas","","","0","0","T","","","","","13399","","GrandStand","257","","Stand-Ons","GrandStand","T","","","","","","","","","","","","","","","","","","","","Vanguard","60","Engine","Briggs & Stratton","Horsepower","28 hp / 810 cc","","","Mower Deck","60"" Fabricated","Cutting Height","1.5 - 5.0 in.","Blade Tip Speed","18,500 ft / min","Ground Speed","Up to 10.0 mph","Fuel Capacity","10.5 gallons","","","Weight","963 lbs / 436.8 kg","brands/toro/images/products/72520.jpg","","","https://www.westendpower.com/new-models/toro-72520-60-in-grandstand-turbo-force-d28-hp-v-efi-29371424b","","","","","","","","","","","","","","","","","","","","","","","","","0"
"72506","Toro GrandStand - 52"" Stand-On Mower","T","0","T","0","TORO","Mowers","RIDING","T","T","T","Products","T","","16554","Gas","","","0","0","T","","","","","14899","","GrandStand","258","","Stand-Ons","GrandStand","T","","","","","","","","","","","","","","","","","","","","Kawasaki","52","Engine","Kawasaki","Horsepower","31 hp / 999 cc","","","Mower Deck","52"" Fabricated","Cutting Height","1.5 - 5.0 in.","Blade Tip Speed","18,500 ft / min","Ground Speed","Up to 12.0 mph","Fuel Capacity","10.5 gallons","","","Weight","1,055 / 478.5 kg","brands/toro/images/products/72506.jpg","","","https://www.westendpower.com/new-models/toro-72506-52-in-grandstand-turbo-force-d31-hp-k-fx-29371457b","","","","","","","","","","","","","","","","","","","","","","","","","0"
"72507","Toro GrandStand - 52"" Stand-On Mower","T","0","T","0","TORO","Mowers","RIDING","T","T","T","Products","T","","14888","Gas","","","0","0","T","","","","","13399","","GrandStand","259","","Stand-Ons","GrandStand","T","","","","","","","","","","","","","","","","","","","","Kawasaki","52","Engine","Kawasaki","Horsepower","35 hp / 999 cc","","","Mower Deck","52"" Fabricated","Cutting Height","1.5 - 5.0 in.","Blade Tip Speed","18,500 ft / min","Ground Speed","Up to 10.0 mph","Fuel Capacity","10.5 gallons","","","Weight","920 lbs / 417 kg","brands/toro/images/products/72507.jpg","","","https://www.westendpower.com/new-models/toro-72507-52-in-grandstand-hd-turboforce-d-35hpkfx-29371460b","","","","","","","","","","","","","","","","","","","","","","","","","0"
"72510","Toro GrandStand - 60"" Stand-On Mower","T","0","T","0","TORO","Mowers","RIDING","T","T","T","Products","T","","16999","Gas","","","0","0","T","","","","","15299","","GrandStand","260","","Stand-Ons","GrandStand","T","","","","","","","","","","","","","","","","","","","","Kawasaki","60","Engine","Kawasaki","Horsepower","31 hp / 999 cc","","","Mower Deck","60"" Fabricated","Cutting Height","1.5 - 5.0 in.","Blade Tip Speed","18,500 ft / min","Ground Speed","Up to 12.0 mph","Fuel Capacity","10.5 gallons","","","Weight","1,118 lbs / 507.1 kg","brands/toro/images/products/72510.jpg","","","https://www.westendpower.com/new-models/toro-72510-60-in-grandstand-hdx-turbo-force-d31hpkfx-29371462b","","","","","","","","","","","","","","","","","","","","","","","","","0"
"72512","Toro GrandStand - 60"" Stand-On Mower","T","0","T","0","TORO","Mowers","RIDING","T","T","T","Products","T","","15110","Gas","","","0","0","T","","","","","13599","","GrandStand","261","","Stand-Ons","GrandStand","T","","","","","","","","","","","","","","","","","","","","Kawasaki","60","Engine","Kawasaki","Horsepower","35 hp / 999 cc","","","Mower Deck","60"" Fabricated","Cutting Height","1.5 - 5.0 in.","Blade Tip Speed","18,500 ft / min","Ground Speed","Up to 10.0 mph","Fuel Capacity","10.5 gallons","","","Weight","1,000 / 454 kg","brands/toro/images/products/72512.jpg","","","https://www.westendpower.com/new-models/toro-72512-60-in-grandstand-hd-turbo-force-d35hpkfx-29371466b","","","","","","","","","","","","","","","","","","","","","","","","","0"
"72514","Toro GrandStand - 60"" Stand-On Mower","T","0","T","0","TORO","Mowers","RIDING","T","T","T","Products","T","","18554","Gas","","","0","0","T","","","","","16699","","GrandStand","262","","Stand-Ons","GrandStand","T","","","","","","","","","","","","","","","","","","","","Vanguard","60","Engine","Briggs & Stratton","Horsepower","37 hp / 993 cc","","","Mower Deck","60"" Fabricated","Cutting Height","1.5 - 5.0 in.","Blade Tip Speed","18,500 ft / min","Ground Speed","Up to 12.0 mph","Fuel Capacity","10.5 gallons","","","Weight","1,120 lbs / 508 kg","brands/toro/images/products/72514.jpg","","","https://www.westendpower.com/new-models/toro-72514-60-in-grandstand-hdx-turboforce-d37hpvan-29371469b","","","","","","","","","","","","","","","","","","","","","","","","","0"
"72517","Toro GrandStand - 72"" Stand-On Mower","T","0","T","0","TORO","Mowers","RIDING","T","T","T","Products","T","","19554","Gas","","","0","0","T","","","","","17599","","GrandStand","263","","Stand-Ons","GrandStand","T","","","","","","","","","","","","","","","","","","","","Vanguard","72","Engine","Briggs & Stratton","Horsepower","37 hp / 993 cc","","","Mower Deck","72"" Fabricated","Cutting Height","1.5 - 5.0 in.","Blade Tip Speed","18,500 ft / min","Ground Speed","Up to 12.0 mph","Fuel Capacity","10.5 gallons","","","Weight","1,209 lbs / 548.4 kg","brands/toro/images/products/72517.jpg","","","https://www.westendpower.com/new-models/toro-72517-72-in-grandstand-hdx-turbo-force-d37hpvan-29371474b","","","","","","","","","","","","","","","","","","","","","","","","","0"
"77281","Toro Z-Master 2000 - 48"" Zero-Turn Mower","T","0","T","0","TORO","Mowers","RIDING","T","T","T","Products","T","","10443","Gas","","","0","0","T","2026-10-31","2026-08-01","500","","9399","","2000 Series","290","","Zero-Turns / Commercial","2000 Series","T","","","","","","","","","","","","","","","","","","","","Toro","48","Engine","Toro","Horsepower","24.5 hp / 708 cc","Transmission","ZT-3400","Mower Deck","48"" Fabricated","Cutting Height","1.5 - 5.0 in.","Blade Tip Speed","18,500 ft / min","Ground Speed","Up to 10.0 mph","Fuel Capacity","7.0 gallons","","","Weight","992 lbs / 450 kg","brands/toro/images/products/77281.jpg","","","https://www.westendpower.com/new-models/toro-77281-48-in-2000-z-master-tf2-d-245hp-t-v-twin-29371512b","","","","","","","","","","","","","","","","","","","","","","","","","0"
"77283","Toro Z-Master 2000 - 52"" Zero-Turn Mower","T","0","T","0","TORO","Mowers","RIDING","T","T","T","Products","T","","10666","Gas","","","0","0","T","2026-10-31","2026-08-01","500","","9599","","2000 Series","291","","Zero-Turns / Commercial","2000 Series","T","","","","","","","","","","","","","","","","","","","","Toro","52","Engine","Toro","Horsepower","24.5 hp / 708 cc","Transmission","ZT-3400","Mower Deck","52"" Fabricated","Cutting Height","1.5 - 5.0 in.","Blade Tip Speed","18,500 ft / min","Ground Speed","Up to 10.0 mph","Fuel Capacity","7.0 gallons","","","Weight","1,014 lbs / 459.9 kg","brands/toro/images/products/77283.jpg","","","https://www.westendpower.com/new-models/toro-77283-52-in-2000-z-master-tf2-d-245hp-t-v-twin-29371516b","","","","","","","","","","","","","","","","","","","","","","","","","0"
"77291","Toro Z-Master 2000 - 52"" Zero-Turn Mower","T","0","T","0","TORO","Mowers","RIDING","T","T","T","Products","T","","12888","Gas","","","0","0","T","2026-10-31","2026-08-01","500","","11599","","2000 Series","292","","Zero-Turns / Commercial","2000 Series","T","","","","","","","","","","","","","","","","","","","","Kawasaki","52","Engine","Kawasaki","Horsepower","23.5 hp / 747 cc","Transmission","ZT-3400","Mower Deck","52"" Fabricated","Cutting Height","1.5 - 5.0 in.","Blade Tip Speed","18,500 ft / min","Ground Speed","Up to 10.0 mph","Fuel Capacity","7.0 gallons","","","Weight","1,097 lbs / 497.6 kg","brands/toro/images/products/77291.jpg","","","https://www.westendpower.com/new-models/toro-77291-52-in-2000-z-master-tf2-d235hpkfx-myrhdx-29371828b","","","","","","","","","","","","","","","","","","","","","","","","","0"
"77285","Toro Z-Master 2000 - 60"" Zero-Turn Mower","T","0","T","0","TORO","Mowers","RIDING","T","T","T","Products","T","","11110","Gas","","","0","0","T","2026-10-31","2026-08-01","500","","9999","","2000 Series","293","","Zero-Turns / Commercial","2000 Series","T","","","","","","","","","","","","","","","","","","","","Toro","60","Engine","Toro","Horsepower","24.5 hp / 708 cc","Transmission","ZT-3400","Mower Deck","60"" Fabricated","Cutting Height","1.5 - 5.0 in.","Blade Tip Speed","18,500 ft / min","Ground Speed","Up to 10.0 mph","Fuel Capacity","7.0 gallons","","","Weight","1,060 lbs / 480.8 kg","brands/toro/images/products/77285.jpg","","","https://www.westendpower.com/new-models/toro-77285-60-in-2000-z-master-tf2-d-245hp-t-v-twin-29371830b","","","","","","","","","","","","","","","","","","","","","","","","","0"
"77288","Toro Z-Master 2000 - 60"" Zero-Turn Mower","T","0","T","0","TORO","Mowers","RIDING","T","T","T","Products","T","","13110","Gas","","","0","0","T","2026-10-31","2026-08-01","500","","11799","","2000 Series","294","","Zero-Turns / Commercial","2000 Series","T","","","","","","","","","","","","","","","","","","","","Vanguard","60","Engine","Vanguard","Horsepower","28 hp / 810 cc","Transmission","ZT-3400","Mower Deck","60"" Fabricated","Cutting Height","1.5 - 5.0 in.","Blade Tip Speed","18,500 ft / min","Ground Speed","Up to 10.0 mph","Fuel Capacity","7.0 gallons","","","Weight","1,070 lbs / 485.3 kg","brands/toro/images/products/77288.jpg","","","https://www.westendpower.com/new-models/toro-77288-60-in-2000-z-master-tf2-d-28hp-vanefi-pro-29371840b","","","","","","","","","","","","","","","","","","","","","","","","","0"
"77292","Toro Z-Master 2000 - 60"" Zero-Turn Mower","T","0","T","0","TORO","Mowers","RIDING","T","T","T","Products","T","","11110","Gas","","","0","0","T","","","","","9999","","2000 Series","295","","Zero-Turns / Commercial","2000 Series","T","","","","","","","","","","","","","","","","","","","","Kawasaki","60","","","","","","","","","","","","","","","","","","","","","brands/toro/images/products/77292.jpg","","","https://www.westendpower.com/new-models/toro-77292-60-in-2000-z-master-tf2-d-235hp-k-fx-vt-29371833b","","","","","","","","","","","","","","","","","","","","","","","","","0"
"77294","Toro Z-Master 2000 - 60"" Zero-Turn Mower","T","0","T","0","TORO","Mowers","RIDING","T","T","T","Products","T","","13110","Gas","","","0","0","T","2026-10-31","2026-08-01","500","","11799","","2000 Series","296","","Zero-Turns / Commercial","2000 Series","T","","","","","","","","","","","","","","","","","","","","Kawasaki","60","Engine","Kawasaki","Horsepower","23.5 hp / 747 cc","Transmission","ZT-3400","Mower Deck","60"" Fabricated","Cutting Height","1.5 - 5.0 in.","Blade Tip Speed","18,500 ft / min","Ground Speed","Up to 10.0 mph","Fuel Capacity","7.0 gallons","Seat","MyRIDE","Weight","1,135 lbs / 514.8 kt","brands/toro/images/products/77294.jpg","","","https://www.westendpower.com/new-models/toro-77294-60-in-2000-z-master-tf2-d235hpkfx-myrhdx-29371838b","","","","","","","","","","","","","","","","","","","","","","","","","0"
"18748","Toro Z-Master 4000 Revolution - 48"" Zero-Turn","T","0","T","0","TORO","Mowers","RIDING","T","T","T","Products","T","","38888","Battery","","","0","0","T","","","","","34999","","4000 Series","298","","Zero-Turns / Commercial","4000 Series","T","","","","","","","","","","","","","","","","","","","","","","","","","","","","","","","","","","","","","","","","","","brands/toro/images/products/18748.JPG","","","https://www.westendpower.com/new-models/toro-18748-48-in-turbo-force-deck-z-master-rev-29371847b","","","","","","","","","","","","","","","","","","","","","","","","","0"
"18752","Toro Z-Master 4000 Revolution - 52"" Zero-Turn","T","0","T","0","TORO","Mowers","RIDING","T","T","T","Products","T","","39443","Battery","","","0","0","T","","","","","35499","","4000 Series","299","","Zero-Turns / Commercial","4000 Series","T","","","","","","","","","","","","","","","","","","","","","","","","","","","","","","","","","","","","","","","","","","brands/toro/images/products/18752.JPG","","","https://www.westendpower.com/new-models/toro-18752-52-in-turbo-force-deck-z-master-rev-29371851b","","","","","","","","","","","","","","","","","","","","","","","","","0"
"18760","Toro Z-Master 4000 Revolution - 60"" Zero-Turn","T","0","T","0","TORO","Mowers","RIDING","T","T","T","Products","T","","39999","Battery","","","0","0","T","","","","","35999","","4000 Series","300","","Zero-Turns / Commercial","4000 Series","T","","","","","","","","","","","","","","","","","","","","","","","","","","","","","","","","","","","","","","","","","","brands/toro/images/products/18760.jpg","","","https://www.westendpower.com/new-models/toro-18760-60-in-turbo-force-deck-z-master-rev-29371856b","","","","","","","","","","","","","","","","","","","","","","","","","0"
"18765","Toro Z-Master 4000 Revolution - 60"" Zero-Turn","T","0","T","0","TORO","Mowers","RIDING","T","T","T","Products","T","","41110","Battery","","","0","0","T","","","","","36999","","4000 Series","301","","Zero-Turns / Commercial","4000 Series","T","","","","","","","","","","","","","","","","","","","","","","","","","","","","","","","","","","","","","","","","","","","","","https://www.westendpower.com/new-models/toro-18765-60-in-turbo-force-dz-master-rev-myr-29371858b","","","","","","","","","","","","","","","","","","","","","","","","","0"
"18762","Toro Z-Master 4000 Revolution - 60"" RD Zero-Turn","T","0","T","0","TORO","Mowers","RIDING","T","T","T","Products","T","","39999","Battery","","","0","0","T","","","","","35999","","4000 Series","302","","Zero-Turns / Commercial","4000 Series","T","","","","","","","","","","","","","","","","","","","","","","","","","","","","","","","","","","","","","","","","","","","","","https://www.westendpower.com/new-models/toro-18762-60-in-turbo-force-rd-dz-master-rev-29371859b","","","","","","","","","","","","","","","","","","","","","","","","","0"
"74000","Toro Z-Master 4000 - 48"" Zero-Turn Mower","T","0","T","0","TORO","Mowers","RIDING","T","T","T","Products","T","","13554","Gas","","","0","0","T","2026-10-31","2026-08-01","650","","12199","","4000 Series","304","","Zero-Turns / Commercial","4000 Series","T","","","","","","","","","","","","","","","","","","","","Kawasaki","48","Engine","Kawasaki","Horsepower","24.5 hp / 852 cc","Transmission","ZT-4400","Mower Deck","48"" Fabricated","Cutting Height","1.5 - 5.5 in.","Blade Tip Speed","18,500 ft / min","Ground Speed","Up to 10.0 mph","Fuel Capacity","10.0 gallons","","","Weight","1,130 lbs / 512.6 kg","brands/toro/images/products/74000.jpg","","","https://www.westendpower.com/new-models/toro-74000-48-in-4000-z-master-tf2-d245hp-k-fx-pro-29371861b","","","","","","","","","","","","","","","","","","","","","","","","","0"
"74002","Toro Z-Master 4000 - 52"" Zero-Turn Mower","T","0","T","0","TORO","Mowers","RIDING","T","T","T","Products","T","","13666","Gas","","","0","0","T","2026-10-31","2026-08-01","650","","12299","","4000 Series","305","","Zero-Turns / Commercial","4000 Series","T","","","","","","","","","","","","","","","","","","","","Kawasaki","52","Engine","Kawasaki","Horsepower","25.5 hp / 852 cc","Transmission","ZT-4400","Mower Deck","52"" Fabricated","Cutting Height","1.5 - 5.5 in.","Blade Tip Speed","18,500 ft / min","Ground Speed","Up to 10.0 mph","Fuel Capacity","10.5 gallons","","","Weight","1,187 lbs / 538.4 kg","brands/toro/images/products/74002.jpg","","","https://www.westendpower.com/new-models/toro-74002-52-in-4000-z-master-tf2-d255hp-k-fx-pro-29371865b","","","","","","","","","","","","","","","","","","","","","","","","","0"
"74010","Toro Z-Master 4000 - 52"" Zero-Turn Mower","T","0","T","0","TORO","Mowers","RIDING","T","T","T","Products","T","","15443","Gas","","","0","0","T","2026-10-31","2026-08-01","650","","13899","","4000 Series","307","","Zero-Turns / Commercial","4000 Series","T","","","","","","","","","","","","","","","","","","","","Kawasaki","52","Engine","Kawasaki","Horsepower","31 hp / 999 cc","Transmission","ZT-4400","Mower Deck","52"" Fabricated","Cutting Height","1.5 - 5.5 in.","Blade Tip Speed","18,500 ft / min","Ground Speed","Up to 12.0 mph","Fuel Capacity","10.5 gallons","","","Weight","1,187 lbs / 538.4 kg","brands/toro/images/products/74010.jpg","","","https://www.westendpower.com/new-models/toro-74010-52-in-4000-z-master-tf2-d31hp-k-fx-hdxpro-29371867b","","","","","","","","","","","","","","","","","","","","","","","","","0"
"74050","Toro Z-Master 4000 - 52"" Zero-Turn Mower","T","0","T","0","TORO","Mowers","RIDING","T","T","T","Products","T","","13332","Gas","","","0","0","T","2026-10-31","2026-08-01","650","","11999","","4000 Series","306","","Zero-Turns / Commercial","4000 Series","T","","","","","","","","","","","","","","","","","","","","Kawasaki","52","Engine","Kawasaki","Horsepower","25.5 hp / 852 cc","Transmission","ZT-4400","Mower Deck","52"" Fabricated","Cutting Height","1.5 - 5.5 in.","Blade Tip Speed","18,500 ft / min","Ground Speed","Up to 12.0 mph","Fuel Capacity","10.5 gallons","","","Weight","1,174 lbs / 532.5 kg","brands/toro/images/products/74050.jpg","","","https://www.westendpower.com/new-models/toro-74050-52-in-4000-z-master-tf2-d255hp-k-fx-hd-29371869b","","","","","","","","","","","","","","","","","","","","","","","","","0"
"74052","Toro Z-Master 4000 - 52"" Zero-Turn Mower","T","0","T","0","TORO","Mowers","RIDING","T","T","T","Products","T","","15110","Gas","","","0","0","T","2026-10-31","2026-08-01","650","","13599","","4000 Series","308","","Zero-Turns / Commercial","4000 Series","T","","","","","","","","","","","","","","","","","","","","Kawasaki","52","Engine","Kawasaki","Horsepower","31 hp / 999 cc","Transmission","ZT-4400","Mower Deck","52"" Fabricated","Cutting Height","1.5 - 5.5 in.","Blade Tip Speed","18,500 ft / min","Ground Speed","Up to 12.0 mph","Fuel Capacity","10.0 gallons","Seat","MyRIDE","Weight","1,274 lbs / 577.9 kg","brands/toro/images/products/74052.jpg","","","https://www.westendpower.com/new-models/toro-74052-52-in-4000-z-master-tf2-d31hpkfx-myrhdx-29371873b","","","","","","","","","","","","","","","","","","","","","","","","","0"
"74004","Toro Z-Master 4000 - 60"" Zero-Turn Mower","T","0","T","0","TORO","Mowers","RIDING","T","T","T","Products","T","","13777","Gas","","","0","0","T","2026-10-31","2026-08-01","650","","12399","","4000 Series","309","","Zero-Turns / Commercial","4000 Series","T","","","","","","","","","","","","","","","","","","","","Kawasaki","60","Engine","Kawasaki","Horsepower","25.5 hp / 852 cc","Transmission","ZT-4400","Mower Deck","60"" Fabricated","Cutting Height","1.5 - 5.5 in.","Blade Tip Speed","18,500 ft / min","Ground Speed","Up to 10.0 mph","Fuel Capacity","10.0 gallons","","","Weight","1,260 lbs / 571.5 kg","brands/toro/images/products/74004.jpg","","","https://www.westendpower.com/new-models/toro-74004-60-in-4000-z-master-tf2-d255hp-kfx-pro-29371875b","","","","","","","","","","","","","","","","","","","","","","","","","0"
"74005","Toro Z-Master 4000 - 60"" Zero-Turn Mower","T","0","T","0","TORO","Mowers","RIDING","T","T","T","Products","T","","14443","Gas","","","0","0","T","2026-10-31","2026-08-01","650","","12999","","4000 Series","311","","Zero-Turns / Commercial","4000 Series","T","","","","","","","","","","","","","","","","","","","","Kawasaki","60","Engine","Kawasaki","Horsepower","25.5 hp / 852 cc","Transmission","ZT-4400","Mower Deck","60"" Fabricated","Cutting Height","1.5 - 5.5 in.","Blade Tip Speed","18,500 ft / min","Ground Speed","Up to 10.0 mph","Fuel Capacity","10.0 gallons","","","Weight","1,260 lbs / 571.5 kg","brands/toro/images/products/74005.jpg","","","https://www.westendpower.com/new-models/toro-74005-60-in-4000-z-master-tf2-d255hpkfx-proxlf-29371907b","","","","","","","","","","","","","","","","","","","","","","","","","0"
"74015","Toro Z-Master 4000 - 60"" Zero-Turn Mower","T","0","T","0","TORO","Mowers","RIDING","T","T","T","Products","T","","15221","Gas","","","0","0","T","2026-10-31","2026-08-01","650","","13699","","4000 Series","314","","Zero-Turns / Commercial","4000 Series","T","","","","","","","","","","","","","","","","","","","","Kawasaki","60","Engine","Kawasaki","Horsepower","31 hp / 999 cc","Transmission","ZT-4400","Mower Deck","60"" Fabricated","Cutting Height","1.5 - 5.5 in.","Blade Tip Speed","18,500 ft / min","Ground Speed","Up to 12.0 mph","Fuel Capacity","10.0 gallons","","","Weight","1,260 lbs / 571.5 kg","brands/toro/images/products/74015.jpg","","","https://www.westendpower.com/new-models/toro-74015-60-in-4000-z-master-tf2-d31hp-k-fx-hdxpro-29371910b","","","","","","","","","","","","","","","","","","","","","","","","","0"
"74035","Toro Z-Master 4000 - 60"" Zero-Turn Mower","T","0","T","0","TORO","Mowers","RIDING","T","T","T","Products","T","","14221","Gas","","","0","0","T","2026-10-31","2026-08-01","650","","12799","","4000 Series","312","","Zero-Turns / Commercial","4000 Series","T","","","","","","","","","","","","","","","","","","","","Kohler","60","Engine","Kohler","Horsepower","26.5 hp / 747 cc","Transmission","ZT-4400","Mower Deck","60"" Fabricated","Cutting Height","1.5 - 5.5 in.","Blade Tip Speed","18,500 ft / min","Ground Speed","Up to 10.0 mph","Fuel Capacity","10.0 gallons","","","Weight","1,185 lbs / 537.5 kg","brands/toro/images/products/74035.jpg","","","https://www.westendpower.com/new-models/toro-74035-60-in-4000-z-master-tf2-d265hp-khr-cpefi-29371927b","","","","","","","","","","","","","","","","","","","","","","","","","0"
"74036","Toro Z-Master 4000 - 60"" Zero-Turn Mower","T","0","T","0","TORO","Mowers","RIDING","T","T","T","Products","T","","14888","Gas","","","0","0","T","2026-10-31","2026-08-01","650","","13399","","4000 Series","313","","Zero-Turns / Commercial","4000 Series","T","","","","","","","","","","","","","","","","","","","","Kohler","60","Engine","Kohler","Horsepower","26.5 hp / 747 cc","Transmission","ZT-4400","Mower Deck","60"" Fabricated","Cutting Height","1.5 - 5.5 in.","Blade Tip Speed","18,500 ft / min","Ground Speed","Up to 10.0 mph","Fuel Capacity","10.0 gallons","","","Weight","1,185 lbs / 537.5 kg","brands/toro/images/products/74036.jpg","","","https://www.westendpower.com/new-models/toro-74036-60-in-4000-z-master-tf2d265hpk-cpefipxlf-29371931b","","","","","","","","","","","","","","","","","","","","","","","","","0"
"74054","Toro Z-Master 4000 - 60"" Zero-Turn Mower","T","0","T","0","TORO","Mowers","RIDING","T","T","T","Products","T","","13888","Gas","","","1.0","0","T","2026-10-31","2026-08-01","650","","12499","","4000 Series","310","","Zero-Turns / Commercial","4000 Series","T","","","","","","","","","","","","","","","","","","","","Kawasaki","60","Engine","Kawasaki","Horsepower","25.5 hp / 852 cc","Transmission","ZT-4400","Mower Deck","60"" Fabricated","Cutting Height","1.5 - 5.5 in.","Blade Tip Speed","18,500 ft / min","Ground Speed","Up to 12.0 mph","Fuel Capacity","10.0 gallons","","","Weight","1,193 lbs / 541.1 kg","brands/toro/images/products/74054.jpg","","","https://www.westendpower.com/new-models/toro-74054-60-in-4000-z-master-tf2-d255hp-kaw-fx-hd-29371935b","","","","","","","","","","","","","","","","","","","","","","","","","0"
"74055","Toro Z-Master 4000 - 60"" Zero-Turn Mower","T","0","T","0","TORO","Mowers","RIDING","T","T","T","Products","T","","15554","Gas","","","0","0","T","2026-10-31","2026-08-01","650","","13999","","4000 Series","316","","Zero-Turns / Commercial","4000 Series","T","","","","","","","","","","","","","","","","","","","","Kawasaki","60","Engine","Kawasaki","Horsepower","31 hp / 999 cc","Transmission","ZT-4400","Mower Deck","60"" Fabricated","Cutting Height","1.5 - 5.5 in.","Blade Tip Speed","18,500 ft / min","Ground Speed","Up to 12.0 mph","Fuel Capacity","10.0 gallons","Seat","MyRIDE","Weight","1,294 lbs / 586.9 kg","brands/toro/images/products/74055.jpg","","","https://www.westendpower.com/new-models/toro-74055-60-in-4000-z-master-tf2-d31hp-kaw-fx-rhdx-29371933b","","","","","","","","","","","","","","","","","","","","","","","","","0"
"74057","Toro Z-Master 4000 - 60"" Zero-Turn Mower","T","0","T","0","TORO","Mowers","RIDING","T","T","T","Products","T","","16110","Gas","","","0","0","T","2026-10-31","2026-08-01","650","","14499","","4000 Series","319","","Zero-Turns / Commercial","4000 Series","T","","","","","","","","","","","","","","","","","","","","Kawasaki","60","Engine","Kawasaki","Horsepower","35 hp / 999 cc","Transmission","ZT-4400","Mower Deck","60"" Fabricated","Cutting Height","1.5 - 5.5 in.","Blade Tip Speed","18,500 ft / min","Ground Speed","Up to 12.0 mph","Fuel Capacity","10.0 gallons","Seat","MyRIDE","Weight","1,317 lbs / 597.4 kg","brands/toro/images/products/74057.jpg","","","https://www.westendpower.com/new-models/toro-74057-60-in-4000-z-master-tf2-d35hp-k-fx-rhdxxl-29371940b","","","","","","","","","","","","","","","","","","","","","","","","","0"
"74058","Toro Z-Master 4000 - 60"" Zero-Turn Mower","T","0","T","0","TORO","Mowers","RIDING","T","T","T","Products","T","","17110","Gas","","","0","0","T","2026-10-31","2026-08-01","650","","15399","","4000 Series","320","","Zero-Turns / Commercial","4000 Series","T","","","","","","","","","","","","","","","","","","","","Kawasaki","60","Engine","Kawasaki","Horsepower","35 hp / 999 cc","Transmission","ZT-5400","Mower Deck","60"" Fabricated","Cutting Height","1.5 - 5.5 in.","Blade Tip Speed","18,500 ft / min","Ground Speed","Up to 12.0 mph","Fuel Capacity","10.0 gallons","Seat","MyRIDE","Weight","1,317 lbs / 597.4 kg","brands/toro/images/products/74058.jpg","","","https://www.westendpower.com/new-models/toro-74058-60-in-4000-zmaster-tf2d35hp-k-fx-rhdxpxlf-29371945b","","","","","","","","","","","","","","","","","","","","","","","","","0"
"74059","Toro Z-Master 4000 - 60"" Zero-Turn Mower","T","0","T","0","TORO","Mowers","RIDING","T","T","T","Products","T","","16443","Gas","","","0","0","T","2026-10-31","2026-08-01","650","","14799","","4000 Series","317","","Zero-Turns / Commercial","4000 Series","T","","","","","","","","","","","","","","","","","","","","Kawasaki","60","Engine","Kawasaki","Horsepower","31 hp / 999 cc","Transmission","ZT-5400","Mower Deck","60"" Fabricated","Cutting Height","1.5 - 5.5 in.","Blade Tip Speed","18,500 ft / min","Ground Speed","Up to 12.0 mph","Fuel Capacity","10.0 gallons","Seat","MyRIDE","Weight","1,294 lbs / 586.9 kg","brands/toro/images/products/74059.jpg","","","https://www.westendpower.com/new-models/toro-74059-60-in-4000-z-master-tf2d31hp-k-fxrhdxwedl-29371949b","","","","","","","","","","","","","","","","","","","","","","","","","0"
"74016","Toro Z-Master 4000 - 60"" Zero-Turn Mower","T","0","T","0","TORO","Mowers","RIDING","T","T","T","Products","T","","15888","Gas","","","0","0","T","2026-10-31","2026-08-01","650","","14299","","4000 Series","315","","Zero-Turns / Commercial","4000 Series","T","","","","","","","","","","","","","","","","","","","","Kawasaki","60","Engine","Kawasaki","Horsepower","31 hp / 999 cc","Transmission","ZT-5400","Mower Deck","60"" Fabricated","Cutting Height","1.5 - 5.5 in.","Blade Tip Speed","18,500 ft / min","Ground Speed","Up to 12.0 mph","Fuel Capacity","10.0 gallons","","","Weight","1,260 lbs / 571.5 kg","brands/toro/images/products/74016.jpg","","","https://www.westendpower.com/new-models/toro-74016-60-in-4000-z-master-tf2d31hp-k-fxhdx-pxlf-29371952b","","","","","","","","","","","","","","","","","","","","","","","","","0"
"74020","Toro Z-Master 4000 - 60"" Zero-Turn Mower","T","0","T","0","TORO","Mowers","RIDING","T","T","T","Products","T","","16221","Gas","","","0","0","T","2026-10-31","2026-08-01","650","","14599","","4000 Series","318","","Zero-Turns / Commercial","4000 Series","T","","","","","","","","","","","","","","","","","","","","Kawasaki","60","Engine","Kawasaki","Horsepower","35 hp / 999 cc","Transmission","ZT-5400","Mower Deck","60"" Fabricated","Cutting Height","1.5 - 5.5 in.","Blade Tip Speed","18,500 ft / min","Ground Speed","Up to 12.0 mph","Fuel Capacity","10.0 gallons","","","Weight","1,285 lbs / 582.9 kg","brands/toro/images/products/74020.jpg","","","https://www.westendpower.com/new-models/toro-74020-60-in-4000-z-master-tf2d35hpkfx-26-in-tt-29371956b","","","","","","","","","","","","","","","","","","","","","","","","","0"
"74022","Toro Z-Master 4000 - 72"" Zero-Turn Mower","T","0","T","0","TORO","Mowers","RIDING","T","T","T","Products","T","","16999","Gas","","","0","0","T","2026-10-31","2026-08-01","650","","15299","","4000 Series","321","","Zero-Turns / Commercial","4000 Series","T","","","","","","","","","","","","","","","","","","","","Kawasaki","72","Engine","Kawasaki","Horsepower","35 hp / 999 cc","Transmission","ZT-5400","Mower Deck","72"" Fabricated","Cutting Height","1.5 - 5.5 in.","Blade Tip Speed","18,500 ft / min","Ground Speed","Up to 12.0 mph","Fuel Capacity","10.0 gallons","","","Weight","1,383 lbs / 627.3 kg","brands/toro/images/products/74022.jpg","","","https://www.westendpower.com/new-models/toro-74022-72-in-4000-z-master-tf2d35hpkfx-26-in-tt-29371962b","","","","","","","","","","","","","","","","","","","","","","","","","0"
"74024","Toro Z-Master 4000 - 72"" Zero-Turn Mower","T","0","T","0","TORO","Mowers","RIDING","T","T","T","Products","T","","17443","Gas","","","0","0","T","2026-10-31","2026-08-01","650","","15699","","4000 Series","322","","Zero-Turns / Commercial","4000 Series","T","","","","","","","","","","","","","","","","","","","","Kawasaki","72","Engine","Kawasaki","Horsepower","35 hp / 999 cc","Transmission","ZT-5400","Mower Deck","72"" Fabricated","Cutting Height","1.5 - 5.5 in.","Blade Tip Speed","18,500 ft / min","Ground Speed","Up to 12.0 mph","Fuel Capacity","10.0 gallons","Seat","MyRIDE","Weight","1,448 lbs / 656.8 kg","brands/toro/images/products/74024.jpg","","","https://www.westendpower.com/new-models/toro-74024-72-in-4000-zmaster-tf2d35hpkfx-26-in-vtt-29371965b","","","","","","","","","","","","","","","","","","","","","","","","","0"
"72907","Toro Z-Master 5000 - 52"" Zero-Turn Mower ","T","0","T","0","TORO","Mowers","RIDING","T","T","T","Products","T","","18221","Gas","","","0","0","T","","","","","16399","","5000 Series","324","","Zero-Turns / Commercial","5000 Series","T","","","","","","","","","","","","","","","","","","","","Kohler","52","","","","","","","","","","","","","","","","","","","","","","","","","","","","","","","","","","","","","","","","","","","","","","","","","0"
"72908","Toro Z-Master 5000 - 52"" Zero-Turn Mower","T","0","T","0","TORO","Mowers","RIDING","T","T","T","Products","T","","18666","Gas","","","0","0","T","","","","","16799","","5000 Series","326","","Zero-Turns / Commercial","5000 Series","T","","","","","","","","","","","","","","","","","","","","Kohler","52","Engine","Kohler","Horsepower","26.5 hp / 747 cc","","","Mower Deck","52"" Fabricated","Cutting Height","1.0 - 5.5 in.","Blade Tip Speed","18,500 ft / min","Ground Speed","Up to 10.0 mph","Fuel Capacity","12.0 gallons","","","Weight","1,335 lbs / 605.5 kg","brands/toro/images/products/72908.jpg","","","","","","","","","","","","","","","","","","","","","","","","","","","","0"
"72955","Toro Z-Master 5000 - 52"" Zero-Turn Mower","T","0","T","0","TORO","Mowers","RIDING","T","T","T","Products","T","","18554","Gas","","","0","0","T","","","","","16699","","5000 Series","325","","Zero-Turns / Commercial","5000 Series","T","","","","","","","","","","","","","","","","","","","","Kohler","52","Engine","Kohler","Horsepower","25 hp / 747 cc","","","Mower Deck","52"" Fabricated","Cutting Height","1.0 - 5.5 in.","Blade Tip Speed","18,500 ft / min","Ground Speed","Up to 10.0 mph","Fuel Capacity","12.0 gallons","Seat","MyRIDE","Weight","1,137 lbs / 515.7 kg","brands/toro/images/products/72955.jpg","","","","","","","","","","","","","","","","","","","","","","","","","","","","0"
"72956","Toro Z-Master 5000 - 52"" Zero-Turn Mower","T","0","T","0","TORO","Mowers","RIDING","T","T","T","Products","T","","19110","Gas","","","0","0","T","","","","","17199","","5000 Series","327","","Zero-Turns / Commercial","5000 Series","T","","","","","","","","","","","","","","","","","","","","Kohler","52","Engine","Kohler","Horsepower","26.5 hp / 747 cc","","","Mower Deck","52"" Fabricated","Cutting Height","1.0 - 5.5 in.","Blade Tip Speed","18,500 ft / min","Ground Speed","Up to 10.0 mph","Fuel Capacity","12.0 gallons","Seat","MyRIDE","Weight","1,137 lbs / 515.7 kg","brands/toro/images/products/72956.jpg","","","https://www.westendpower.com/new-models/toro-72956-265-hp-5000-zmaster-52-in-turbo-f-mr-kcp-29371982b","","","","","","","","","","","","","","","","","","","","","","","","","0"
"72957","Toro Z-Master 5000 - 60"" Zero-Turn Mower","T","0","T","0","TORO","Mowers","RIDING","T","T","T","Products","T","","20666","Gas","","","0","0","T","","","","","18599","","5000 Series","333","","Zero-Turns / Commercial","5000 Series","T","","","","","","","","","","","","","","","","","","","","Kohler","60","Engine","Kohler","Horsepower","26.5 hp / 747 cc","","","Mower Deck","52"" Fabricated","Cutting Height","1.0 - 5.5 in.","Blade Tip Speed","18,500 ft / min","Ground Speed","Up to 10.0 mph","Fuel Capacity","12.0 gallons","Seat","MyRIDE","Weight","1,132 lbs / 513.5 kg","brands/toro/images/products/72957.jpg","","","https://www.westendpower.com/new-models/toro-72957-265-hp-5000-zmaster-60-in-turbo-f-mr-kcp-29371986b","","","","","","","","","","","","","","","","","","","","","","","","","0"
"72910","Toro Z-Master 5000 - 60"" Zero-Turn Mower","T","0","T","0","TORO","Mowers","RIDING","T","T","T","Products","T","","17443","Gas","","","0","0","T","","","","","15699","","5000 Series","331","","Zero-Turns / Commercial","5000 Series","T","","","","","","","","","","","","","","","","","","","","Kawasaki","60","Engine","Kawasaki","Horsepower","25.5 hp / 852 cc","","","Mower Deck","60"" Fabricated","Cutting Height","1.0 - 5.5 in.","Blade Tip Speed","18,500 ft / min","Ground Speed","Up to 10.0 mph","Fuel Capacity","12.0 gallons","","","Weight","1,132 lbs / 513.5 kg","brands/toro/images/products/72910.jpg","","","https://www.westendpower.com/new-models/toro-72910-255-hp-5000-z-master-60-in-turbo-f-kfx-29371988b","","","","","","","","","","","","","","","","","","","","","","","","","0"
"72911","Toro Z-Master 5000 - 60"" Zero-Turn Mower ","T","0","T","0","TORO","Mowers","RIDING","T","T","T","Products","T","","19443","Gas","","","0","0","T","","","","","17499","","5000 Series","330","","Zero-Turns / Commercial","5000 Series","T","","","","","","","","","","","","","","","","","","","","Kohler","60","Engine","Kohler","Horsepower","25 hp / 747 cc","","","Mower Deck","60"" Fabricated","Cutting Height","1.0 - 5.5 in.","Blade Tip Speed","18,500 ft / min","Ground Speed","Up to 10.0 mph","Fuel Capacity","12.0 gallons","","","Weight","1,240 lbs / 562.5 kg","","","","","","","","","","","","","","","","","","","","","","","","","","","","","0"
"72912","Toro Z-Master 5000 - 72"" Zero-Turn Mower","T","0","T","0","TORO","Mowers","RIDING","T","T","T","Products","T","","19888","Gas","","","0","0","T","","","","","17899","","5000 Series","336","","Zero-Turns / Commercial","5000 Series","T","","","","","","","","","","","","","","","","","","","","Kohler","72","Engine","Kohler","Horsepower","26.5 hp / 747 cc","","","Mower Deck","72"" Fabricated","Cutting Height","1.0 - 5.5 in.","Blade Tip Speed","18,500 ft / min","Ground Speed","Up to 10.0 mph","Fuel Capacity","12.0 gallons","","","Weight","1,335 lbs / 605.5 kg","","","","","","","","","","","","","","","","","","","","","","","","","","","","","0"
"72930","Toro Z-Master 5000 - 60"" Zero-Turn Mower","T","0","T","0","TORO","Mowers","RIDING","T","T","T","Products","T","","18777","Gas","","","0","0","T","","","","","16899","","5000 Series","328","","Zero-Turns / Commercial","5000 Series","T","","","","","","","","","","","","","","","","","","","","Kohler","60","Engine","Kohler","Horsepower","25 hp / 747 cc","","","Mower Deck","60"" Fabricated","Cutting Height","1.0 - 5.5 in.","Blade Tip Speed","18,500 ft / min","Ground Speed","Up to 10.0 mph","Fuel Capacity","12.0 gallons","","","Weight","1,240 lbs / 562.5 kg","brands/toro/images/products/72930.jpg","","","https://www.westendpower.com/new-models/toro-72930-25-hp-5000-z-master-60-in-turbo-f-dkcpefi-29371998b","","","","","","","","","","","","","","","","","","","","","","","","","0"
"72918","Toro Z-Master 5000 - 72"" Zero-Turn Mower","T","0","T","0","TORO","Mowers","RIDING","T","T","T","Products","T","","19443","Gas","","","0","0","T","","","","","17499","","5000 Series","335","","Zero-Turns / Commercial","5000 Series","T","","","","","","","","","","","","","","","","","","","","Kohler","72","Engine","Kohler","Horsepower","26.5 hp / 747 cc","","","Mower Deck","72"" Fabricated","Cutting Height","1.0 - 5.5 in.","Blade Tip Speed","18,500 ft / min","Ground Speed","Up to 10.0 mph","Fuel Capacity","12.0 gallons","","","Weight","1,250 lbs / 567 kg","brands/toro/images/products/72918.jpg","","","https://www.westendpower.com/new-models/toro-72918-265hp-5000-zmaster-72-in-turbo-f-dkcpefi-29372021b","","","","","","","","","","","","","","","","","","","","","","","","","0"
"72922","Toro Z-Master 5000 - 72"" Zero-Turn Mower ","T","0","T","0","TORO","Mowers","RIDING","T","T","T","Products","T","","20888","Gas","","","0","0","T","","","","","18799","","5000 Series","337","","Zero-Turns / Commercial","5000 Series","T","","","","","","","","","","","","","","","","","","","","Kohler","72","Engine","Kohler","Horsepower","26.5 hp / 747 cc","","","Mower Deck","72"" Fabricated","Cutting Height","1.0 - 5.5 in.","Blade Tip Speed","18,500 ft / min","Ground Speed","Up to 10.0 mph","Fuel Capacity","12.0 gallons","","","Weight","1,315 lbs / 596.5 kg","brands/toro/images/products/72922.jpg","","","","","","","","","","","","","","","","","","","","","","","","","","","","0"
"72923","Toro Z-Master 5000 - 60"" Zero-Turn Mower","T","0","T","0","TORO","Mowers","RIDING","T","T","T","Products","T","","19332","Gas","","","0","0","T","","","","","17399","","5000 Series","329","","Zero-Turns / Commercial","5000 Series","T","","","","","","","","","","","","","","","","","","","","Kohler","60","","","","","","","","","","","","","","","","","","","","","","","","","","","","","","","","","","","","","","","","","","","","","","","","","0"
"72924","Toro Z-Master 5000 - 60"" RD Zero-Turn Mower ","T","0","T","0","TORO","Mowers","RIDING","T","T","T","Products","T","","20777","Gas","","","0","0","T","","","","","18699","","5000 Series","334","","Zero-Turns / Commercial","5000 Series","T","","","","","","","","","","","","","","","","","","","","Kohler","60","Engine","Kohler","Horsepower","26.5 hp / 747 cc","","","Mower Deck","60"" Fabricated","Cutting Height","1.0 - 5.5 in.","Blade Tip Speed","18,500 ft / min","Ground Speed","Up to 10.0 mph","Fuel Capacity","12.0 gallons","","","Weight","1,315 lbs / 596.5 kg","brands/toro/images/products/72924.jpg","","","https://www.westendpower.com/new-models/toro-72924-265-hp-5000-zmaster-60-in-turbo-frd-dkcp-29372024b","","","","","","","","","","","","","","","","","","","","","","","","","0"
"72953","Toro Z-Master 5000 - 60"" Zero-Turn Mower","T","0","T","0","TORO","Mowers","RIDING","T","T","T","Products","T","","20110","Gas","","","0","0","T","","","","","18099","","5000 Series","332","","Zero-Turns / Commercial","5000 Series","T","","","","","","","","","","","","","","","","","","","","Kohler","60","Engine","Kohler","Horsepower","25 hp / 747 cc","","","Mower Deck","60"" Fabricated","Cutting Height","1.0 - 5.5 in.","Blade Tip Speed","18,500 ft / min","Ground Speed","Up to 10.0 mph","Fuel Capacity","12.0 gallons","","","Weight","1,335 lbs / 605.5 kg","","","","","","","","","","","","","","","","","","","","","","","","","","","","","0"
"72926","Toro Z-Master 6000 - 60"" Zero-Turn Mower","T","0","T","0","TORO","Mowers","RIDING","T","T","T","Products","T","","20999","Gas","","","0","0","T","","","","","18899","","6000 Series","339","","Zero-Turns / Commercial","6000 Series","T","","","","","","","","","","","","","","","","","","","","Kohler","60","Engine","Kohler","Horsepower","26.5 hp / 747 cc","","","Mower Deck","60"" Fabricated","Cutting Height","1.0 - 5.5 in.","Blade Tip Speed","18,500 ft / min","Ground Speed","Up to 11.5 mph","Fuel Capacity","12.0 gallons","","","Weight","1,245 lbs / 564.72 kg","brands/toro/images/products/72926.jpg","","","https://www.westendpower.com/new-models/toro-72926-60-6000-z-master-turbo-force-d265hp-kefi-29372059b","","","","","","","","","","","","","","","","","","","","","","","","","0"
"72960","Toro Z-Master 6000 - 60"" Zero-Turn Mower","T","0","T","0","TORO","Mowers","RIDING","T","T","T","Products","T","","21777","Gas","","","0","0","T","","","","","19599","","6000 Series","340","","Zero-Turns / Commercial","6000 Series","T","","","","","","","","","","","","","","","","","","","","Kawasaki","60","Engine","Kohler","Horsepower","31 hp / 999 cc","","","Mower Deck","60"" Fabricated","Cutting Height","1.0 - 5.5 in.","Blade Tip Speed","18,500 ft / min","Ground Speed","Up to 11.5 mph","Fuel Capacity","12.0 gallons","","","Weight","1,271 lbs / 576.5 kg","brands/toro/images/products/72960.jpg","","","https://www.westendpower.com/new-models/toro-72960-60-in-6000-z-master-turbo-f-d31hp-k-fx-29372063b","","","","","","","","","","","","","","","","","","","","","","","","","0"
"72965","Toro Z-Master 6000 - 60"" Zero-Turn Mower","T","0","T","0","TORO","Mowers","RIDING","T","T","T","Products","T","","21888","Gas","","","0","0","T","","","","","19699","","6000 Series","341","","Zero-Turns / Commercial","6000 Series","T","","","","","","","","","","","","","","","","","","","","Kawasaki","60","Engine","Kawasaki","Horsepower","31 hp / 999 cc","","","Mower Deck","60"" Fabricated","Cutting Height","1.0 - 5.5 in.","Blade Tip Speed","18,500 ft / min","Ground Speed","Up to 11.5 mph","Fuel Capacity","12.0 gallons","","","Weight","1,297 lbs / 588.3 kg","","","","","","","","","","","","","","","","","","","","","","","","","","","","","0"
"72967","Toro Z-Master 6000 - 60"" Zero-Turn Mower","T","0","T","0","TORO","Mowers","RIDING","T","T","T","Products","T","","22554","Gas","","","0","0","T","","","","","20299","","6000 Series","342","","Zero-Turns / Commercial","6000 Series","T","","","","","","","","","","","","","","","","","","","","Kawasaki","60","Engine","Kawasaki","Horsepower","31 hp / 999 cc","","","Mower Deck","60"" Fabricated","Cutting Height","1.0 - 5.5 in.","Blade Tip Speed","18,500 ft / min","Ground Speed","Up to 11.5 mph","Fuel Capacity","12.0 gallons","Seat","MyRIDE","Weight","1,271 lbs / 576.5 kg","brands/toro/images/products/72967.jpg","","","https://www.westendpower.com/new-models/toro-72967-60-in-6000-z-master-turbo-f-d31hp-kfx-myr-29372071b","","","","","","","","","","","","","","","","","","","","","","","","","0"
"72976","Toro Z-Master 6000 - 60"" Zero-Turn Mower","T","0","T","0","TORO","Mowers","RIDING","T","T","T","Products","T","","20666","Gas","","","0","0","T","","","","","20399","","6000 Series","345","","Zero-Turns / Commercial","6000 Series","T","","","","","","","","","","","","","","","","","","","","Kohler","60","Engine","Kohler","Horsepower","38 hp / 999 cc","","","Mower Deck","60"" Fabricated","Cutting Height","1.0 - 5.5 in.","Blade Tip Speed","18,500 ft / min","Ground Speed","Up to 11.5 mph","Fuel Capacity","12.0 gallons","","","Weight","1,200 lbs / 544 kg","brands/toro/images/products/72976.jpg","","","https://www.westendpower.com/new-models/toro-72976-60-in-6000-z-master-tf-deck-38-hp-kcpefi-29372075b","","","","","","","","","","","","","","","","","","","","","","","","","0"
"72928","Toro Z-Master 6000 - 72"" Zero-Turn Mower","T","0","T","0","TORO","Mowers","RIDING","T","T","T","Products","T","","21666","Gas","","","0","0","T","","","","","19499","","6000 Series","347","","Zero-Turns / Commercial","6000 Series","T","","","","","","","","","","","","","","","","","","","","Kohler","72","Engine","Kohler","Horsepower","26.5 hp / 747 cc","","","Mower Deck","72"" Fabricated","Cutting Height","1.0 - 5.5 in.","Blade Tip Speed","18,500 ft / min","Ground Speed","Up to 11.5 mph","Fuel Capacity","12.0 gallons","","","Weight","1,335 lbs / 605.5 kg","brands/toro/images/products/72928.jpg","","","https://www.westendpower.com/new-models/toro-72928-72-in-6000-z-master-turbo-f-d265hp-kefi-29372080b","","","","","","","","","","","","","","","","","","","","","","","","","0"
"72961","Toro Z-Master 6000 - 72"" Zero-Turn Mower","T","0","T","0","TORO","Mowers","RIDING","T","T","T","Products","T","","22554","Gas","","","0","0","T","","","","","20299","","6000 Series","348","","Zero-Turns / Commercial","6000 Series","T","","","","","","","","","","","","","","","","","","","","Kawasaki","72","Engine","Kawasaki","Horsepower","31 hp / 999 cc","","","Mower Deck","72"" Fabricated","Cutting Height","1.0 - 5.5 in.","Blade Tip Speed","18,500 ft / min","Ground Speed","Up to 11.5 mph","Fuel Capacity","12.0 gallons","","","Weight","1,329 lbs / 602.8 kg","brands/toro/images/products/72961.jpg","","","https://www.westendpower.com/new-models/toro-72961-72-in-6000-z-master-turbo-f-d31hp-k-fx-29372083b","","","","","","","","","","","","","","","","","","","","","","","","","0"
"72968","Toro Z-Master 6000 - 72"" Zero-Turn Mower","T","0","T","0","TORO","Mowers","RIDING","T","T","T","Products","T","","23110","Gas","","","0","0","T","","","","","20799","","6000 Series","349","","Zero-Turns / Commercial","6000 Series","T","","","","","","","","","","","","","","","","","","","","Kawasaki","72","Engine","Kawasaki","Horsepower","31 hp / 999 cc","","","Mower Deck","72"" Fabricated","Cutting Height","1.0 - 5.5 in.","Blade Tip Speed","18,500 ft / min","Ground Speed","Up to 11.5 mph","Fuel Capacity","12.0 gallons","Seat","MyRIDE","Weight","1,395 lbs / 632.8 kg","brands/toro/images/products/72968.jpg","","","https://www.westendpower.com/new-models/toro-72968-72-in-6000-z-master-turbo-f-d31hp-kfx-myr-29372089b","","","","","","","","","","","","","","","","","","","","","","","","","0"
"72977","Toro Z-Master 6000 - 72"" Zero-Turn Mower","T","0","T","0","TORO","Mowers","RIDING","T","T","T","Products","T","","23221","Gas","","","0","0","T","","","","","20899","","6000 Series","352","","Zero-Turns / Commercial","6000 Series","T","","","","","","","","","","","","","","","","","","","","Kohler","72","Engine","Kohler","Horsepower","38 hp / 999 cc","","","Mower Deck","72"" Fabricated","Cutting Height","1.0 - 5.5 in.","Blade Tip Speed","18,500 ft / min","Ground Speed","Up to 11.5 mph","Fuel Capacity","12.0 gallons","","","Weight","1,195 lbs / 542 kg","brands/toro/images/products/72977.jpg","","","https://www.westendpower.com/new-models/toro-72977-72-in-6000-z-master-tf-d38hp-kohler-cpefi-29372092b","","","","","","","","","","","","","","","","","","","","","","","","","0"
"72980","Toro Z-Master 6000 - 60"" Zero-Turn Mower","T","0","T","0","TORO","Mowers","RIDING","T","T","T","Products","T","","21666","Gas","","","0","0","T","","","","","19499","","6000 Series","343","","Zero-Turns / Commercial","6000 Series","T","","","","","","","","","","","","","","","","","","","","Vanguard","60","Engine","Vanguard","Horsepower","37 hp / 993 cc","","","Mower Deck","60"" Fabricated","Cutting Height","1.0 - 5.5 in.","Blade Tip Speed","18,500 ft / min","Ground Speed","Up to 12.0 mph","Fuel Capacity","12.0 gallons","","","Weight","1,233 lbs / 559.3 kg","","","","","","","","","","","","","","","","","","","","","","","","","","","","","0"
"72981","Toro Z-Master 6000 - 60"" Zero-Turn Mower","T","0","T","0","TORO","Mowers","RIDING","T","T","T","Products","T","","22666","Gas","","","0","0","T","","","","","20399","","6000 Series","344","","Zero-Turns / Commercial","6000 Series","T","","","","","","","","","","","","","","","","","","","","Vanguard","60","Engine","Vanguard","Horsepower","37 hp / 993 cc","","","Mower Deck","60"" Fabricated","Cutting Height","1.0 - 5.5 in.","Blade Tip Speed","18,500 ft / min","Ground Speed","Up to 12.0 mph","Fuel Capacity","12.0 gallons","","","Weight","1,233 lbs / 559.3 kg","brands/toro/images/products/72981.jpg","","","https://www.westendpower.com/new-models/toro-72981-60-in-6000-z-master-tf-37hp-v-efi-og-etc-29372103b","","","","","","","","","","","","","","","","","","","","","","","","","0"
"72983","Toro Z-Master 6000 - 72"" Zero-Turn Mower","T","0","T","0","TORO","Mowers","RIDING","T","T","T","Products","T","","23221","Gas","","","0","0","T","","","","","20899","","6000 Series","351","","Zero-Turns / Commercial","6000 Series","T","","","","","","","","","","","","","","","","","","","","Vanguard","72","Engine","Vanguard","Horsepower","37 hp / 993 cc","","","Mower Deck","72"" Fabricated","Cutting Height","1.0 - 5.5 in.","Blade Tip Speed","18,500 ft / min","Ground Speed","Up to 12.0 mph","Fuel Capacity","12.0 gallons","","","Weight","1,233 lbs / 559.3 kg","brands/toro/images/products/72983.jpg","","","https://www.westendpower.com/new-models/toro-72983-72-in-6000-z-master-tf-37hp-v-efi-og-etc-29372106b","","","","","","","","","","","","","","","","","","","","","","","","","0"
"72982","Toro Z-Master 6000 - 72"" Zero-Turn Mower","T","0","T","0","TORO","Mowers","RIDING","T","T","T","Products","T","","22221","Gas","","","0","0","T","","","","","19999","","6000 Series","350","","Zero-Turns / Commercial","6000 Series","T","","","","","","","","","","","","","","","","","","","","Vanguard","72","Engine","Vanguard","Horsepower","37 hp / 993 cc","","","Mower Deck","72"" Fabricated","Cutting Height","1.0 - 5.5 in.","Blade Tip Speed","18,500 ft / min","Ground Speed","Up to 12.0 mph","Fuel Capacity","12.0 gallons","","","Weight","1,294 lbs / 586.9 kg","","","","","","","","","","","","","","","","","","","","","","","","","","","","","0"
"72027","Toro Z-Master 7500 - 60"" Zero-Turn Mower","T","0","T","0","TORO","Mowers","RIDING","T","T","T","Products","T","","31221","Diesel","","","0","0","T","","","","","28099","","7500 Series","354","","Zero-Turns / Commercial","7500 Series","T","","","","","","","","","","","","","","","","","","","","Yanmar","60","Engine","Yanmar","Horsepower","25 hp / 1,267 cc","","","Mower Deck","60"" Fabricated","Cutting Height","1.0 - 5.5 in.","Blade Tip Speed","18,200 ft / min","Ground Speed","Up to 12.5 mph","Fuel Capacity","12.5 gallons","","","Weight","1,900 lbs / 861.8 kg","brands/toro/images/products/72027.jpg","","","https://www.westendpower.com/new-models/toro-72027-60-in-7500-z-master-turbo-force-d25hp-ytd-29372117b","","","","","","","","","","","","","","","","","","","","","","","","","0"
"72028","Toro Z-Master 7500 - 60"" RD Zero-Turn Mower","T","0","T","0","TORO","Mowers","RIDING","T","T","T","Products","T","","32554","Diesel","","","0","0","T","","","","","29299","","7500 Series","355","","Zero-Turns / Commercial","7500 Series","T","","","","","","","","","","","","","","","","","","","","Yanmar","60","Engine","Yanmar","Horsepower","25 hp / 1,267 cc","","","Mower Deck","60"" Fabricated","Cutting Height","1.0 - 5.5 in.","Blade Tip Speed","18,200 ft / min","Ground Speed","Up to 12.5 mph","Fuel Capacity","12.5 gallons","","","Weight","1,900 lbs / 861.8 kg","brands/toro/images/products/72028.jpg","","","https://www.westendpower.com/new-models/toro-72028-60-in-7500-z-master-turbo-f-rd-d25hp-ytd-29372119b","","","","","","","","","","","","","","","","","","","","","","","","","0"
"72029","Toro Z-Master 7500 - 72"" RD Zero-Turn Mower","T","0","T","0","TORO","Mowers","RIDING","T","T","T","Products","T","","33554","Diesel","","","0","0","T","","","","","30199","","7500 Series","357","","Zero-Turns / Commercial","7500 Series","T","","","","","","","","","","","","","","","","","","","","Yanmar","72","Engine","Yanmar","Horsepower","25 hp / 1,267 cc","","","Mower Deck","72"" Fabricated","Cutting Height","1.0 - 5.5 in.","Blade Tip Speed","18,200 ft / min","Ground Speed","Up to 12.5 mph","Fuel Capacity","12.5 gallons","","","Weight","2,041 lbs / 925.8 kg","brands/toro/images/products/72029.jpg","","","https://www.westendpower.com/new-models/toro-72029-72-in-7500-z-master-turbo-f-rd-d-25hp-ytd-29372125b","","","","","","","","","","","","","","","","","","","","","","","","","0"
"72030","Toro Z-Master 7500 - 72"" Zero-Turn Mower","T","0","T","0","TORO","Mowers","RIDING","T","T","T","Products","T","","31777","Diesel","","","0","0","T","","","","","28599","","7500 Series","356","","Zero-Turns / Commercial","7500 Series","T","","","","","","","","","","","","","","","","","","","","Yanmar","72","Engine","Yanmar","Horsepower","25 hp / 1,267 cc","","","Mower Deck","72"" Fabricated","Cutting Height","1.0 - 5.5 in.","Blade Tip Speed","18,200 ft / min","Ground Speed","Up to 12.5 mph","Fuel Capacity","12.5 gallons","","","Weight","2,041 lbs / 925.8 kg","brands/toro/images/products/72030.jpg","","","https://www.westendpower.com/new-models/toro-72030-72-in-7500-z-master-turbo-f-deck-hp-ytd-29372128b","","","","","","","","","","","","","","","","","","","","","","","","","0"
"72074","Toro Z-Master 7500 - 72"" RD Zero-Turn Mower","T","0","T","0","TORO","Mowers","RIDING","T","T","T","Products","T","","40777","Diesel","","","0","0","T","","","","","36699","","7500 Series","359","","Zero-Turns / Commercial","7500 Series","T","","","","","","","","","","","","","","","","","","","","Yanmar","72","Engine","Yanmar","Horsepower","37 hp / 1,642 cc","","","Mower Deck","72"" Fabricated","Cutting Height","1.0 - 5.5 in.","Blade Tip Speed","18,500 ft / min","Ground Speed","Up to 12.5 mph","Fuel Capacity","12.5 gallons","","","Weight","2,143 lbs / 972 kg","brands/toro/images/products/72074.jpg","","","https://www.westendpower.com/new-models/toro-72074-72-in-7500-z-master-turbo-f-rd-d-37hp-yd-29372133b","","","","","","","","","","","","","","","","","","","","","","","","","0"
"72076","Toro Z-Master 7500 - 72"" Zero-Turn Mower","T","0","T","0","TORO","Mowers","RIDING","T","T","T","Products","T","","40110","Diesel","","","0","0","T","","","","","36099","","7500 Series","358","","Zero-Turns / Commercial","7500 Series","T","","","","","","","","","","","","","","","","","","","","Yanmar","72","Engine","Yanmar","Horsepower","37 hp / 1,642 cc","","","Mower Deck","72"" Fabricated","Cutting Height","1.0 - 5.5 in.","Blade Tip Speed","18,500 ft / min","Ground Speed","Up to 12.5 mph","Fuel Capacity","12.5 gallons","","","Weight","2,067 lbs / 937.6 kg","brands/toro/images/products/72076.jpg","","","https://www.westendpower.com/new-models/toro-72076-72-in-7500-z-master-turbo-f-deck-37hp-yd-29372135b","","","","","","","","","","","","","","","","","","","","","","","","","0"
"72098","Toro Z-Master 7500 - 96"" Zero-Turn Mower","T","0","T","0","TORO","Mowers","RIDING","T","T","T","Products","T","","63554","Diesel","","","0","0","T","","","","","57199","","7500 Series","360","","Zero-Turns / Commercial","7500 Series","T","","","","","","","","","","","","","","","","","","","","Yanmar","96","Engine","Yanmar","Horsepower","37 hp / 1,642 cc","","","Mower Deck","96"" Fabricated","Cutting Height","1.0 - 5.5 in.","Blade Tip Speed","18,100 ft / min","Ground Speed","Up to 12.5 mph","Fuel Capacity","12.5 gallons","","","Weight","2,635 lbs / 1,195 kg","brands/toro/images/products/72098.jpg","","","https://www.westendpower.com/new-models/toro-72098-37-hp-7500-z-master-96-in-tf-rd-deck-shyd-29372138b","","","","","","","","","","","","","","","","","","","","","","","","","0"
"74090","Toro Z-Master 7500 - 96"" Zero-Turn Mower","T","0","T","0","TORO","Mowers","RIDING","T","T","T","Products","T","","46888","Gas","","","0","0","T","","","","","42199","","7500 Series","361","","Zero-Turns / Commercial","7500 Series","T","","","","","","","","","","","","","","","","","","","","Kohler","96","Engine","Kohler","Horsepower","38 hp","","","Mower Deck","96"" Fabricated","Cutting Height","1.0 - 5.5 in.","Blade Tip Speed","18,100 ft / min","Ground Speed","Up to 11.5 mph","Fuel Capacity","12.0 gallons","","","Weight","2,187 lbs / 992 kg","brands/toro/images/products/74090.jpg","","","https://www.westendpower.com/new-models/toro-74090-96-in-7500-z-master-tf-rd-deck-38hp-kefi-29372945b","","","","","","","","","","","","","","","","","","","","","","","","","0"
"72144","Toro Z-Master 7500 - 144"" Zero-Turn Mower","T","0","T","0","TORO","Mowers","RIDING","T","T","T","Products","T","","94999","Diesel","","","0","0","T","","","","","85499","","7500 Series","362","","Zero-Turns / Commercial","7500 Series","T","","","","","","","","","","","","","","","","","","","","Yanmar","144","Engine","Yanmar","Horsepower","44 hp / 1,568 cc","","","Mower Deck","144"" Fabricated","Cutting Height","1.0 - 5.5 in.","Blade Tip Speed","18,500 ft / min","","","Fuel Capacity","12.5 gallons","","","Weight","3,280 lbs / 1,483.2 kg","brands/toro/images/products/72144.jpg","","","https://www.westendpower.com/new-models/toro-72144-44-hp-7500-z-master-144-in-tf-rd-deck-ytd-29372949b","","","","","","","","","","","","","","","","","","","","","","","","","0"
"74316","Toro Z-Master 8000 - 42"" Direct Collect Z","T","0","T","0","TORO","Mowers","RIDING","T","T","T","Products","T","","21443","Gas","","","0","0","T","","","","","19299","","8000 Series","364","","Zero-Turns / Commercial","8000 Series","T","","","","","","","","","","","","","","","","","","","","Kohler","42","Engine","Kohler","Horsepower","25 hp / 725 cc","","","Mower Deck","42"" Fabricated","Cutting Height","1.0 - 4.0 in.","Blade Tip Speed","18,500 ft / min","Ground Speed","Up to 7.0 mph","Fuel Capacity","7.5 gallons","","","Weight","1,214 lbs / 550.7 kg","brands/toro/images/products/74316.jpg","","","https://www.westendpower.com/new-models/toro-74316-25-hp-kohler-command-pro-w42-in-deck-29372951b","","","","","","","","","","","","","","","","","","","","","","","","","0"
"74314","Toro Z-Master 8000 - 48"" Direct Collect Z","T","0","T","0","TORO","Mowers","RIDING","T","T","T","Products","T","","22777","Gas","","","0","0","T","","","","","20499","","8000 Series","365","","Zero-Turns / Commercial","8000 Series","T","","","","","","","","","","","","","","","","","","","","Kohler","48","Engine","Kohler","Horsepower","23 hp / 747 cc","","","Mower Deck","48"" Fabricated","Cutting Height","1.0 - 4.0 in.","Blade Tip Speed","18,500 ft / min","Ground Speed","Up to 7.0 mph","Fuel Capacity","7.5 gallons","","","Weight","1,210 lbs / 548.8 kg","brands/toro/images/products/74314.jpg","","","https://www.westendpower.com/new-models/toro-74314-23-hp-kohler-command-pro-efi-w48-in-deck-29372953b","","","","","","","","","","","","","","","","","","","","","","","","","0"
"39514","Toro 24"" Stand-On Aerator","T","0","T","0","TORO","Aerators","RIDING","T","T","T","Products","T","","14443","","","","0","0","T","","","","","12999","","","457","","Walk-Behind","","T","","","","","","","","","","","","","","","","","","","","","","Engine","Kohler","","","","","Aerating Width","24 in.","Aerating Depth","5 in.","Tine Heads","36 Tines","Ground Speed","Up to 7.0 mph","Fuel Capacity","1.85 gallons","","","Weight","989 lbs / 448.6 kg","brands/toro/images/products/39514.jpg","","","https://www.westendpower.com/new-models/toro-39514-24-in-stand-on-aerator-29372972b","","","","","","","","","","","","","","","","","","","","","","","","","0"
"39521","Toro 30"" Stand-On Aerator E-Depth","T","0","T","0","TORO","Aerators","RIDING","T","T","T","Products","T","","15332","","","","0","0","T","","","","","13799","","","458","","Walk-Behind","","T","","","","","","","","","","","","","","","","","","","","","","Engine","Kawasaki","","","","","Aerating Width","30 in.","Aerating Depth","5 in.","Tine Heads","48 Tines","Ground Speed","Up to 7.5 mph","Fuel Capacity","5.0 gallons","","","Weight","1,050 lbs / 476.3 kg","brands/toro/images/products/39521.jpg","","","https://www.westendpower.com/new-models/toro-39521-30-in-stand-on-aerator-e-depth-29372975b","","","","","","","","","","","","","","","","","","","","","","","","","0"
"34230","Toro Spray Master ","T","0","T","0","TORO","Sprayers","RIDING","T","T","T","Products","T","","14666","","","","0","0","T","","","","","13199","","","461","","Ride-On","","T","","","","","","","","","","","","","","","","","","","","","","Engine","Kohler","Horsepower","9.5 hp / 277 cc","Spreading Width","4 - 22 ft","Spreader Capacity","175 lbs.","Spray Width","4 - 10 ft.","Spray Capacity","20 gallons","Ground Speed","Up to 5.5 mph","Fuel Capacity","1.85 gallons","","","Weight","500 lbs / 226.8 kg","brands/toro/images/products/34230.jpg","","","https://www.westendpower.com/new-models/toro-34230-spray-master-lean-to-steer-w-digital-cont-29372980b","","","","","","","","","","","","","","","","","","","","","","","","","0"
"34232","Toro Spray Master","T","0","T","0","TORO","Sprayers","RIDING","T","T","T","Products","T","","15332","","","","0","0","T","","","","","13799","","","462","","Ride-On","","T","","","","","","","","","","","","","","","","","","","","","","Engine","Vanguard","Horsepower","10 hp / 307 cc","Spreading Width","4 - 22 ft.","Spreader Capacity","175 lbs.","Spray Width","4 - 10 ft.","Spray Capacity","20 gallons","Ground Speed","Up to 5.5 mph","Fuel Capacity","1.85 gallons","","","Weight","500 lbs / 226.8 kg","brands/toro/images/products/34232.jpg","","","https://www.westendpower.com/new-models/toro-34232-spray-master-lean-to-steer-w-digital-cont-29372982b","","","","","","","","","","","","","","","","","","","","","","","","","0"
"34246","Toro 24 Gallon Spray Master","T","0","T","0","TORO","Sprayers","RIDING","T","T","T","Products","T","","25554","","","","0","0","T","","","","","22999","","","463","","Ride-On","","T","","","","","","","","","","","","","","","","","","","","","","Engine","Vanguard","Horsepower","16 hp / 479 cc","Spreading Width","Up to 25 ft.","Spreader Capacity","150 lbs.","Spray Width","2', 4', 6' or 8'","Spray Capacity","24 gallons","Ground Speed","Up to 7.0 mph","Fuel Capacity","5.0 gallons","","","","","brands/toro/images/products/34246.jpg","","","https://www.westendpower.com/new-models/toro-34246-24-gal-spray-master-150-lbs-29372984b","","","","","","","","","","","","","","","","","","","","","","","","","0"
"34242","Toro 40 Gallon Spray Master","T","0","T","0","TORO","Sprayers","RIDING","T","T","T","Products","T","","26666","","","","0","0","T","","","","","23999","","","464","","Ride-On","","T","","","","","","","","","","","","","","","","","","","","","","Engine","Vanguard","Horsepower","21 hp / 627 cc","Spreading Width","Up to 25 ft.","Spreader Capacity","250 lbs.","Spray Width","2', 4', 6, or 8'","Spray Capacity","40 gallons","Ground Speed","Up to 10.0 mph","Fuel Capacity","5.0 gallons","","","","","brands/toro/images/products/34242.jpg","","","https://www.westendpower.com/new-models/toro-34242-40-gal-spray-master-220-lbs-29372989b","","","","","","","","","","","","","","","","","","","","","","","","","0"
"34240","Toro 60 Gallon Spray Master","T","0","T","0","TORO","Sprayers","RIDING","T","T","T","Products","T","","26221","","","","0","0","T","","","","","23599","","","466","","Ride-On","","T","","","","","","","","","","","","","","","","","","","","","","Engine","Vanguard","Horsepower","21 hp / 627 cc","Spreading Width","Up to 25 ft.","Spreader Capacity","250 lbs.","Spray Width","2', 6', 8', or 10'","Spray Capacity","60 gallons","Ground Speed","Up to 10.0 mph","Fuel Capacity","5.0 gallons","","","Weight","950 lbs / 431 kg","brands/toro/images/products/34240.jpg","","","https://www.westendpower.com/new-models/toro-34240-60-gal-spray-master-220-lbs-ltd-qty-29373018b","","","","","","","","","","","","","","","","","","","","","","","","","0"
"34241","Toro 40 Gallon Spray Master","T","0","T","0","TORO","Sprayers","RIDING","T","T","T","Products","T","","26666","","","","0","0","T","","","","","23999","","","465","","Ride-On","","T","","","","","","","","","","","","","","","","","","","","","","Engine","Vanguard","Horsepower","23 hp / 627 cc","Spreading Width","Up to 25 ft.","Spreader Capacity","250 lbs.","Spray Width","2', 4', 6', or 8'","Spray Capacity","40 gallons","Ground Speed","Up to 10.0 mph","Fuel Capacity","5.0 gallons","","","","","brands/toro/images/products/34241.jpg","","","https://www.westendpower.com/new-models/toro-34241-stand-on-40-gallon-spraymaster-29396558b","","","","","","","","","","","","","","","","","","","","","","","","","0"
"34243","Toro 60 Gallon Spray Master","T","0","T","0","TORO","Sprayers","RIDING","T","T","T","Products","T","","27443","","","","0","0","T","","","","","24699","","","467","","Ride-On","","T","","","","","","","","","","","","","","","","","","","","","","Engine","Vanguard","Horsepower","23 hp / 627 cc","Spreading Width","Up to 25 ft.","Spreader Capacity","250 lbs.","Spray Width","2', 6', 8', or 10'","Spray Capacity","60 gallons","Ground Speed","Up to 10.0 mph","Fuel Capacity","5.0 gallons","","","Weight","950 lbs / 431 kg","brands/toro/images/products/34243.jpg","","","https://www.westendpower.com/new-models/toro-34243-60-gal-spray-master-220-lbs-29373022b","","","","","","","","","","","","","","","","","","","","","","","","","0"
"33521","Toro 28"" Brush Cutter","T","0","T","0","TORO","Brush Cutters","WALKBEHIND","T","T","T","Products","T","","6110","","","","0","0","T","","","","","5499","","","469","","Walk-Behind","","T","","","","","","","","","","","","","","","","","","","","","","","","","","","","","","","","","","","","","","","","","","","","","","","","","","","","","","","","","","","","","","","","","","","","","","0"
"33512","Toro 20"" Hydro Slit Seeder","T","0","T","0","TORO","Seeders","WALKBEHIND","T","T","T","Products","T","","6554","","","","0","0","T","","","","","5899","","","471","","Walk-Behind","","T","","","","","","","","","","","","","","","","","","","","","","Engine","Kohler","Horsepower","","Working Width","20 in.","Blade Type","10 Verticutting Blades","Hopper Capacity","40 lbs.","Seeding Depth","Up to 1""","Ground Speed","Up to 3.0 mph","Fuel Capacity","1.6 gallons","","","Weight","264 lbs / 119.7 kg","brands/toro/images/products/33512.jpg","","","https://www.westendpower.com/new-models/toro-33512-20-in-hydro-slit-seeder-kohler-29373026b","","","","","","","","","","","","","","","","","","","","","","","","","0"
"33513","Toro 18"" Mechanical Power Rake","T","0","T","0","TORO","Power Rakes","WALKBEHIND","T","T","T","Products","T","","3554","","","","0","0","T","","","","","3199","","","473","","Walk-Behind","","T","","","","","","","","","","","","","","","","","","","","","","","","","","","","","","","","","","","","","","","","","","","","","https://www.westendpower.com/new-models/toro-33513-18-in-mechanical-power-rake-29373029b","","","","","","","","","","","","","","","","","","","","","","","","","0"
