"SKU","Description","Active","AssemblyAmount","AssemblyOption","AssemblyTime","BrandID","Category","DeliveryGroup","DiscountEligible","DisplayAvailability","FinancingEligible","FreightGroup","FreightRateType","FreightPercent","FreightAmount","LocalDelivery","Model","MSRP","PowerType","ProductType","PromoName","QtyDanbury","QtyNewMilford","RebateEligible","RebateEndDate","RebateStartDate","RebateToCustomer","SaleEndDate","SalePrice","SaleStartDate","Series","SortOrder","SpecialFinancingEligible","SubCategory","System","Taxable","AllowBackorder","BuyOnlineEligible","MaximumOnLineQty","AvailabilityRequestEligible","ShippingEligible","ShippingRateType","ShipWeight","ShipLength","ShipWidth","ShipHeight","ShippingCarrierRule","ShippingRestriction","ShipsSeparately","ImageURL","WarrantyResidentialUse","WarrantyCommercialUse","GrossEngineHP","NetEngineHP","PTOHP","WeightLb","WeightKg","Weight","WeightUnit","SpecLabel1","SpecValue1","SpecLabel2","SpecValue2","SpecLabel3","SpecValue3","SpecLabel4","SpecValue4","SpecLabel5","SpecValue5","SpecLabel6","SpecValue6","SpecLabel7","SpecValue7","SpecLabel8","SpecValue8","SpecLabel9","SpecValue9","SpecLabel10","SpecValue10","ImageURL3","InventoryURL","ManualURL","ProductURL","Notes","P1-Loader","P2-Backhoe","P3-Mower","P4-Cab","B1-Transmission","B2-Tires","B3-Engine","B4-Power Type","B5-Engine Hp","B6-PTO Hp","B7","B8","B9","F1-3-Point Hitch","F2","F3","F4","F5","F6","F7","F8","F9","F10","IMageURL2"
"YP3625PWC","Yanmar YP3625PWC Pressure Washer","T","0","T","0","YANMAR","Pressure Washers","HANDHELD","T","T","T","Power Equipment","",""," ","T","YP3625PWC","599","Gas","Tool"," ","0","0","T","","","","","","","Pressure Washer","5","","Pressure Washers","Power Equipment","T","","","","","","","","","","","","","","images/Products/YP3625PWC.jpg","",""," "," "," ","","","","","","","","","","","","","","","","","","","","","","","","","","","","",""," "," "," "," "," "," "," "," "," "," "," "," "," "," "," "," "," "," "," "," "," "," "," ",""
"YP4035PWC","Yanmar YP4035PWC Pressure Washer","T","0","T","0","YANMAR","Pressure Washers","HANDHELD","T","T","T","Power Equipment","","","","T","YP4035PWC","999","Gas","Tool","","0","0","T","","","","","","","Pressure Washer","6","","Pressure Washers","Power Equipment","T","","","","","","","","","","","","","","images/Products/YP4035PWC.jpg"," "," "," "," "," ","","","","","","","","","","","","","","","","","","","","","","","","","","","","",""," "," "," "," "," "," "," "," "," "," "," "," "," "," "," "," "," "," "," "," "," "," "," ",""
"YP3725PWH","Yanmar YP3725PWH Pressure Washer","T","0","T","0","YANMAR","Pressure Washers","HANDHELD","T","T","T","Power Equipment","","","","T","YP3725PWH","899","Gas","Tool","","0","0","T","","","","","","","Pressure Washer","7","","Pressure Washers","Power Equipment","T","","","","","","","","","","","","","","images/Products/YP3725PWH.jpg"," "," "," "," "," ","","","","","","","","","","","","","","","","","","","","","","","","","","","","",""," "," "," "," "," "," "," "," "," "," "," "," "," "," "," "," "," "," "," "," "," "," "," ",""
"YP4035PWH","Yanmar YP4035PWH Pressure Washer","T","0","T","0","YANMAR","Pressure Washers","HANDHELD","T","T","T","Power Equipment","","","","T","YP4035PWH","1299","Gas","Tool","","0","0","T","","","","","","","Pressure Washer","8","","Pressure Washers","Power Equipment","T","","","","","","","","","","","","","","images/Products/YP4035PWH.jpg"," "," "," "," "," ","","","","","","","","","","","","","","","","","","","","","","","","","","","","",""," "," "," "," "," "," "," "," "," "," "," "," "," "," "," "," "," "," "," "," "," "," "," ",""
"YP2300VGC","Yanmar YP2300VGC Generator","T","0","T","0","YANMAR","Generators","HANDHELD","T","T","T","Power Equipment","","","","T","YP2300VGC","699","Gas","Tool","","0","0","T","","","","","","","Generator","11","","Generators","Power Equipment","T","","","","","","","","","","","","","","images/Products/YP2300VGC.jpg"," "," "," "," "," ","","","","","","","","","","","","","","","","","","","","","","","","","","","","",""," "," "," "," "," "," "," "," "," "," "," "," "," "," "," "," "," "," "," "," "," "," "," ",""
"YP6875GNC","Yanmar YP6875GNC Generator","T","0","T","0","YANMAR","Generators","HANDHELD","T","T","T","Power Equipment","","","","T","YP6875GNC","999","Gas","Tool","","0","0","T","","","","","","","Generator","12","","Generators","Power Equipment","T","","","","","","","","","","","","","","images/Products/YP6875GNC.jpg"," "," "," "," "," ","","","","","","","","","","","","","","","","","","","","","","","","","","","","",""," "," "," "," "," "," "," "," "," "," "," "," "," "," "," "," "," "," "," "," "," "," "," ",""
"YP10000GNC","Yanmar YP10000GNC Generator","T","0","T","0","YANMAR","Generators","HANDHELD","T","T","T","Power Equipment","","","","T","YP10000GNC","1299","Gas","Tool","","0","0","T","","","","","","","Generator","13","","Generators","Power Equipment","T","","","","","","","","","","","","","","images/Products/YP10000GNC.jpg"," "," "," "," "," ","","","","","","","","","","","","","","","","","","","","","","","","","","","","",""," "," "," "," "," "," "," "," "," "," "," "," "," "," "," "," "," "," "," "," "," "," "," ",""
"YP5500GNH","Yanmar YP5500GNH Generator","T","0","T","0","YANMAR","Generators","HANDHELD","T","T","T","Power Equipment","","","","T","YP5500GNH","1999","Gas","Tool","","0","0","T","","","","","","","Generator","14","","Generators","Power Equipment","T","","","","","","","","","","","","","","images/Products/YP5500GNH.jpg"," "," "," "," "," ","","","","","","","","","","","","","","","","","","","","","","","","","","","","",""," "," "," "," "," "," "," "," "," "," "," "," "," "," "," "," "," "," "," "," "," "," "," ",""
"YP8500GNH","Yanmar YP8500GNH Generator","T","0","T","0","YANMAR","Generators","HANDHELD","T","T","T","Power Equipment","","","","T","YP8500GNH","2499","Gas","Tool","","0","0","T","","","","","","","Generator","15","","Generators","Power Equipment","T","","","","","","","","","","","","","","images/Products/YP8500GNH.jpg"," "," "," "," "," ","","","","","","","","","","","","","","","","","","","","","","","","","","","","",""," "," "," "," "," "," "," "," "," "," "," "," "," "," "," "," "," "," "," "," "," "," "," ",""
"YP165GW","Yanmar YP165GW Compressor","T","0","T","0","YANMAR","Compressors","HANDHELD","T","T","T","Power Equipment","","","","T","YP165GW","5499","Gas","Tool","","1","1","T","","","","","","","Compressor","18","","Compressors / Welders","Power Equipment","T","","","","","","","","","","","","","","images/Products/YP165GW.jpg"," "," "," "," "," ","","","","","","","","","","","","","","","","","","","","","","","","","","","","",""," "," "," "," "," "," "," "," "," "," "," "," "," "," "," "," "," "," "," "," "," "," "," ",""
"YP158TP","Yanmar YP158TP Water Pump","T","0","T","0","YANMAR","Water Pumps","HANDHELD","T","T","T","Power Equipment","","","","T","YP158TP","499","Gas","Tool","","0","0","T","","","","","","","Water Pump","21","","Semi-Trash","Power Equipment","T","","","","","","","","","","","","","","images/Products/YO158TP.jpg"," "," "," "," "," ","","","","","","","","","","","","","","","","","","","","","","","","","","","","",""," "," "," "," "," "," "," "," "," "," "," "," "," "," "," "," "," "," "," "," "," "," "," ",""
"YP285TP","Yanmar YP285TP Water Pump","T","0","T","0","YANMAR","Water Pumps","HANDHELD","T","T","T","Power Equipment","","","","T","YP285TP","849","Gas","Tool","","0","0","T","","","","","","","Water Pump","22","","Trash","Power Equipment","T","","","","","","","","","","","","","","images/Products/YP285TP.jpg"," "," "," "," "," ","","","","","","","","","","","","","","","","","","","","","","","","","","","","",""," "," "," "," "," "," "," "," "," "," "," "," "," "," "," "," "," "," "," "," "," "," "," ",""
"YZ252","Yanmar YZ252 Zero-Turn Mower","T","0","T","0","YANMAR","Mowers","RIDING","T","T","T","ZTR","","","","T","YZ252","10599","Gas","Tool"," ","0","0","T","2026-10-31","2026-10-01","400","","","","YZ200","25","","Zero-Turns / Commercial","ZTR","T","","","","","","","","","","","","","","images/Products/YZ252.jpg","",""," "," "," ","","",""," ","Engine","Kawasaki","Horsepower","23 hp","Deck Size","52""","Transmission","HG ZT-3100","","","","","","","","","","","","","","","","",""," "," "," "," "," "," "," "," "," "," "," "," "," "," "," "," "," "," "," "," "," "," "," ",""
"YZ260","Yanmar YZ260 Zero-Turn Mower","T","0","T","0","YANMAR","Mowers","RIDING","T","T","T","ZTR","","","","T","YZ260","10699","Gas","Tool","","0","0","T","2026-10-31","2026-10-01","400","","","","YZ200","26","","Zero-Turns / Commercial","ZTR","T","","","","","","","","","","","","","","images/Products/YZ260.jpg"," "," "," "," "," ","","",""," ","Engine","Kawasaki","Horsepower","24 hp","Deck Size","60""","Transmission","HG ZT-3100","","","","","","","","","","","","","","","","",""," "," "," "," "," "," "," "," "," "," "," "," "," "," "," "," "," "," "," "," "," "," "," ",""
"YZ360","Yanmar YZ360 Zero-Turn Mower","T","0","T","0","YANMAR","Mowers","RIDING","T","T","T","ZTR","","","","T","YZ360","14199","Gas","Tool","","0","0","T","2026-10-31","2026-10-01","600","","","","YZ300","27","","Zero-Turns / Commercial","ZTR","T","","","","","","","","","","","","","","images/Products/YZ360.jpg"," "," "," "," "," ","","",""," ","Engine","Kawasaki","Horsepower","27 hp","Deck Size","60""","Transmission","Parker HTJ","","","","","","","","","","","","","","","","",""," "," "," "," "," "," "," "," "," "," "," "," "," "," "," "," "," "," "," "," "," "," "," ",""
"YZ372","Yanmar YZ372 Zero-Turn Mower","T","0","T","0","YANMAR","Mowers","RIDING","T","T","T","ZTR","","","","T","YZ372","14499","Gas","Tool","","0","0","T","2026-10-31","2026-10-01","600","","","","YZ300","28","","Zero-Turns / Commercial","ZTR","T","","","","","","","","","","","","","","images/Products/YZ372.jpg"," "," "," "," "," ","","",""," ","Engine","Kawasaki","Horsepower","27 hp","Deck Size","72""","Transmission","Parker HTJ","","","","","","","","","","","","","","","","",""," "," "," "," "," "," "," "," "," "," "," "," "," "," "," "," "," "," "," "," "," "," "," ",""
"YZ460","Yanmar YZ460 Zero-Turn Mower","T","0","T","0","YANMAR","Mowers","RIDING","T","T","T","ZTR","","","","T","YZ460","15399","Gas","Tool","","0","0","T","2026-10-31","2026-10-01","700","","","","YZ400","29","","Zero-Turns / Commercial","ZTR","T","","","","","","","","","","","","","","images/Products/YZ460.jpg"," "," "," "," "," ","","",""," ","Engine","Kawasaki","Horsepower","35 hp","Deck Size","60""","Transmission","Parker HTG","","","","","","","","","","","","","","","","",""," "," "," "," "," "," "," "," "," "," "," "," "," "," "," "," "," "," "," "," "," "," "," ",""
"YZ472","Yanmar YZ472 Zero-Turn Mower","T","0","T","0","YANMAR","Mowers","RIDING","T","T","T","ZTR","","","","T","YZ472","16299","Gas","Tool","","0","0","T","2026-10-31","2026-10-01","700","","","","YZ400","30","","Zero-Turns / Commercial","ZTR","T","","","","","","","","","","","","","","images/Products/YZ472.jpg"," "," "," "," "," ","","",""," ","Engine","Kawasaki","Horsepower","35 hp","Deck Size","72""","Transmission","Parker HTG","","","","","","","","","","","","","","","","",""," "," "," "," "," "," "," "," "," "," "," "," "," "," "," "," "," "," "," "," "," "," "," ",""
"SA223BI","Yanmar SA223BI Compact Tractor","T","0","T","0","YANMAR","Compact Tractors","CUT","T","T","T","SA","FIXED","","600","T","SA223","17199","Diesel","Tool"," ","0","0","T","2026-10-31","2026-10-01","500","","","","SA","33","","","SA","T","","","","","","","","","","","","","","images/Products/SA223.jpg","24 Months or 2000 Hours / Powertrain 120 Months or 3000 Hours","24 Months or 2000 Hours","21.5","19.4","15.6","1537","697","1537","1,537 lb (697 kg)","Engine","Yanmar 3TNM74F","Cylinders / Displacement","3 / 60.6 cu. In.","Gross Engine Power","21.5 hp (16.0 kW)","Net Engine Power","19.4 hp (14.5 kW)","PTO Power","15.6 hp (11.6 kW)","3-Point Hitch","Limited Category 1","3-Point Lift Capacity","660 lb (300 kg)","Fuel Tank Capacity","6.1 gal. (23 L)","Overall Width","47.3 in (w/R-4 Tires)","Transmission","Hydrostatic / Dual Range","","","","https://www.westendpower.com/new-models/2026-yanmar-usa-sa-series-sa223-29395865b",""," "," "," "," ","Hydrostatic","Industrial","Yanmar","Diesel","19.4","15.6"," "," "," ","Cat-1"," "," "," "," "," "," "," "," "," ",""
"SA223BT","Yanmar SA223BT Compact Tractor","T","0","T","0","YANMAR","Compact Tractors","CUT","T","T","T","SA","FIXED","","600","T","SA223","17199","Diesel","Tool","","0","0","T","2026-10-31","2026-10-01","500","","","","SA","34","","","SA","T","","","","","","","","","","","","","","images/Products/SA223.jpg","24 Months or 2000 Hours / Powertrain 120 Months or 3000 Hours","24 Months or 2000 Hours","21.5","19.4","15.6","1537","697","1537","1,537 lb (697 kg)","Engine","Yanmar 3TNM74F","Cylinders / Displacement","3 / 60.6 cu. In.","Gross Engine Power","21.5 hp (16.0 kW)","Net Engine Power","19.4 hp (14.5 kW)","PTO Power","15.6 hp (11.6 kW)","3-Point Hitch","Limited Category 1","3-Point Lift Capacity","660 lb (300 kg)","Fuel Tank Capacity","6.1 gal. (23 L)","Overall Width","47.3 in (w/R-4 Tires)","Transmission","Hydrostatic / Dual Range","","","","https://www.westendpower.com/new-models/2026-yanmar-usa-sa-series-sa223-29395865b",""," "," "," "," ","Hydrostatic","Turf","Yanmar","Diesel","19.4","15.6"," "," "," ","Cat-1"," "," "," "," "," "," "," "," "," ",""
"SA223BI-D","Yanmar SA223BI-D Compact Tractor","T","0","T","0","YANMAR","Compact Tractors","CUT","T","T","T","SA","FIXED","","600","T","SA223","21299","Diesel","Tool","","0","0","T","2026-10-31","2026-10-01","1200","","","","SA","35","","","SA","T","","","","","","","","","","","","","","images/Products/SA223.jpg","24 Months or 2000 Hours / Powertrain 120 Months or 3000 Hours","24 Months or 2000 Hours","21.5","19.4","15.6","1821","826","1821","1,821 lb (826 kg)","Engine","Yanmar 3TNM74F","Cylinders / Displacement","3 / 60.6 cu. In.","Gross Engine Power","21.5 hp (16.0 kW)","Net Engine Power","19.4 hp (14.5 kW)","PTO Power","15.6 hp (11.6 kW)","3-Point Hitch","Limited Category 1","3-Point Lift Capacity","660 lb (300 kg)","Fuel Tank Capacity","6.1 gal. (23 L)","Overall Width","47.3 in (w/R-4 Tires)","Transmission","Hydrostatic / Dual Range","","","","https://www.westendpower.com/new-models/2026-yanmar-usa-sa-series-sa223-29395865b",""," "," ","T"," ","Hydrostatic","Industrial","Yanmar","Diesel","19.4","15.6"," "," "," ","Cat-1"," "," "," "," "," "," "," "," "," ",""
"SA223BT-D","Yanmar SA223BT-D Compact Tractor","T","0","T","0","YANMAR","Compact Tractors","CUT","T","T","T","SA","FIXED","","600","T","SA223","21299","Diesel","Tool","","0","0","T","2026-10-31","2026-10-01","1200","","","","SA","36","","","SA","T","","","","","","","","","","","","","","images/Products/SA223.jpg","24 Months or 2000 Hours / Powertrain 120 Months or 3000 Hours","24 Months or 2000 Hours","21.5","19.4","15.6","1821","826","1821","1,821 lb (826 kg)","Engine","Yanmar 3TNM74F","Cylinders / Displacement","3 / 60.6 cu. In.","Gross Engine Power","21.5 hp (16.0 kW)","Net Engine Power","19.4 hp (14.5 kW)","PTO Power","15.6 hp (11.6 kW)","3-Point Hitch","Limited Category 1","3-Point Lift Capacity","660 lb (300 kg)","Fuel Tank Capacity","6.1 gal. (23 L)","Overall Width","47.3 in (w/R-4 Tires)","Transmission","Hydrostatic / Dual Range","","","","https://www.westendpower.com/new-models/2026-yanmar-usa-sa-series-sa223-29395865b",""," "," ","T"," ","Hydrostatic","Turf","Yanmar","Diesel","19.4","15.6"," "," "," "," "," "," "," "," "," "," "," "," "," ",""
"SA223BI-L","Yanmar SA223BI-L Compact Tractor","T","0","T","0","YANMAR","Compact Tractors","CUT","T","T","T","SA","FIXED","","600","T","SA223","21899","Diesel","Tool","","0","0","T","2026-10-31","2026-10-01","1200","","","","SA","37","","","SA","T","","","","","","","","","","","","","","images/Products/SA223.jpg","24 Months or 2000 Hours / Powertrain 120 Months or 3000 Hours","24 Months or 2000 Hours","21.5","19.4","15.6","1962","890","1962","1,962 lb (890 kg)","Engine","Yanmar 3TNM74F","Cylinders / Displacement","3 / 60.6 cu. In.","Gross Engine Power","21.5 hp (16.0 kW)","Net Engine Power","19.4 hp (14.5 kW)","PTO Power","15.6 hp (11.6 kW)","3-Point Hitch","Limited Category 1","3-Point Lift Capacity","660 lb (300 kg)","Fuel Tank Capacity","6.1 gal. (23 L)","Overall Width","47.3 in (w/R-4 Tires)","Transmission","Hydrostatic / Dual Range","","","","https://www.westendpower.com/new-models/2026-yanmar-usa-sa-series-sa223-29395865b","","T"," "," "," ","Hydrostatic","Industrial","Yanmar","Diesel","19.4","15.6"," "," "," "," "," "," "," "," "," "," "," "," "," ",""
"SA223BT-L","Yanmar SA223BT-L Compact Tractor","T","0","T","0","YANMAR","Compact Tractors","CUT","T","T","T","SA","FIXED","","600","T","SA223","21899","Diesel","Tool","","0","0","T","2026-10-31","2026-10-01","1200","","","","SA","38","","","SA","T","","","","","","","","","","","","","","images/Products/SA223.jpg","24 Months or 2000 Hours / Powertrain 120 Months or 3000 Hours","24 Months or 2000 Hours","21.5","19.4","15.6","1962","890","1962","1,962 lb (890 kg)","Engine","Yanmar 3TNM74F","Cylinders / Displacement","3 / 60.6 cu. In.","Gross Engine Power","21.5 hp (16.0 kW)","Net Engine Power","19.4 hp (14.5 kW)","PTO Power","15.6 hp (11.6 kW)","3-Point Hitch","Limited Category 1","3-Point Lift Capacity","660 lb (300 kg)","Fuel Tank Capacity","6.1 gal. (23 L)","Overall Width","47.3 in (w/R-4 Tires)","Transmission","Hydrostatic / Dual Range","","","","https://www.westendpower.com/new-models/2026-yanmar-usa-sa-series-sa223-29395865b","","T"," "," "," ","Hydrostatic","Turf","Yanmar","Diesel","19.4","15.6"," "," "," "," "," "," "," "," "," "," "," "," "," ",""
"SA223BI-LD","Yanmar SA223BI-LD Compact Tractor","T","0","T","0","YANMAR","Compact Tractors","CUT","T","T","T","SA","FIXED","","600","T","SA223","25999","Diesel","Tool","","0","0","T","2026-10-31","2026-10-01","1500","","","","SA","39","","","SA","T","","","","","","","","","","","","","","images/Products/SA223.jpg","24 Months or 2000 Hours / Powertrain 120 Months or 3000 Hours","24 Months or 2000 Hours","21.5","19.4","15.6","2246","1019","2246","2,246 lb (1,019 kg)","Engine","Yanmar 3TNM74F","Cylinders / Displacement","3 / 60.6 cu. In.","Gross Engine Power","21.5 hp (16.0 kW)","Net Engine Power","19.4 hp (14.5 kW)","PTO Power","15.6 hp (11.6 kW)","3-Point Hitch","Limited Category 1","3-Point Lift Capacity","660 lb (300 kg)","Fuel Tank Capacity","6.1 gal. (23 L)","Overall Width","47.3 in (w/R-4 Tires)","Transmission","Hydrostatic / Dual Range","","","","https://www.westendpower.com/new-models/2026-yanmar-usa-sa-series-sa223-29395865b","","T"," ","T"," ","Hydrostatic","Industrial","Yanmar","Diesel","19.4","15.6"," "," "," "," "," "," "," "," "," "," "," "," "," ",""
"SA223BT-LD","Yanmar SA223BT-LD Compact Tractor","T","0","T","0","YANMAR","Compact Tractors","CUT","T","T","T","SA","FIXED","","600","T","SA223","25999","Diesel","Tool","","0","0","T","2026-10-31","2026-10-01","1500","","","","SA","40","","","SA","T","","","","","","","","","","","","","","images/Products/SA223.jpg","24 Months or 2000 Hours / Powertrain 120 Months or 3000 Hours","24 Months or 2000 Hours","21.5","19.4","15.6","2246","1019","2246","2,246 lb (1,019 kg)","Engine","Yanmar 3TNM74F","Cylinders / Displacement","3 / 60.6 cu. In.","Gross Engine Power","21.5 hp (16.0 kW)","Net Engine Power","19.4 hp (14.5 kW)","PTO Power","15.6 hp (11.6 kW)","3-Point Hitch","Limited Category 1","3-Point Lift Capacity","660 lb (300 kg)","Fuel Tank Capacity","6.1 gal. (23 L)","Overall Width","47.3 in (w/R-4 Tires)","Transmission","Hydrostatic / Dual Range","","","","https://www.westendpower.com/new-models/2026-yanmar-usa-sa-series-sa223-29395865b","","T"," ","T"," ","Hydrostatic","Turf","Yanmar","Diesel","19.4","15.6"," "," "," "," "," "," "," "," "," "," "," "," "," ",""
"SA223BI-LB","Yanmar SA223BI-LB Compact Tractor","T","0","T","0","YANMAR","Compact Tractors","CUT","T","T","T","SA","FIXED","","600","T","SA223","33599","Diesel","Tool","","0","0","T","2026-10-31","2026-10-01","1500","","","","SA","41","","","SA","T","","","","","","","","","","","","","","images/Products/SA223.jpg","24 Months or 2000 Hours / Powertrain 120 Months or 3000 Hours","24 Months or 2000 Hours","21.5","19.4","15.6","2639","1197","2639","2,639 lb (1,197 kg)","Engine","Yanmar 3TNM74F","Cylinders / Displacement","3 / 60.6 cu. In.","Gross Engine Power","21.5 hp (16.0 kW)","Net Engine Power","19.4 hp (14.5 kW)","PTO Power","15.6 hp (11.6 kW)","3-Point Hitch","Limited Category 1","3-Point Lift Capacity","660 lb (300 kg)","Fuel Tank Capacity","6.1 gal. (23 L)","Overall Width","47.3 in (w/R-4 Tires)","Transmission","Hydrostatic / Dual Range","","","","https://www.westendpower.com/new-models/2026-yanmar-usa-sa-series-sa223-29395865b","","T","T"," "," ","Hydrostatic","Industrial","Yanmar","Diesel","19.4","15.6"," "," "," "," "," "," "," "," "," "," "," "," "," ",""
"SA223BT-LB","Yanmar SA223BT-LB Compact Tractor","T","0","T","0","YANMAR","Compact Tractors","CUT","T","T","T","SA","FIXED","","600","T","SA223","33599","Diesel","Tool","","1","1","T","2026-10-31","2026-10-01","1500","","","","SA","42","","","SA","T","","","","","","","","","","","","","","images/Products/SA223.jpg","24 Months or 2000 Hours / Powertrain 120 Months or 3000 Hours","24 Months or 2000 Hours","21.5","19.4","15.6","2639","1197","2639","2,639 lb (1,197 kg)","Engine","Yanmar 3TNM74F","Cylinders / Displacement","3 / 60.6 cu. In.","Gross Engine Power","21.5 hp (16.0 kW)","Net Engine Power","19.4 hp (14.5 kW)","PTO Power","15.6 hp (11.6 kW)","3-Point Hitch","Limited Category 1","3-Point Lift Capacity","660 lb (300 kg)","Fuel Tank Capacity","6.1 gal. (23 L)","Overall Width","47.3 in (w/R-4 Tires)","Transmission","Hydrostatic / Dual Range","","","","https://www.westendpower.com/new-models/2026-yanmar-usa-sa-series-sa223-29395865b","","T","T"," "," ","Hydrostatic","Turf","Yanmar","Diesel","19.4","15.6"," "," "," "," "," "," "," "," "," "," "," "," "," ",""
"SA223KBH-L","Yanmar SA223KBH-L Compact Tractor","T","0","T","0","YANMAR","Compact Tractors","CUT","T","T","T","SA","FIXED","","600","T","SA223 KURO","23199","Diesel","Tool","","0","0","T","2026-10-31","2026-10-01","900","","","","SA","45","","","SA","T","","","","","","","","","","","","","","images/Products/SA223Kuro.jpg","24 Months or 2000 Hours / Powertrain 120 Months or 3000 Hours","24 Months or 2000 Hours","21.5","19.4","15.6","1962","890","1962","1,962 lb (890 kg)","Engine","Yanmar 3TNM74F","Cylinders / Displacement","3 / 60.6 cu. In.","Gross Engine Power","21.5 hp (16.0 kW)","Net Engine Power","19.4 hp (14.5 kW)","PTO Power","15.6 hp (11.6 kW)","3-Point Hitch","Limited Category 1","3-Point Lift Capacity","660 lb (300 kg)","Fuel Tank Capacity","6.1 gal. (23 L)","Overall Width","47.3 in (w/R-4 Tires)","Transmission","Hydrostatic / Dual Range","","","","https://www.westendpower.com/new-models/2026-yanmar-usa-sa-series-sa223-29395865b","","T"," "," "," ","Hydrostatic","Hybrid","Yanmar","Diesel","19.4","15.6"," "," "," "," "," "," "," "," "," "," "," "," "," ",""
"SA325BI","Yanmar SA325BI Compact Tractor","T","0","T","0","YANMAR","Compact Tractors","CUT","T","T","T","SA","FIXED","","600","T","SA325","19999","Diesel","Tool","","0","0","T","2026-10-31","2026-10-01","500","","","","SA","48","","","SA","T","","","","","","","","","","","","","","images/Products/SA325.jpg","24 Months or 2000 Hours / Powertrain 120 Months or 3000 Hours","24 Months or 2000 Hours","23.9","21.7","18.1","1715","778","1715","1,715 lb (778 kg)","Engine","Yanmar 3TNV80F","Cylinders / Displacement","3 / 77.2 cu. In.","Gross Engine Power","23.9 hp (17.8 kW)","Net Engine Power","21.7 hp (16.2 kW)","PTO Power","18.1 hp (13.5 kW)","3-Point Hitch","Limited Category 1","3-Point Lift Capacity","1,209 lb (548 kG)","Fuel Tank Capacity","6.1 gal. (23 L)","Overall Width","54.6 in (w/R-4 Tires)","Transmission","Hydrostatic / Dual Range","","","","https://www.westendpower.com/new-models/2026-yanmar-usa-sa-series-sa325-29395868b",""," "," "," "," ","Hydrostatic","Industrial","Yanmar","Diesel","21.7","18.1"," "," "," "," "," "," "," "," "," "," "," "," "," ",""
"SA325BT","Yanmar SA325BT Compact Tractor","T","0","T","0","YANMAR","Compact Tractors","CUT","T","T","T","SA","FIXED","","600","T","SA325","19999","Diesel","Tool","","0","0","T","2026-10-31","2026-10-01","500","","","","SA","49","","","SA","T","","","","","","","","","","","","","","images/Products/SA325.jpg","24 Months or 2000 Hours / Powertrain 120 Months or 3000 Hours","24 Months or 2000 Hours","23.9","21.7","18.1","1715","778","1715","1,715 lb (778 kg)","Engine","Yanmar 3TNV80F","Cylinders / Displacement","3 / 77.2 cu. In.","Gross Engine Power","23.9 hp (17.8 kW)","Net Engine Power","21.7 hp (16.2 kW)","PTO Power","18.1 hp (13.5 kW)","3-Point Hitch","Limited Category 1","3-Point Lift Capacity","1,209 lb (548 kG)","Fuel Tank Capacity","6.1 gal. (23 L)","Overall Width","54.6 in (w/R-4 Tires)","Transmission","Hydrostatic / Dual Range","","","","https://www.westendpower.com/new-models/2026-yanmar-usa-sa-series-sa325-29395868b",""," "," "," "," ","Hydrostatic","Turf","Yanmar","Diesel","21.7","18.1"," "," "," "," "," "," "," "," "," "," "," "," "," ",""
"SA325BI-D","Yanmar SA325BI-D Compact Tractor","T","0","T","0","YANMAR","Compact Tractors","CUT","T","T","T","SA","FIXED","","600","T","SA325","24599","Diesel","Tool","","0","0","T","2026-10-31","2026-10-01","1900","","","","SA","50","","","SA","T","","","","","","","","","","","","","","images/Products/SA325.jpg","24 Months or 2000 Hours / Powertrain 120 Months or 3000 Hours","24 Months or 2000 Hours","23.9","21.7","18.1","2078","943","2078","2,078 lb (943 kg)","Engine","Yanmar 3TNV80F","Cylinders / Displacement","3 / 77.2 cu. In.","Gross Engine Power","23.9 hp (17.8 kW)","Net Engine Power","21.7 hp (16.2 kW)","PTO Power","18.1 hp (13.5 kW)","3-Point Hitch","Limited Category 1","3-Point Lift Capacity","1,209 lb (548 kG)","Fuel Tank Capacity","6.1 gal. (23 L)","Overall Width","54.6 in (w/R-4 Tires)","Transmission","Hydrostatic / Dual Range","","","","https://www.westendpower.com/new-models/2026-yanmar-usa-sa-series-sa325-29395868b",""," "," ","T"," ","Hydrostatic","Industrial","Yanmar","Diesel","21.7","18.1"," "," "," "," "," "," "," "," "," "," "," "," "," ",""
"SA325BT-D","Yanmar SA325BT-D Compact Tractor","T","0","T","0","YANMAR","Compact Tractors","CUT","T","T","T","SA","FIXED","","600","T","SA325","24599","Diesel","Tool","","0","0","T","2026-10-31","2026-10-01","1900","","","","SA","51","","","SA","T","","","","","","","","","","","","","","images/Products/SA325.jpg","24 Months or 2000 Hours / Powertrain 120 Months or 3000 Hours","24 Months or 2000 Hours","23.9","21.7","18.1","2078","943","2078","2,078 lb (943 kg)","Engine","Yanmar 3TNV80F","Cylinders / Displacement","3 / 77.2 cu. In.","Gross Engine Power","23.9 hp (17.8 kW)","Net Engine Power","21.7 hp (16.2 kW)","PTO Power","18.1 hp (13.5 kW)","3-Point Hitch","Limited Category 1","3-Point Lift Capacity","1,209 lb (548 kG)","Fuel Tank Capacity","6.1 gal. (23 L)","Overall Width","54.6 in (w/R-4 Tires)","Transmission","Hydrostatic / Dual Range","","","","https://www.westendpower.com/new-models/2026-yanmar-usa-sa-series-sa325-29395868b",""," "," ","T"," ","Hydrostatic","Turf","Yanmar","Diesel","21.7","18.1"," "," "," "," "," "," "," "," "," "," "," "," "," ",""
"SA325BI-L","Yanmar SA325BI-L Compact Tractor","T","0","T","0","YANMAR","Compact Tractors","CUT","T","T","T","SA","FIXED","","600","T","SA325","25299","Diesel","Tool","","1","1","T","2026-10-31","2026-10-01","1900","","","","SA","52","","","SA","T","","","","","","","","","","","","","","images/Products/SA325.jpg","24 Months or 2000 Hours / Powertrain 120 Months or 3000 Hours","24 Months or 2000 Hours","23.9","21.7","18.1","2223","1008","2223","2,223 lb (1,008 kg)","Engine","Yanmar 3TNV80F","Cylinders / Displacement","3 / 77.2 cu. In.","Gross Engine Power","23.9 hp (17.8 kW)","Net Engine Power","21.7 hp (16.2 kW)","PTO Power","18.1 hp (13.5 kW)","3-Point Hitch","Limited Category 1","3-Point Lift Capacity","1,209 lb (548 kG)","Fuel Tank Capacity","6.1 gal. (23 L)","Overall Width","54.6 in (w/R-4 Tires)","Transmission","Hydrostatic / Dual Range","","","","https://www.westendpower.com/new-models/2026-yanmar-usa-sa-series-sa325-29395868b","","T"," "," "," ","Hydrostatic","Industrial","Yanmar","Diesel","21.7","18.1"," "," "," "," "," "," "," "," "," "," "," "," "," ",""
"SA325BT-L","Yanmar SA325BT-L Compact Tractor","T","0","T","0","YANMAR","Compact Tractors","CUT","T","T","T","SA","FIXED","","600","T","SA325","25299","Diesel","Tool","","0","0","T","2026-10-31","2026-10-01","1900","","","","SA","53","","","SA","T","","","","","","","","","","","","","","images/Products/SA325.jpg","24 Months or 2000 Hours / Powertrain 120 Months or 3000 Hours","24 Months or 2000 Hours","23.9","21.7","18.1","2223","1008","2223","2,223 lb (1,008 kg)","Engine","Yanmar 3TNV80F","Cylinders / Displacement","3 / 77.2 cu. In.","Gross Engine Power","23.9 hp (17.8 kW)","Net Engine Power","21.7 hp (16.2 kW)","PTO Power","18.1 hp (13.5 kW)","3-Point Hitch","Limited Category 1","3-Point Lift Capacity","1,209 lb (548 kG)","Fuel Tank Capacity","6.1 gal. (23 L)","Overall Width","54.6 in (w/R-4 Tires)","Transmission","Hydrostatic / Dual Range","","","","https://www.westendpower.com/new-models/2026-yanmar-usa-sa-series-sa325-29395868b","","T"," "," "," ","Hydrostatic","Turf","Yanmar","Diesel","21.7","18.1"," "," "," "," "," "," "," "," "," "," "," "," "," ",""
"SA325BI-LD","Yanmar SA325BI-LD Compact Tractor","T","0","T","0","YANMAR","Compact Tractors","CUT","T","T","T","SA","FIXED","","600","T","SA325","29899","Diesel","Tool","","0","0","T","2026-10-31","2026-10-01","2200","","","","SA","54","","","SA","T","","","","","","","","","","","","","","images/Products/SA325.jpg","24 Months or 2000 Hours / Powertrain 120 Months or 3000 Hours","24 Months or 2000 Hours","23.9","21.7","18.1","2586","1173","2586","2,586 lb (1,173 kg)","Engine","Yanmar 3TNV80F","Cylinders / Displacement","3 / 77.2 cu. In.","Gross Engine Power","23.9 hp (17.8 kW)","Net Engine Power","21.7 hp (16.2 kW)","PTO Power","18.1 hp (13.5 kW)","3-Point Hitch","Limited Category 1","3-Point Lift Capacity","1,209 lb (548 kG)","Fuel Tank Capacity","6.1 gal. (23 L)","Overall Width","54.6 in (w/R-4 Tires)","Transmission","Hydrostatic / Dual Range","","","","https://www.westendpower.com/new-models/2026-yanmar-usa-sa-series-sa325-29395868b","","T"," ","T"," ","Hydrostatic","Industrial","Yanmar","Diesel","21.7","18.1"," "," "," "," "," "," "," "," "," "," "," "," "," ",""
"SA325BT-LD","Yanmar SA325BT-LD Compact Tractor","T","0","T","0","YANMAR","Compact Tractors","CUT","T","T","T","SA","FIXED","","600","T","SA325","29899","Diesel","Tool","","0","0","T","2026-10-31","2026-10-01","2200","","","","SA","55","","","SA","T","","","","","","","","","","","","","","images/Products/SA325.jpg","24 Months or 2000 Hours / Powertrain 120 Months or 3000 Hours","24 Months or 2000 Hours","23.9","21.7","18.1","2586","1173","2586","2,586 lb (1,173 kg)","Engine","Yanmar 3TNV80F","Cylinders / Displacement","3 / 77.2 cu. In.","Gross Engine Power","23.9 hp (17.8 kW)","Net Engine Power","21.7 hp (16.2 kW)","PTO Power","18.1 hp (13.5 kW)","3-Point Hitch","Limited Category 1","3-Point Lift Capacity","1,209 lb (548 kG)","Fuel Tank Capacity","6.1 gal. (23 L)","Overall Width","54.6 in (w/R-4 Tires)","Transmission","Hydrostatic / Dual Range","","","","https://www.westendpower.com/new-models/2026-yanmar-usa-sa-series-sa325-29395868b","","T"," ","T"," ","Hydrostatic","Turf","Yanmar","Diesel","21.7","18.1"," "," "," "," "," "," "," "," "," "," "," "," "," ",""
"SA325BI-LB","Yanmar SA325BI-LB Compact Tractor","T","0","T","0","YANMAR","Compact Tractors","CUT","T","T","T","SA","FIXED","","600","T","SA325","37099","Diesel","Tool","","1","1","T","2026-10-31","2026-10-01","2200","","","","SA","56","","","SA","T","","","","","","","","","","","","","","images/Products/SA325.jpg","24 Months or 2000 Hours / Powertrain 120 Months or 3000 Hours","24 Months or 2000 Hours","23.9","21.7","18.1","2900","1315","2900","2,900 lb (1,315 kg)","Engine","Yanmar 3TNV80F","Cylinders / Displacement","3 / 77.2 cu. In.","Gross Engine Power","23.9 hp (17.8 kW)","Net Engine Power","21.7 hp (16.2 kW)","PTO Power","18.1 hp (13.5 kW)","3-Point Hitch","Limited Category 1","3-Point Lift Capacity","1,209 lb (548 kG)","Fuel Tank Capacity","6.1 gal. (23 L)","Overall Width","54.6 in (w/R-4 Tires)","Transmission","Hydrostatic / Dual Range","","","","https://www.westendpower.com/new-models/2026-yanmar-usa-sa-series-sa325-29395868b","","T","T"," "," ","Hydrostatic","Industrial","Yanmar","Diesel","21.7","18.1"," "," "," "," "," "," "," "," "," "," "," "," "," ",""
"SA325BT-LB","Yanmar SA325BT-LB Compact Tractor","T","0","T","0","YANMAR","Compact Tractors","CUT","T","T","T","SA","FIXED","","600","T","SA325","37099","Diesel","Tool","","0","0","T","2026-10-31","2026-10-01","2200","","","","SA","57","","","SA","T","","","","","","","","","","","","","","images/Products/SA325.jpg","24 Months or 2000 Hours / Powertrain 120 Months or 3000 Hours","24 Months or 2000 Hours","23.9","21.7","18.1","2900","1315","2900","2,900 lb (1,315 kg)","Engine","Yanmar 3TNV80F","Cylinders / Displacement","3 / 77.2 cu. In.","Gross Engine Power","23.9 hp (17.8 kW)","Net Engine Power","21.7 hp (16.2 kW)","PTO Power","18.1 hp (13.5 kW)","3-Point Hitch","Limited Category 1","3-Point Lift Capacity","1,209 lb (548 kG)","Fuel Tank Capacity","6.1 gal. (23 L)","Overall Width","54.6 in (w/R-4 Tires)","Transmission","Hydrostatic / Dual Range","","","","https://www.westendpower.com/new-models/2026-yanmar-usa-sa-series-sa325-29395868b","","T","T"," "," ","Hydrostatic","Turf","Yanmar","Diesel","21.7","18.1"," "," "," "," "," "," "," "," "," "," "," "," "," ",""
"SA425BI","Yanmar SA425BI Compact Tractor","T","0","T","0","YANMAR","Compact Tractors","CUT","T","T","T","SA","FIXED","","600","T","SA425","21399","Diesel","Tool","","0","0","T","2026-10-31","2026-10-01","500","","","","SA","60","","","SA","T","","","","","","","","","","","","","","images/Products/SA425.jpg","24 Months or 2000 Hours / Powertrain 120 Months or 3000 Hours","24 Months or 2000 Hours","23.9","21.7","18.1","1830","830","1830","1,830 lb (830 kg)","Engine","Yanmar 3TNV80F","Cylinders / Displacement","3 / 77.2 cu. In.","Gross Engine Power","23.9 hp (17.8 kW)","Net Engine Power","21.7 hp (16.2 kW)","PTO Power","18.1 hp (13.5 kW)","3-Point Hitch","Limited Category 1","3-Point Lift Capacity","1,209 lb (548 kG)","Fuel Tank Capacity","6.1 gal. (23 L)","Overall Width","54.1 in (w/R-4 Tires)","Transmission","Hydrostatic / Dual Range","","","","https://www.westendpower.com/new-models/2026-yanmar-usa-sa-series-sa425-29395866b",""," "," "," "," ","Hydrostatic","Industrial","Yanmar","Diesel","21.7","18.1"," "," "," "," "," "," "," "," "," "," "," "," "," ",""
"SA425BT","Yanmar SA425BT Compact Tractor","T","0","T","0","YANMAR","Compact Tractors","CUT","T","T","T","SA","FIXED","","600","T","SA425","21399","Diesel","Tool","","0","0","T","2026-10-31","2026-10-01","500","","","","SA","61","","","SA","T","","","","","","","","","","","","","","images/Products/SA425.jpg","24 Months or 2000 Hours / Powertrain 120 Months or 3000 Hours","24 Months or 2000 Hours","23.9","21.7","18.1","1830","830","1830","1,830 lb (830 kg)","Engine","Yanmar 3TNV80F","Cylinders / Displacement","3 / 77.2 cu. In.","Gross Engine Power","23.9 hp (17.8 kW)","Net Engine Power","21.7 hp (16.2 kW)","PTO Power","18.1 hp (13.5 kW)","3-Point Hitch","Limited Category 1","3-Point Lift Capacity","1,209 lb (548 kG)","Fuel Tank Capacity","6.1 gal. (23 L)","Overall Width","54.1 in (w/R-4 Tires)","Transmission","Hydrostatic / Dual Range","","","","https://www.westendpower.com/new-models/2026-yanmar-usa-sa-series-sa425-29395866b",""," "," "," "," ","Hydrostatic","Turf","Yanmar","Diesel","21.7","18.1"," "," "," "," "," "," "," "," "," "," "," "," "," ",""
"SA425BI-D","Yanmar SA425BI-D Compact Tractor","T","0","T","0","YANMAR","Compact Tractors","CUT","T","T","T","SA","FIXED","","600","T","SA425","25999","Diesel","Tool","","0","0","T","2026-10-31","2026-10-01","1900","","","","SA","62","","","SA","T","","","","","","","","","","","","","","images/Products/SA425.jpg","24 Months or 2000 Hours / Powertrain 120 Months or 3000 Hours","24 Months or 2000 Hours","23.9","21.7","18.1","2193","995","2193","2,193 lb (995 kg)","Engine","Yanmar 3TNV80F","Cylinders / Displacement","3 / 77.2 cu. In.","Gross Engine Power","23.9 hp (17.8 kW)","Net Engine Power","21.7 hp (16.2 kW)","PTO Power","18.1 hp (13.5 kW)","3-Point Hitch","Limited Category 1","3-Point Lift Capacity","1,209 lb (548 kG)","Fuel Tank Capacity","6.1 gal. (23 L)","Overall Width","54.1 in (w/R-4 Tires)","Transmission","Hydrostatic / Dual Range","","","","https://www.westendpower.com/new-models/2026-yanmar-usa-sa-series-sa425-29395866b",""," "," ","T"," ","Hydrostatic","Industrial","Yanmar","Diesel","21.7","18.1"," "," "," "," "," "," "," "," "," "," "," "," "," ",""
"SA425BT-D","Yanmar SA425BT-D Compact Tractor","T","0","T","0","YANMAR","Compact Tractors","CUT","T","T","T","SA","FIXED","","600","T","SA425","25999","Diesel","Tool","","0","0","T","2026-10-31","2026-10-01","1900","","","","SA","63","","","SA","T","","","","","","","","","","","","","","images/Products/SA425.jpg","24 Months or 2000 Hours / Powertrain 120 Months or 3000 Hours","24 Months or 2000 Hours","23.9","21.7","18.1","2193","995","2193","2,193 lb (995 kg)","Engine","Yanmar 3TNV80F","Cylinders / Displacement","3 / 77.2 cu. In.","Gross Engine Power","23.9 hp (17.8 kW)","Net Engine Power","21.7 hp (16.2 kW)","PTO Power","18.1 hp (13.5 kW)","3-Point Hitch","Limited Category 1","3-Point Lift Capacity","1,209 lb (548 kG)","Fuel Tank Capacity","6.1 gal. (23 L)","Overall Width","54.1 in (w/R-4 Tires)","Transmission","Hydrostatic / Dual Range","","","","https://www.westendpower.com/new-models/2026-yanmar-usa-sa-series-sa425-29395866b",""," "," ","T"," ","Hydrostatic","Turf","Yanmar","Diesel","21.7","18.1"," "," "," "," "," "," "," "," "," "," "," "," "," ",""
"SA425BI-L","Yanmar SA425BI-L Compact Tractor","T","0","T","0","YANMAR","Compact Tractors","CUT","T","T","T","SA","FIXED","","600","T","SA425","26699","Diesel","Tool"," ","0","0","T","2026-10-31","2026-10-01","1900","","","","SA","64","","","SA","T","","","","","","","","","","","","","","images/Products/SA425.jpg","24 Months or 2000 Hours / Powertrain 120 Months or 3000 Hours","24 Months or 2000 Hours","23.9","21.7","18.1","2338","1060","2338","2,338 lb (1,060 kg)","Engine","Yanmar 3TNV80F","Cylinders / Displacement","3 / 77.2 cu. In.","Gross Engine Power","23.9 hp (17.8 kW)","Net Engine Power","21.7 hp (16.2 kW)","PTO Power","18.1 hp (13.5 kW)","3-Point Hitch","Limited Category 1","3-Point Lift Capacity","1,209 lb (548 kG)","Fuel Tank Capacity","6.1 gal. (23 L)","Overall Width","54.1 in (w/R-4 Tires)","Transmission","Hydrostatic / Dual Range","","","","https://www.westendpower.com/new-models/2026-yanmar-usa-sa-series-sa425-29395866b","","T"," "," "," ","Hydrostatic","Industrial","Yanmar","Diesel","21.7","18.1"," "," "," "," "," "," "," "," "," "," "," "," "," ",""
"SA425BT-L","Yanmar SA425BT-L Compact Tractor","T","0","T","0","YANMAR","Compact Tractors","CUT","T","T","T","SA","FIXED","","600","T","SA425","26699","Diesel","Tool","","0","0","T","2026-10-31","2026-10-01","1900","","","","SA","65","","","SA","T","","","","","","","","","","","","","","images/Products/SA425.jpg","24 Months or 2000 Hours / Powertrain 120 Months or 3000 Hours","24 Months or 2000 Hours","23.9","21.7","18.1","2338","1060","2338","2,338 lb (1,060 kg)","Engine","Yanmar 3TNV80F","Cylinders / Displacement","3 / 77.2 cu. In.","Gross Engine Power","23.9 hp (17.8 kW)","Net Engine Power","21.7 hp (16.2 kW)","PTO Power","18.1 hp (13.5 kW)","3-Point Hitch","Limited Category 1","3-Point Lift Capacity","1,209 lb (548 kG)","Fuel Tank Capacity","6.1 gal. (23 L)","Overall Width","54.1 in (w/R-4 Tires)","Transmission","Hydrostatic / Dual Range","","","","https://www.westendpower.com/new-models/2026-yanmar-usa-sa-series-sa425-29395866b","","T"," "," "," ","Hydrostatic","Turf","Yanmar","Diesel","21.7","18.1"," "," "," "," "," "," "," "," "," "," "," "," "," ",""
"SA425BI-LD","Yanmar SA425BI-LD Compact Tractor","T","0","T","0","YANMAR","Compact Tractors","CUT","T","T","T","SA","FIXED","","600","T","SA425","31199","Diesel","Tool","","0","0","T","2026-10-31","2026-10-01","2200","","","","SA","66","","","SA","T","","","","","","","","","","","","","","images/Products/SA425.jpg","24 Months or 2000 Hours / Powertrain 120 Months or 3000 Hours","24 Months or 2000 Hours","23.9","21.7","18.1","2701","1225","2701","2,701 lb (1,225 kg)","Engine","Yanmar 3TNV80F","Cylinders / Displacement","3 / 77.2 cu. In.","Gross Engine Power","23.9 hp (17.8 kW)","Net Engine Power","21.7 hp (16.2 kW)","PTO Power","18.1 hp (13.5 kW)","3-Point Hitch","Limited Category 1","3-Point Lift Capacity","1,209 lb (548 kG)","Fuel Tank Capacity","6.1 gal. (23 L)","Overall Width","54.1 in (w/R-4 Tires)","Transmission","Hydrostatic / Dual Range","","","","https://www.westendpower.com/new-models/2026-yanmar-usa-sa-series-sa425-29395866b","","T"," ","T"," ","Hydrostatic","Industrial","Yanmar","Diesel","21.7","18.1"," "," "," "," "," "," "," "," "," "," "," "," "," ",""
"SA425BT-LD","Yanmar SA425BT-LD Compact Tractor","T","0","T","0","YANMAR","Compact Tractors","CUT","T","T","T","SA","FIXED","","600","T","SA425","31199","Diesel","Tool","","0","0","T","2026-10-31","2026-10-01","2200","","","","SA","67","","","SA","T","","","","","","","","","","","","","","images/Products/SA425.jpg","24 Months or 2000 Hours / Powertrain 120 Months or 3000 Hours","24 Months or 2000 Hours","23.9","21.7","18.1","2701","1225","2701","2,701 lb (1,225 kg)","Engine","Yanmar 3TNV80F","Cylinders / Displacement","3 / 77.2 cu. In.","Gross Engine Power","23.9 hp (17.8 kW)","Net Engine Power","21.7 hp (16.2 kW)","PTO Power","18.1 hp (13.5 kW)","3-Point Hitch","Limited Category 1","3-Point Lift Capacity","1,209 lb (548 kG)","Fuel Tank Capacity","6.1 gal. (23 L)","Overall Width","54.1 in (w/R-4 Tires)","Transmission","Hydrostatic / Dual Range","","","","https://www.westendpower.com/new-models/2026-yanmar-usa-sa-series-sa425-29395866b","","T"," ","T"," ","Hydrostatic","Turf","Yanmar","Diesel","21.7","18.1"," "," "," "," "," "," "," "," "," "," "," "," "," ",""
"SA425BI-LB","Yanmar SA425BI-LB Compact Tractor","T","0","T","0","YANMAR","Compact Tractors","CUT","T","T","T","SA","FIXED","","600","T","SA425","38399","Diesel","Tool","","1","1","T","2026-10-31","2026-10-01","2200","","","","SA","68","","","SA","T","","","","","","","","","","","","","","images/Products/SA425.jpg","24 Months or 2000 Hours / Powertrain 120 Months or 3000 Hours","24 Months or 2000 Hours","23.9","21.7","18.1","3015","1368","3015","3,015 lb (1,368 kg)","Engine","Yanmar 3TNV80F","Cylinders / Displacement","3 / 77.2 cu. In.","Gross Engine Power","23.9 hp (17.8 kW)","Net Engine Power","21.7 hp (16.2 kW)","PTO Power","18.1 hp (13.5 kW)","3-Point Hitch","Limited Category 1","3-Point Lift Capacity","1,209 lb (548 kG)","Fuel Tank Capacity","6.1 gal. (23 L)","Overall Width","54.1 in (w/R-4 Tires)","Transmission","Hydrostatic / Dual Range","","","","https://www.westendpower.com/new-models/2026-yanmar-usa-sa-series-sa425-29395866b","","T","T"," "," ","Hydrostatic","Industrial","Yanmar","Diesel","21.7","18.1"," "," "," "," "," "," "," "," "," "," "," "," "," ",""
"SA425BT-LB","Yanmar SA425BT-LB Compact Tractor","T","0","T","0","YANMAR","Compact Tractors","CUT","T","T","T","SA","FIXED","","600","T","SA425","38399","Diesel","Tool","","0","0","T","2026-10-31","2026-10-01","2200","","","","SA","69","","","SA","T","","","","","","","","","","","","","","images/Products/SA425.jpg","24 Months or 2000 Hours / Powertrain 120 Months or 3000 Hours","24 Months or 2000 Hours","23.9","21.7","18.1","3015","1368","3015","3,015 lb (1,368 kg)","Engine","Yanmar 3TNV80F","Cylinders / Displacement","3 / 77.2 cu. In.","Gross Engine Power","23.9 hp (17.8 kW)","Net Engine Power","21.7 hp (16.2 kW)","PTO Power","18.1 hp (13.5 kW)","3-Point Hitch","Limited Category 1","3-Point Lift Capacity","1,209 lb (548 kG)","Fuel Tank Capacity","6.1 gal. (23 L)","Overall Width","54.1 in (w/R-4 Tires)","Transmission","Hydrostatic / Dual Range","","","","https://www.westendpower.com/new-models/2026-yanmar-usa-sa-series-sa425-29395866b","","T","T"," "," ","Hydrostatic","Turf","Yanmar","Diesel","21.7","18.1"," "," "," "," "," "," "," "," "," "," "," "," "," ",""
"SA425BI-X","Yanmar SA425BI-X Compact Tractor","T","0","T","0","YANMAR","Compact Tractors","CUT","T","T","T","SA","FIXED","","600","T","SA425DHX","23099","Diesel","Tool","","0","0","T","2026-10-31","2026-10-01","500","","","","SA","72","","","SA","T","","","","","","","","","","","","","","images/Products/SA425DHX.jpg","24 Months or 2000 Hours / Powertrain 120 Months or 3000 Hours","24 Months or 2000 Hours","23.9","21.7","18.1","1830","830","1830","1,830 lb (830 kg)","Engine","Yanmar 3TNV80F","Cylinders / Displacement","3 / 77.2 cu. In.","Gross Engine Power","23.9 hp (17.8 kW)","Net Engine Power","21.7 hp (16.2 kW)","PTO Power","18.1 hp (13.5 kW)","3-Point Hitch","Limited Category 1","3-Point Lift Capacity","1,209 lb (548 kG)","Fuel Tank Capacity","6.1 gal. (23 L)","Overall Width","54.1 in (w/R-4 Tires)","Transmission","Hydrostatic / Dual Range","","","","https://www.westendpower.com/new-models/2026-yanmar-usa-sa-series-sa425-29395866b",""," "," "," "," ","Hydrostatic","Industrial","Yanmar","Diesel","21.7","18.1"," "," "," "," "," "," "," "," "," "," "," "," "," ",""
"SA425BT-X","Yanmar SA425BT-X Compact Tractor","T","0","T","0","YANMAR","Compact Tractors","CUT","T","T","T","SA","FIXED","","600","T","SA425DHX","23099","Diesel","Tool","","0","0","T","2026-10-31","2026-10-01","500","","","","SA","73","","","SA","T","","","","","","","","","","","","","","images/Products/SA425DHX.jpg","24 Months or 2000 Hours / Powertrain 120 Months or 3000 Hours","24 Months or 2000 Hours","23.9","21.7","18.1","1830","830","1830","1,830 lb (830 kg)","Engine","Yanmar 3TNV80F","Cylinders / Displacement","3 / 77.2 cu. In.","Gross Engine Power","23.9 hp (17.8 kW)","Net Engine Power","21.7 hp (16.2 kW)","PTO Power","18.1 hp (13.5 kW)","3-Point Hitch","Limited Category 1","3-Point Lift Capacity","1,209 lb (548 kG)","Fuel Tank Capacity","6.1 gal. (23 L)","Overall Width","54.1 in (w/R-4 Tires)","Transmission","Hydrostatic / Dual Range","","","","https://www.westendpower.com/new-models/2026-yanmar-usa-sa-series-sa425-29395866b",""," "," "," "," ","Hydrostatic","Turf","Yanmar","Diesel","21.7","18.1"," "," "," "," "," "," "," "," "," "," "," "," "," ",""
"SA425BI-DX","Yanmar SA425BI-DX Compact Tractor","T","0","T","0","YANMAR","Compact Tractors","CUT","T","T","T","SA","FIXED","","600","T","SA425DHX","27799","Diesel","Tool","","0","0","T","2026-10-31","2026-10-01","1900","","","","SA","74","","","SA","T","","","","","","","","","","","","","","images/Products/SA425DHX.jpg","24 Months or 2000 Hours / Powertrain 120 Months or 3000 Hours","24 Months or 2000 Hours","23.9","21.7","18.1","2193","995","2193","2,193 lb (995 kg)","Engine","Yanmar 3TNV80F","Cylinders / Displacement","3 / 77.2 cu. In.","Gross Engine Power","23.9 hp (17.8 kW)","Net Engine Power","21.7 hp (16.2 kW)","PTO Power","18.1 hp (13.5 kW)","3-Point Hitch","Limited Category 1","3-Point Lift Capacity","1,209 lb (548 kG)","Fuel Tank Capacity","6.1 gal. (23 L)","Overall Width","54.1 in (w/R-4 Tires)","Transmission","Hydrostatic / Dual Range","","","","https://www.westendpower.com/new-models/2026-yanmar-usa-sa-series-sa425-29395866b",""," "," ","T"," ","Hydrostatic","Industrial","Yanmar","Diesel","21.7","18.1"," "," "," "," "," "," "," "," "," "," "," "," "," ",""
"SA425BT-DX","Yanmar SA425BT-DX Compact Tractor","T","0","T","0","YANMAR","Compact Tractors","CUT","T","T","T","SA","FIXED","","600","T","SA425DHX","27799","Diesel","Tool","","0","0","T","2026-10-31","2026-10-01","1900","","","","SA","75","","","SA","T","","","","","","","","","","","","","","images/Products/SA425DHX.jpg","24 Months or 2000 Hours / Powertrain 120 Months or 3000 Hours","24 Months or 2000 Hours","23.9","21.7","18.1","2193","995","2193","2,193 lb (995 kg)","Engine","Yanmar 3TNV80F","Cylinders / Displacement","3 / 77.2 cu. In.","Gross Engine Power","23.9 hp (17.8 kW)","Net Engine Power","21.7 hp (16.2 kW)","PTO Power","18.1 hp (13.5 kW)","3-Point Hitch","Limited Category 1","3-Point Lift Capacity","1,209 lb (548 kG)","Fuel Tank Capacity","6.1 gal. (23 L)","Overall Width","54.1 in (w/R-4 Tires)","Transmission","Hydrostatic / Dual Range","","","","https://www.westendpower.com/new-models/2026-yanmar-usa-sa-series-sa425-29395866b","","T"," ","T"," ","Hydrostatic","Turf","Yanmar","Diesel","21.7","18.1"," "," "," "," "," "," "," "," "," "," "," "," "," ",""
"SA425BI-LX","Yanmar SA425BI-LX Compact Tractor","T","0","T","0","YANMAR","Compact Tractors","CUT","T","T","T","SA","FIXED","","600","T","SA425DHX","28299","Diesel","Tool","","0","0","T","2026-10-31","2026-10-01","1900","","","","SA","76","","","SA","T","","","","","","","","","","","","","","images/Products/SA425DHX.jpg","24 Months or 2000 Hours / Powertrain 120 Months or 3000 Hours","24 Months or 2000 Hours","23.9","21.7","18.1","2338","1060","2338","2,338 lb (1,060 kg)","Engine","Yanmar 3TNV80F","Cylinders / Displacement","3 / 77.2 cu. In.","Gross Engine Power","23.9 hp (17.8 kW)","Net Engine Power","21.7 hp (16.2 kW)","PTO Power","18.1 hp (13.5 kW)","3-Point Hitch","Limited Category 1","3-Point Lift Capacity","1,209 lb (548 kG)","Fuel Tank Capacity","6.1 gal. (23 L)","Overall Width","54.1 in (w/R-4 Tires)","Transmission","Hydrostatic / Dual Range","","","","https://www.westendpower.com/new-models/2026-yanmar-usa-sa-series-sa425-29395866b","","T"," "," "," ","Hydrostatic","Industrial","Yanmar","Diesel","21.7","18.1"," "," "," "," "," "," "," "," "," "," "," "," "," ",""
"SA425BT-LX","Yanmar SA425BT-LX Compact Tractor","T","0","T","0","YANMAR","Compact Tractors","CUT","T","T","T","SA","FIXED","","600","T","SA425DHX","28299","Diesel","Tool","","0","0","T","2026-10-31","2026-10-01","1900","","","","SA","77","","","SA","T","","","","","","","","","","","","","","images/Products/SA425DHX.jpg","24 Months or 2000 Hours / Powertrain 120 Months or 3000 Hours","24 Months or 2000 Hours","23.9","21.7","18.1","2338","1060","2338","2,338 lb (1,060 kg)","Engine","Yanmar 3TNV80F","Cylinders / Displacement","3 / 77.2 cu. In.","Gross Engine Power","23.9 hp (17.8 kW)","Net Engine Power","21.7 hp (16.2 kW)","PTO Power","18.1 hp (13.5 kW)","3-Point Hitch","Limited Category 1","3-Point Lift Capacity","1,209 lb (548 kG)","Fuel Tank Capacity","6.1 gal. (23 L)","Overall Width","54.1 in (w/R-4 Tires)","Transmission","Hydrostatic / Dual Range","","","","https://www.westendpower.com/new-models/2026-yanmar-usa-sa-series-sa425-29395866b","","T"," "," "," ","Hydrostatic","Turf","Yanmar","Diesel","21.7","18.1"," "," "," "," "," "," "," "," "," "," "," "," "," ",""
"SA425BI-LDX","Yanmar SA425BI-LDX Compact Tractor","T","0","T","0","YANMAR","Compact Tractors","CUT","T","T","T","SA","FIXED","","600","T","SA425DHX","32999","Diesel","Tool","","0","0","T","2026-10-31","2026-10-01","2200","","","","SA","78","","","SA","T","","","","","","","","","","","","","","images/Products/SA425DHX.jpg","24 Months or 2000 Hours / Powertrain 120 Months or 3000 Hours","24 Months or 2000 Hours","23.9","21.7","18.1","2701","1225","2701","2,701 lb (1,225 kg)","Engine","Yanmar 3TNV80F","Cylinders / Displacement","3 / 77.2 cu. In.","Gross Engine Power","23.9 hp (17.8 kW)","Net Engine Power","21.7 hp (16.2 kW)","PTO Power","18.1 hp (13.5 kW)","3-Point Hitch","Limited Category 1","3-Point Lift Capacity","1,209 lb (548 kG)","Fuel Tank Capacity","6.1 gal. (23 L)","Overall Width","54.1 in (w/R-4 Tires)","Transmission","Hydrostatic / Dual Range","","","","https://www.westendpower.com/new-models/2026-yanmar-usa-sa-series-sa425-29395866b","","T"," ","T"," ","Hydrostatic","Industrial","Yanmar","Diesel","21.7","18.1"," "," "," "," "," "," "," "," "," "," "," "," "," ",""
"SA425BT-LDX","Yanmar SA425BT-LDX Compact Tractor","T","0","T","0","YANMAR","Compact Tractors","CUT","T","T","T","SA","FIXED","","600","T","SA425DHX","32999","Diesel","Tool","","0","0","T","2026-10-31","2026-10-01","2200","","","","SA","79","","","SA","T","","","","","","","","","","","","","","images/Products/SA425DHX.jpg","24 Months or 2000 Hours / Powertrain 120 Months or 3000 Hours","24 Months or 2000 Hours","23.9","21.7","18.1","2701","1225","2701","2,701 lb (1,225 kg)","Engine","Yanmar 3TNV80F","Cylinders / Displacement","3 / 77.2 cu. In.","Gross Engine Power","23.9 hp (17.8 kW)","Net Engine Power","21.7 hp (16.2 kW)","PTO Power","18.1 hp (13.5 kW)","3-Point Hitch","Limited Category 1","3-Point Lift Capacity","1,209 lb (548 kG)","Fuel Tank Capacity","6.1 gal. (23 L)","Overall Width","54.1 in (w/R-4 Tires)","Transmission","Hydrostatic / Dual Range","","","","https://www.westendpower.com/new-models/2026-yanmar-usa-sa-series-sa425-29395866b","","T"," ","T"," ","Hydrostatic","Turf","Yanmar","Diesel","21.7","18.1"," "," "," "," "," "," "," "," "," "," "," "," "," ",""
"SM240A-L","Yanmar SM240A-L Compact Tractor","T","0","T","0","YANMAR","Compact Tractors","CUT","T","T","T","SM","FIXED","","700","T","SM240","35299","Diesel","Tool","","0","0","T","2026-10-31","2026-10-01","2900","","","","SM","82","","","SM","T","","","","","","","","","","","","","","images/Products/SM240.jpg","24 Months or 2000 Hours / Powertrain 120 Months or 3000 Hours","24 Months or 2000 Hours","36.9"," ","28.2","","","","","Engine","Yanmar","Cylinders / Displacement"," ","Gross Engine Power","36.9 hp (27.5 kW)","Net Engine Power"," ","PTO Power","28.2 hp (21.0 kW)","3-Point Hitch","Category 1","3-Point Lift Capacity","1,558 lb (707 kG)","Fuel Tank Capacity","9.0 gal. (34 L)","Overall Width"," ","Transmission","Synchro Shuttle","","","","https://www.westendpower.com/new-models/2026-yanmar-usa-sm-series-sm240-29396860b",""," "," "," "," ","Gear","Ag","Yanmar","Diesel","36.9","28.2"," "," "," "," "," "," "," "," "," "," "," "," "," ",""
"SM240A-LB","Yanmar SM240A-LB Compact Tractor","T","0","T","0","YANMAR","Compact Tractors","CUT","T","T","T","SM","FIXED","","700","T","SM240","43699","Diesel","Tool","","0","0","T","2026-10-31","2026-10-01","3200","","","","SM","83","","","SM","T","","","","","","","","","","","","","","images/Products/SM240.jpg","24 Months or 2000 Hours / Powertrain 120 Months or 3000 Hours","24 Months or 2000 Hours","36.9"," ","28.2","","","","","Engine","Yanmar","Cylinders / Displacement"," ","Gross Engine Power","36.9 hp (27.5 kW)","Net Engine Power"," ","PTO Power","28.2 hp (21.0 kW)","3-Point Hitch","Category 1","3-Point Lift Capacity","1,558 lb (707 kG)","Fuel Tank Capacity","9.0 gal. (34 L)","Overall Width"," ","Transmission","Synchro Shuttle","","","","https://www.westendpower.com/new-models/2026-yanmar-usa-sm-series-sm240-29396860b","","T","T"," "," ","Gear","Ag","Yanmar","Diesel","36.9","28.2"," "," "," "," "," "," "," "," "," "," "," "," "," ",""
"SM240T-L","Yanmar SM240T-L Compact Tractor","T","0","T","0","YANMAR","Compact Tractors","CUT","T","T","T","SM","FIXED","","700","T","SM240","35299","Diesel","Tool","","0","0","T","2026-10-31","2026-10-01","2900","","","","SM","84","","","SM","T","","","","","","","","","","","","","","images/Products/SM240.jpg","24 Months or 2000 Hours / Powertrain 120 Months or 3000 Hours","24 Months or 2000 Hours","36.9"," ","28.2","","","","","Engine","Yanmar","Cylinders / Displacement"," ","Gross Engine Power","36.9 hp (27.5 kW)","Net Engine Power"," ","PTO Power","28.2 hp (21.0 kW)","3-Point Hitch","Category 1","3-Point Lift Capacity","1,558 lb (707 kG)","Fuel Tank Capacity","9.0 gal. (34 L)","Overall Width"," ","Transmission","Synchro Shuttle","","","","https://www.westendpower.com/new-models/2026-yanmar-usa-sm-series-sm240-29396860b","","T"," "," "," ","Gear","Turf","Yanmar","Diesel","36.9","28.2"," "," "," "," "," "," "," "," "," "," "," "," "," ",""
"SM240T-LB","Yanmar SM240T-LB Compact Tractor","T","0","T","0","YANMAR","Compact Tractors","CUT","T","T","T","SM","FIXED","","700","T","SM240","43699","Diesel","Tool","","0","0","T","2026-10-31","2026-10-01","3200","","","","SM","85","","","SM","T","","","","","","","","","","","","","","images/Products/SM240.jpg","24 Months or 2000 Hours / Powertrain 120 Months or 3000 Hours","24 Months or 2000 Hours","36.9"," ","28.2","","","","","Engine","Yanmar","Cylinders / Displacement"," ","Gross Engine Power","36.9 hp (27.5 kW)","Net Engine Power"," ","PTO Power","28.2 hp (21.0 kW)","3-Point Hitch","Category 1","3-Point Lift Capacity","1,558 lb (707 kG)","Fuel Tank Capacity","9.0 gal. (34 L)","Overall Width"," ","Transmission","Synchro Shuttle","","","","https://www.westendpower.com/new-models/2026-yanmar-usa-sm-series-sm240-29396860b","","T","T"," "," ","Gear","Turf","Yanmar","Diesel","36.9","28.2"," "," "," "," "," "," "," "," "," "," "," "," "," ",""
"SM240I-L","Yanmar SM240I-L Compact Tractor","T","0","T","0","YANMAR","Compact Tractors","CUT","T","T","T","SM","FIXED","","700","T","SM240","35299","Diesel","Tool","","0","0","T","2026-10-31","2026-10-01","2900","","","","SM","86","","","SM","T","","","","","","","","","","","","","","images/Products/SM240.jpg","24 Months or 2000 Hours / Powertrain 120 Months or 3000 Hours","24 Months or 2000 Hours","36.9"," ","28.2","","","","","Engine","Yanmar","Cylinders / Displacement"," ","Gross Engine Power","36.9 hp (27.5 kW)","Net Engine Power"," ","PTO Power","28.2 hp (21.0 kW)","3-Point Hitch","Category 1","3-Point Lift Capacity","1,558 lb (707 kG)","Fuel Tank Capacity","9.0 gal. (34 L)","Overall Width"," ","Transmission","Synchro Shuttle","","","","https://www.westendpower.com/new-models/2026-yanmar-usa-sm-series-sm240-29396860b","","T"," "," "," ","Gear","Industrial","Yanmar","Diesel","36.9","28.2"," "," "," "," "," "," "," "," "," "," "," "," "," ",""
"SM240I-LB","Yanmar SM240I-LB Compact Tractor","T","0","T","0","YANMAR","Compact Tractors","CUT","T","T","T","SM","FIXED","","700","T","SM240","43699","Diesel","Tool","","0","0","T","2026-10-31","2026-10-01","3200","","","","SM","87","","","SM","T","","","","","","","","","","","","","","images/Products/SM240.jpg","24 Months or 2000 Hours / Powertrain 120 Months or 3000 Hours","24 Months or 2000 Hours","36.9"," ","28.2","","","","","Engine","Yanmar","Cylinders / Displacement"," ","Gross Engine Power","36.9 hp (27.5 kW)","Net Engine Power"," ","PTO Power","28.2 hp (21.0 kW)","3-Point Hitch","Category 1","3-Point Lift Capacity","1,558 lb (707 kG)","Fuel Tank Capacity","9.0 gal. (34 L)","Overall Width"," ","Transmission","Synchro Shuttle","","","","https://www.westendpower.com/new-models/2026-yanmar-usa-sm-series-sm240-29396860b","","T","T"," "," ","Gear","Industrial","Yanmar","Diesel","36.9","28.2"," "," "," "," "," "," "," "," "," "," "," "," "," ",""
"SM240HA-L","Yanmar SM240HA-L Compact Tractor","T","0","T","0","YANMAR","Compact Tractors","CUT","T","T","T","SM","FIXED","","700","T","SM240H","37399","Diesel","Tool","","0","0","T","2026-10-31","2026-10-01","2900","","","","SM","90","","","SM","T","","","","","","","","","","","","","","images/Products/SM240H.jpg","24 Months or 2000 Hours / Powertrain 120 Months or 3000 Hours","24 Months or 2000 Hours","36.9"," ","27.5","","","","","Engine","Yanmar","Cylinders / Displacement"," ","Gross Engine Power","36.9 hp (27.5 kW)","Net Engine Power"," ","PTO Power","27.5 hp (21.0 kW)","3-Point Hitch","Category 1","3-Point Lift Capacity","1,558 lb (707 kG)","Fuel Tank Capacity","9.0 gal. (34 L)","Overall Width"," ","Transmission","Hydrostatic","","","","https://www.westendpower.com/new-models/2026-yanmar-usa-sm-series-sm240-29396860b","","T"," "," "," ","Hydrostatic","Ag","Yanmar","Diesel","36.9","27.5"," "," "," "," "," "," "," "," "," "," "," "," "," ",""
"SM240HA-LB","Yanmar SM240HA-LB Compact Tractor","T","0","T","0","YANMAR","Compact Tractors","CUT","T","T","T","SM","FIXED","","700","T","SM240H","45799","Diesel","Tool","","0","0","T","2026-10-31","2026-10-01","3200","","","","SM","91","","","SM","T","","","","","","","","","","","","","","images/Products/SM240H.jpg","24 Months or 2000 Hours / Powertrain 120 Months or 3000 Hours","24 Months or 2000 Hours","36.9"," ","27.5","","","","","Engine","Yanmar","Cylinders / Displacement"," ","Gross Engine Power","36.9 hp (27.5 kW)","Net Engine Power"," ","PTO Power","27.5 hp (21.0 kW)","3-Point Hitch","Category 1","3-Point Lift Capacity","1,558 lb (707 kG)","Fuel Tank Capacity","9.0 gal. (34 L)","Overall Width"," ","Transmission","Hydrostatic","","","","https://www.westendpower.com/new-models/2026-yanmar-usa-sm-series-sm240-29396860b","","T","T"," "," ","Hydrostatic","Ag","Yanmar","Diesel","36.9","27.5"," "," "," "," "," "," "," "," "," "," "," "," "," ",""
"SM240HT-L","Yanmar SM240HT-L Compact Tractor","T","0","T","0","YANMAR","Compact Tractors","CUT","T","T","T","SM","FIXED","","700","T","SM240H","37399","Diesel","Tool"," ","0","0","T","2026-10-31","2026-10-01","2900","","","","SM","92","","","SM","T","","","","","","","","","","","","","","images/Products/SM240H.jpg","24 Months or 2000 Hours / Powertrain 120 Months or 3000 Hours","24 Months or 2000 Hours","36.9"," ","27.5","","","","","Engine","Yanmar","Cylinders / Displacement"," ","Gross Engine Power","36.9 hp (27.5 kW)","Net Engine Power"," ","PTO Power","27.5 hp (21.0 kW)","3-Point Hitch","Category 1","3-Point Lift Capacity","1,558 lb (707 kG)","Fuel Tank Capacity","9.0 gal. (34 L)","Overall Width"," ","Transmission","Hydrostatic","","","","https://www.westendpower.com/new-models/2026-yanmar-usa-sm-series-sm240-29396860b","","T"," "," "," ","Hydrostatic","Turf","Yanmar","Diesel","36.9","27.5"," "," "," "," "," "," "," "," "," "," "," "," "," ",""
"SM240HT-LB","Yanmar SM240HT-LB Compact Tractor","T","0","T","0","YANMAR","Compact Tractors","CUT","T","T","T","SM","FIXED","","700","T","SM240H","45799","Diesel","Tool","","0","0","T","2026-10-31","2026-10-01","3200","","","","SM","93","","","SM","T","","","","","","","","","","","","","","images/Products/SM240H.jpg","24 Months or 2000 Hours / Powertrain 120 Months or 3000 Hours","24 Months or 2000 Hours","36.9"," ","27.5","","","","","Engine","Yanmar","Cylinders / Displacement"," ","Gross Engine Power","36.9 hp (27.5 kW)","Net Engine Power"," ","PTO Power","27.5 hp (21.0 kW)","3-Point Hitch","Category 1","3-Point Lift Capacity","1,558 lb (707 kG)","Fuel Tank Capacity","9.0 gal. (34 L)","Overall Width"," ","Transmission","Hydrostatic","","","","https://www.westendpower.com/new-models/2026-yanmar-usa-sm-series-sm240-29396860b","","T","T"," "," ","Hydrostatic","Turf","Yanmar","Diesel","36.9","27.5"," "," "," "," "," "," "," "," "," "," "," "," "," ",""
"SM240HI-L","Yanmar SM240HI-L Compact Tractor","T","0","T","0","YANMAR","Compact Tractors","CUT","T","T","T","SM","FIXED","","700","T","SM240H","37399","Diesel","Tool","","0","0","T","2026-10-31","2026-10-01","2900","","","","SM","94","","","SM","T","","","","","","","","","","","","","","images/Products/SM240H.jpg","24 Months or 2000 Hours / Powertrain 120 Months or 3000 Hours","24 Months or 2000 Hours","36.9"," ","27.5","","","","","Engine","Yanmar","Cylinders / Displacement"," ","Gross Engine Power","36.9 hp (27.5 kW)","Net Engine Power"," ","PTO Power","27.5 hp (21.0 kW)","3-Point Hitch","Category 1","3-Point Lift Capacity","1,558 lb (707 kG)","Fuel Tank Capacity","9.0 gal. (34 L)","Overall Width"," ","Transmission","Hydrostatic","","","","https://www.westendpower.com/new-models/2026-yanmar-usa-sm-series-sm240-29396860b","","T"," "," "," ","Hydrostatic","Industrial","Yanmar","Diesel","36.9","27.5"," "," "," "," "," "," "," "," "," "," "," "," "," ",""
"SM240HI-LB","Yanmar SM240HI-LB Compact Tractor","T","0","T","0","YANMAR","Compact Tractors","CUT","T","T","T","SM","FIXED","","700","T","SM240H","45799","Diesel","Tool"," ","0","0","T","2026-10-31","2026-10-01","3200","","","","SM","95","","","SM","T","","","","","","","","","","","","","","images/Products/SM240H.jpg","24 Months or 2000 Hours / Powertrain 120 Months or 3000 Hours","24 Months or 2000 Hours","36.9"," ","27.5","","","","","Engine","Yanmar","Cylinders / Displacement"," ","Gross Engine Power","36.9 hp (27.5 kW)","Net Engine Power"," ","PTO Power","27.5 hp (21.0 kW)","3-Point Hitch","Category 1","3-Point Lift Capacity","1,558 lb (707 kG)","Fuel Tank Capacity","9.0 gal. (34 L)","Overall Width"," ","Transmission","Hydrostatic","","","","https://www.westendpower.com/new-models/2026-yanmar-usa-sm-series-sm240-29396860b","","T","T"," "," ","Hydrostatic","Industrial","Yanmar","Diesel","36.9","27.5"," "," "," "," "," "," "," "," "," "," "," "," "," ",""
"SM475A-L","Yanmar SM475A-L Compact Tractor","T","0","T","0","YANMAR","Compact Tractors","CUT","T","T","T","SM","FIXED","","700","T","SM475I-L","66899","Diesel","Tool","","0","0","T","2026-10-31","2026-10-01","3400","","","","SM","98","","","SM","T","","","","","","","","","","","","","","images/Products/SM475.jpg","24 Months or 2000 Hours / Powertrain 120 Months or 3000 Hours","24 Months or 2000 Hours","74"," ","64.1","","","","","Engine","Deutz","Cylinders / Displacement","","Gross Engine Power","74.0 hp (55.4 kW)","Net Engine Power","","PTO Power","64.1 hp (47.8 kW)","3-Point Hitch","Category 2","3-Point Lift Capacity","3,418 lb (1,550 kG)","Fuel Tank Capacity","23.8 gal. (90 L)","Overall Width","","Transmission","Power Shuttle","","","","https://www.westendpower.com/new-models/2026-yanmar-usa-sm-series-sm475-29396861b","","T"," "," "," ","Gear","Ag","Deutz","Diesel","74","64.1"," "," "," "," "," "," "," "," "," "," "," "," "," ",""
"SM475I-L","Yanmar SM475I-L Compact Tractor","T","0","T","0","YANMAR","Compact Tractors","CUT","T","T","T","SM","FIXED","","700","T","SM475I-L","66899","Diesel","Tool","","0","0","T","2026-10-31","2026-10-01","3400","","","","SM","99","","","SM","T","","","","","","","","","","","","","","images/Products/SM475.jpg","24 Months or 2000 Hours / Powertrain 120 Months or 3000 Hours","24 Months or 2000 Hours","74"," ","64.1","","","","","Engine","Deutz","Cylinders / Displacement","","Gross Engine Power","74.0 hp (55.4 kW)","Net Engine Power","","PTO Power","64.1 hp (47.8 kW)","3-Point Hitch","Category 2","3-Point Lift Capacity","3,418 lb (1,550 kG)","Fuel Tank Capacity","23.8 gal. (90 L)","Overall Width","","Transmission","Power Shuttle","","","","https://www.westendpower.com/new-models/2026-yanmar-usa-sm-series-sm475-29396861b","","T"," "," "," ","Gear","Ag","Deutz","Diesel","74","64.1"," "," "," "," "," "," "," "," "," "," "," "," "," ",""
"YM225GXA","Yanmar YM225GXA Compact Tractor","T","0","T","0","YANMAR","Compact Tractors","CUT","T","T","T","YM","FIXED","","700","T","YM225","22199","Diesel","Tool","","0","1","T","2026-10-31","2026-10-01","500","","","","YM","102","","","YM","T","","","","","","","","","","","","","","images/Products/YM225.jpg","24 Months or 2000 Hours / Powertrain 120 Months or 3000 Hours","24 Months or 2000 Hours","24.4"," ","18.5","","","","","Engine","Yanmar","Cylinders / Displacement"," ","Gross Engine Power","24.4 hp (18.2 kW)","Net Engine Power"," ","PTO Power","18.5 hp (13.8 kW)","3-Point Hitch","Category 1","3-Point Lift Capacity","1,609 lb (730 kG)","Fuel Tank Capacity","10.5 gal. (40 L)","Overall Width"," ","Transmission","Synchronized Reverser","","","","https://www.westendpower.com/new-models/2026-yanmar-usa-ym2-series-ym225-29395875b",""," "," "," "," ","Gear","Ag","Yanmar","Diesel","24.4","18.5"," "," "," "," "," "," "," "," "," "," "," "," "," ",""
"YM225GXA-TL","Yanmar YM225GXA-TL Compact Tractor","T","0","T","0","YANMAR","Compact Tractors","CUT","T","T","T","YM","FIXED","","700","T","YM225","30199","Diesel","Tool","","0","0","T","2026-10-31","2026-10-01","1900","","","","YM","103","","","YM","T","","","","","","","","","","","","","","images/Products/YM225.jpg","24 Months or 2000 Hours / Powertrain 120 Months or 3000 Hours","24 Months or 2000 Hours","24.4"," ","18.5","","","","","Engine","Yanmar","Cylinders / Displacement"," ","Gross Engine Power","24.4 hp (18.2 kW)","Net Engine Power"," ","PTO Power","18.5 hp (13.8 kW)","3-Point Hitch","Category 1","3-Point Lift Capacity","1,609 lb (730 kG)","Fuel Tank Capacity","10.5 gal. (40 L)","Overall Width","","Transmission","Synchronized Reverser","","","","https://www.westendpower.com/new-models/2026-yanmar-usa-ym2-series-ym225-29395875b","","T"," "," "," ","Gear","Ag","Yanmar","Diesel","24.4","18.5"," "," "," "," "," "," "," "," "," "," "," "," "," ",""
"YM225GXA-TLB","Yanmar YM225GXA-TLB Compact Tractor","T","0","T","0","YANMAR","Compact Tractors","CUT","T","T","T","YM","FIXED","","700","T","YM225","46599","Diesel","Tool","","0","0","T","2026-10-31","2026-10-01","2200","","","","YM","104","","","YM","T","","","","","","","","","","","","","","images/Products/YM225.jpg","24 Months or 2000 Hours / Powertrain 120 Months or 3000 Hours","24 Months or 2000 Hours","24.4"," ","18.5","","","","","Engine","Yanmar","Cylinders / Displacement"," ","Gross Engine Power","24.4 hp (18.2 kW)","Net Engine Power"," ","PTO Power","18.5 hp (13.8 kW)","3-Point Hitch","Category 1","3-Point Lift Capacity","1,609 lb (730 kG)","Fuel Tank Capacity","10.5 gal. (40 L)","Overall Width","","Transmission","Synchronized Reverser","","","","https://www.westendpower.com/new-models/2026-yanmar-usa-ym2-series-ym225-29395875b","","T","T"," "," ","Gear","Ag","Yanmar","Diesel","24.4","18.5"," "," "," "," "," "," "," "," "," "," "," "," "," ",""
"YM225GXI","Yanmar YM225GXI Compact Tractor","T","0","T","0","YANMAR","Compact Tractors","CUT","T","T","T","YM","FIXED","","700","T","YM225","22199","Diesel","Tool","","0","0","T","2026-10-31","2026-10-01","500","","","","YM","105","","","YM","T","","","","","","","","","","","","","","images/Products/YM225.jpg","24 Months or 2000 Hours / Powertrain 120 Months or 3000 Hours","24 Months or 2000 Hours","24.4"," ","18.5","","","","","Engine","Yanmar","Cylinders / Displacement"," ","Gross Engine Power","24.4 hp (18.2 kW)","Net Engine Power"," ","PTO Power","18.5 hp (13.8 kW)","3-Point Hitch","Category 1","3-Point Lift Capacity","1,609 lb (730 kG)","Fuel Tank Capacity","10.5 gal. (40 L)","Overall Width","","Transmission","Synchronized Reverser","","","","https://www.westendpower.com/new-models/2026-yanmar-usa-ym2-series-ym225-29395875b",""," "," "," "," ","Gear","Industrial","Yanmar","Diesel","24.4","18.5"," "," "," "," "," "," "," "," "," "," "," "," "," ",""
"YM225GXI-TL","Yanmar YM225GXI-TL Compact Tractor","T","0","T","0","YANMAR","Compact Tractors","CUT","T","T","T","YM","FIXED","","700","T","YM225","30199","Diesel","Tool","","0","0","T","2026-10-31","2026-10-01","1900","","","","YM","106","","","YM","T","","","","","","","","","","","","","","images/Products/YM225.jpg","24 Months or 2000 Hours / Powertrain 120 Months or 3000 Hours","24 Months or 2000 Hours","24.4"," ","18.5","","","","","Engine","Yanmar","Cylinders / Displacement"," ","Gross Engine Power","24.4 hp (18.2 kW)","Net Engine Power"," ","PTO Power","18.5 hp (13.8 kW)","3-Point Hitch","Category 1","3-Point Lift Capacity","1,609 lb (730 kG)","Fuel Tank Capacity","10.5 gal. (40 L)","Overall Width","","Transmission","Synchronized Reverser","","","","https://www.westendpower.com/new-models/2026-yanmar-usa-ym2-series-ym225-29395875b","","T"," "," "," ","Gear","Industrial","Yanmar","Diesel","24.4","18.5"," "," "," "," "," "," "," "," "," "," "," "," "," ",""
"YM225GXI-TLB","Yanmar YM225GXI-TLB Compact Tractor","T","0","T","0","YANMAR","Compact Tractors","CUT","T","T","T","YM","FIXED","","700","T","YM225","46599","Diesel","Tool","","0","0","T","2026-10-31","2026-10-01","2200","","","","YM","107","","","YM","T","","","","","","","","","","","","","","images/Products/YM225.jpg","24 Months or 2000 Hours / Powertrain 120 Months or 3000 Hours","24 Months or 2000 Hours","24.4"," ","18.5","","","","","Engine","Yanmar","Cylinders / Displacement"," ","Gross Engine Power","24.4 hp (18.2 kW)","Net Engine Power"," ","PTO Power","18.5 hp (13.8 kW)","3-Point Hitch","Category 1","3-Point Lift Capacity","1,609 lb (730 kG)","Fuel Tank Capacity","10.5 gal. (40 L)","Overall Width","","Transmission","Synchronized Reverser","","","","https://www.westendpower.com/new-models/2026-yanmar-usa-ym2-series-ym225-29395875b","","T","T"," "," ","Gear","Industrial","Yanmar","Diesel","24.4","18.5"," "," "," "," "," "," "," "," "," "," "," "," "," ",""
"YM225GXT","Yanmar YM225GXT Compact Tractor","T","0","T","0","YANMAR","Compact Tractors","CUT","T","T","T","YM","FIXED","","700","T","YM225","22199","Diesel","Tool","","0","0","T","2026-10-31","2026-10-01","500","","","","YM","108","","","YM","T","","","","","","","","","","","","","","images/Products/YM225.jpg","24 Months or 2000 Hours / Powertrain 120 Months or 3000 Hours","24 Months or 2000 Hours","24.4"," ","18.5","","","","","Engine","Yanmar","Cylinders / Displacement"," ","Gross Engine Power","24.4 hp (18.2 kW)","Net Engine Power"," ","PTO Power","18.5 hp (13.8 kW)","3-Point Hitch","Category 1","3-Point Lift Capacity","1,609 lb (730 kG)","Fuel Tank Capacity","10.5 gal. (40 L)","Overall Width","","Transmission","Synchronized Reverser","","","","https://www.westendpower.com/new-models/2026-yanmar-usa-ym2-series-ym225-29395875b",""," "," "," "," ","Gear","Turf","Yanmar","Diesel","24.4","18.5"," "," "," "," "," "," "," "," "," "," "," "," "," ",""
"YM225GXT-TL","Yanmar YM225GXT-TL Compact Tractor","T","0","T","0","YANMAR","Compact Tractors","CUT","T","T","T","YM","FIXED","","700","T","YM225","30199","Diesel","Tool","","0","0","T","2026-10-31","2026-10-01","1900","","","","YM","109","","","YM","T","","","","","","","","","","","","","","images/Products/YM225.jpg","24 Months or 2000 Hours / Powertrain 120 Months or 3000 Hours","24 Months or 2000 Hours","24.4"," ","18.5","","","","","Engine","Yanmar","Cylinders / Displacement"," ","Gross Engine Power","24.4 hp (18.2 kW)","Net Engine Power"," ","PTO Power","18.5 hp (13.8 kW)","3-Point Hitch","Category 1","3-Point Lift Capacity","1,609 lb (730 kG)","Fuel Tank Capacity","10.5 gal. (40 L)","Overall Width","","Transmission","Synchronized Reverser","","","","https://www.westendpower.com/new-models/2026-yanmar-usa-ym2-series-ym225-29395875b","","T"," "," "," ","Gear","Turf","Yanmar","Diesel","24.4","18.5"," "," "," "," "," "," "," "," "," "," "," "," "," ",""
"YM225GXT-TLB","Yanmar YM225GXT-TLB Compact Tractor","T","0","T","0","YANMAR","Compact Tractors","CUT","T","T","T","YM","FIXED","","700","T","YM225","46599","Diesel","Tool","","0","0","T","2026-10-31","2026-10-01","2200","","","","YM","110","","","YM","T","","","","","","","","","","","","","","images/Products/YM225.jpg","24 Months or 2000 Hours / Powertrain 120 Months or 3000 Hours","24 Months or 2000 Hours","24.4"," ","18.5","","","","","Engine","Yanmar","Cylinders / Displacement"," ","Gross Engine Power","24.4 hp (18.2 kW)","Net Engine Power"," ","PTO Power","18.5 hp (13.8 kW)","3-Point Hitch","Category 1","3-Point Lift Capacity","1,609 lb (730 kG)","Fuel Tank Capacity","10.5 gal. (40 L)","Overall Width","","Transmission","Synchronized Reverser","","","","https://www.westendpower.com/new-models/2026-yanmar-usa-ym2-series-ym225-29395875b","","T","T"," "," ","Gear","Turf","Yanmar","Diesel","24.4","18.5"," "," "," "," "," "," "," "," "," "," "," "," "," ",""
"YM232GXA","Yanmar YM232GXA Compact Tractor","T","0","T","0","YANMAR","Compact Tractors","CUT","T","T","T","YM","FIXED","","700","T","YM232","24999","Diesel","Tool","","0","1","T","2026-10-31","2026-10-01","500","","","","YM","113","","","YM","T","","","","","","","","","","","","","","images/Products/YM232.jpg","24 Months or 2000 Hours / Powertrain 120 Months or 3000 Hours","24 Months or 2000 Hours","31.8"," ","25.5","","","","","Engine","Yanmar","Cylinders / Displacement"," ","Gross Engine Power","31.8 hp (23.7 kW)","Net Engine Power"," ","PTO Power","25.5 hp (19.0 kW)","3-Point Hitch","Category 1","3-Point Lift Capacity","1,609 lb (730 kG)","Fuel Tank Capacity","10.5 gal. (40 L)","Overall Width","","Transmission","Synchronized Reverser","","","","https://www.westendpower.com/new-models/2026-yanmar-usa-ym2-series-ym232-29395873b",""," "," "," "," ","Gear","Ag","Yanmar","Diesel","31.8","25.5"," "," "," "," "," "," "," "," "," "," "," "," "," ",""
"YM232GXA-TL","Yanmar YM232GXA-TL Compact Tractor","T","0","T","0","YANMAR","Compact Tractors","CUT","T","T","T","YM","FIXED","","700","T","YM232","33299","Diesel","Tool","","0","0","T","2026-10-31","2026-10-01","1900","","","","YM","114","","","YM","T","","","","","","","","","","","","","","images/Products/YM232.jpg","24 Months or 2000 Hours / Powertrain 120 Months or 3000 Hours","24 Months or 2000 Hours","31.8"," ","25.5","","","","","Engine","Yanmar","Cylinders / Displacement"," ","Gross Engine Power","31.8 hp (23.7 kW)","Net Engine Power"," ","PTO Power","25.5 hp (19.0 kW)","3-Point Hitch","Category 1","3-Point Lift Capacity","1,609 lb (730 kG)","Fuel Tank Capacity","10.5 gal. (40 L)","Overall Width","","Transmission","Synchronized Reverser","","","","https://www.westendpower.com/new-models/2026-yanmar-usa-ym2-series-ym232-29395873b","","T"," "," "," ","Gear","Ag","Yanmar","Diesel","31.8","25.5"," "," "," "," "," "," "," "," "," "," "," "," "," ",""
"YM232GXA-TLB","Yanmar YM232GXA-TLB Compact Tractor","T","0","T","0","YANMAR","Compact Tractors","CUT","T","T","T","YM","FIXED","","700","T","YM232","49699","Diesel","Tool","","0","0","T","2026-10-31","2026-10-01","2200","","","","YM","115","","","YM","T","","","","","","","","","","","","","","images/Products/YM232.jpg","24 Months or 2000 Hours / Powertrain 120 Months or 3000 Hours","24 Months or 2000 Hours","31.8"," ","25.5","","","","","Engine","Yanmar","Cylinders / Displacement"," ","Gross Engine Power","31.8 hp (23.7 kW)","Net Engine Power"," ","PTO Power","25.5 hp (19.0 kW)","3-Point Hitch","Category 1","3-Point Lift Capacity","1,609 lb (730 kG)","Fuel Tank Capacity","10.5 gal. (40 L)","Overall Width","","Transmission","Synchronized Reverser","","","","https://www.westendpower.com/new-models/2026-yanmar-usa-ym2-series-ym232-29395873b","","T","T"," "," ","Gear","Ag","Yanmar","Diesel","31.8","25.5"," "," "," "," "," "," "," "," "," "," "," "," "," ",""
"YM232GXI","Yanmar YM232GXI Compact Tractor","T","0","T","0","YANMAR","Compact Tractors","CUT","T","T","T","YM","FIXED","","700","T","YM232","24999","Diesel","Tool","","0","0","T","2026-10-31","2026-10-01","500","","","","YM","116","","","YM","T","","","","","","","","","","","","","","images/Products/YM232.jpg","24 Months or 2000 Hours / Powertrain 120 Months or 3000 Hours","24 Months or 2000 Hours","31.8"," ","25.5","","","","","Engine","Yanmar","Cylinders / Displacement"," ","Gross Engine Power","31.8 hp (23.7 kW)","Net Engine Power"," ","PTO Power","25.5 hp (19.0 kW)","3-Point Hitch","Category 1","3-Point Lift Capacity","1,609 lb (730 kG)","Fuel Tank Capacity","10.5 gal. (40 L)","Overall Width","","Transmission","Synchronized Reverser","","","","https://www.westendpower.com/new-models/2026-yanmar-usa-ym2-series-ym232-29395873b",""," "," "," "," ","Gear","Industrial","Yanmar","Diesel","31.8","25.5"," "," "," "," "," "," "," "," "," "," "," "," "," ",""
"YM232GXI-TL","Yanmar YM232GXI-TL Compact Tractor","T","0","T","0","YANMAR","Compact Tractors","CUT","T","T","T","YM","FIXED","","700","T","YM232","33299","Diesel","Tool","","0","0","T","2026-10-31","2026-10-01","1900","","","","YM","117","","","YM","T","","","","","","","","","","","","","","images/Products/YM232.jpg","24 Months or 2000 Hours / Powertrain 120 Months or 3000 Hours","24 Months or 2000 Hours","31.8"," ","25.5","","","","","Engine","Yanmar","Cylinders / Displacement"," ","Gross Engine Power","31.8 hp (23.7 kW)","Net Engine Power"," ","PTO Power","25.5 hp (19.0 kW)","3-Point Hitch","Category 1","3-Point Lift Capacity","1,609 lb (730 kG)","Fuel Tank Capacity","10.5 gal. (40 L)","Overall Width","","Transmission","Synchronized Reverser","","","","https://www.westendpower.com/new-models/2026-yanmar-usa-ym2-series-ym232-29395873b","","T"," "," "," ","Gear","Industrial","Yanmar","Diesel","31.8","25.5"," "," "," "," "," "," "," "," "," "," "," "," "," ",""
"YM232GXI-TLB","Yanmar YM232GXI-TLB Compact Tractor","T","0","T","0","YANMAR","Compact Tractors","CUT","T","T","T","YM","FIXED","","700","T","YM232","49699","Diesel","Tool","","0","0","T","2026-10-31","2026-10-01","2200","","","","YM","118","","","YM","T","","","","","","","","","","","","","","images/Products/YM232.jpg","24 Months or 2000 Hours / Powertrain 120 Months or 3000 Hours","24 Months or 2000 Hours","31.8"," ","25.5","","","","","Engine","Yanmar","Cylinders / Displacement"," ","Gross Engine Power","31.8 hp (23.7 kW)","Net Engine Power"," ","PTO Power","25.5 hp (19.0 kW)","3-Point Hitch","Category 1","3-Point Lift Capacity","1,609 lb (730 kG)","Fuel Tank Capacity","10.5 gal. (40 L)","Overall Width","","Transmission","Synchronized Reverser","","","","https://www.westendpower.com/new-models/2026-yanmar-usa-ym2-series-ym232-29395873b","","T","T"," "," ","Gear","Industrial","Yanmar","Diesel","31.8","25.5"," "," "," "," "," "," "," "," "," "," "," "," "," ",""
"YM232GXT","Yanmar YM232GXT Compact Tractor","T","0","T","0","YANMAR","Compact Tractors","CUT","T","T","T","YM","FIXED","","700","T","YM232","24999","Diesel","Tool","","0","0","T","2026-10-31","2026-10-01","500","","","","YM","119","","","YM","T","","","","","","","","","","","","","","images/Products/YM232.jpg","24 Months or 2000 Hours / Powertrain 120 Months or 3000 Hours","24 Months or 2000 Hours","31.8"," ","25.5","","","","","Engine","Yanmar","Cylinders / Displacement"," ","Gross Engine Power","31.8 hp (23.7 kW)","Net Engine Power"," ","PTO Power","25.5 hp (19.0 kW)","3-Point Hitch","Category 1","3-Point Lift Capacity","1,609 lb (730 kG)","Fuel Tank Capacity","10.5 gal. (40 L)","Overall Width","","Transmission","Synchronized Reverser","","","","https://www.westendpower.com/new-models/2026-yanmar-usa-ym2-series-ym232-29395873b",""," "," "," "," ","Gear","Turf","Yanmar","Diesel","31.8","25.5"," "," "," "," "," "," "," "," "," "," "," "," "," ",""
"YM232GXT-TL","Yanmar YM232GXT-TL Compact Tractor","T","0","T","0","YANMAR","Compact Tractors","CUT","T","T","T","YM","FIXED","","700","T","YM232","33299","Diesel","Tool","","0","0","T","2026-10-31","2026-10-01","1900","","","","YM","120","","","YM","T","","","","","","","","","","","","","","images/Products/YM232.jpg","24 Months or 2000 Hours / Powertrain 120 Months or 3000 Hours","24 Months or 2000 Hours","31.8"," ","25.5","","","","","Engine","Yanmar","Cylinders / Displacement"," ","Gross Engine Power","31.8 hp (23.7 kW)","Net Engine Power"," ","PTO Power","25.5 hp (19.0 kW)","3-Point Hitch","Category 1","3-Point Lift Capacity","1,609 lb (730 kG)","Fuel Tank Capacity","10.5 gal. (40 L)","Overall Width","","Transmission","Synchronized Reverser","","","","https://www.westendpower.com/new-models/2026-yanmar-usa-ym2-series-ym232-29395873b","","T"," "," "," ","Gear","Turf","Yanmar","Diesel","31.8","25.5"," "," "," "," "," "," "," "," "," "," "," "," "," ",""
"YM232GXT-TLB","Yanmar YM232GXT-TLB Compact Tractor","T","0","T","0","YANMAR","Compact Tractors","CUT","T","T","T","YM","FIXED","","700","T","YM232","49699","Diesel","Tool","","0","0","T","2026-10-31","2026-10-01","2200","","","","YM","121","","","YM","T","","","","","","","","","","","","","","images/Products/YM232.jpg","24 Months or 2000 Hours / Powertrain 120 Months or 3000 Hours","24 Months or 2000 Hours","31.8"," ","25.5","","","","","Engine","Yanmar","Cylinders / Displacement"," ","Gross Engine Power","31.8 hp (23.7 kW)","Net Engine Power"," ","PTO Power","25.5 hp (19.0 kW)","3-Point Hitch","Category 1","3-Point Lift Capacity","1,609 lb (730 kG)","Fuel Tank Capacity","10.5 gal. (40 L)","Overall Width","","Transmission","Synchronized Reverser","","","","https://www.westendpower.com/new-models/2026-yanmar-usa-ym2-series-ym232-29395873b","","T","T"," "," ","Gear","Turf","Yanmar","Diesel","31.8","25.5"," "," "," "," "," "," "," "," "," "," "," "," "," ",""
"YM238GXA","Yanmar YM238GXA Compact Tractor","T","0","T","0","YANMAR","Compact Tractors","CUT","T","T","T","YM","FIXED","","700","T","YM238","27099","Diesel","Tool","","0","0","T","2026-10-31","2026-10-01","500","","","","YM","124","","","YM","T","","","","","","","","","","","","","","images/Products/YM238.jpg","24 Months or 2000 Hours / Powertrain 120 Months or 3000 Hours","24 Months or 2000 Hours","38.2"," ","31.9","","","","","Engine","Yanmar","Cylinders / Displacement"," ","Gross Engine Power","38.2 hp (28.5 kW)","Net Engine Power"," ","PTO Power","31.9 hp (23.8 kW)","3-Point Hitch","Category 1","3-Point Lift Capacity","1,609 lb (730 kG)","Fuel Tank Capacity","10.5 gal. (40 L)","Overall Width","","Transmission","Synchronized Reverser","","","","https://www.westendpower.com/new-models/2026-yanmar-usa-ym2-series-ym238-29395874b",""," "," "," "," ","Gear","Ag","Yanmar","Diesel","38.2","31.9"," "," "," "," "," "," "," "," "," "," "," "," "," ",""
"YM238GXA-TL","Yanmar YM238GXA-TL Compact Tractor","T","0","T","0","YANMAR","Compact Tractors","CUT","T","T","T","YM","FIXED","","700","T","YM238","36299","Diesel","Tool","","0","0","T","2026-10-31","2026-10-01","1900","","","","YM","125","","","YM","T","","","","","","","","","","","","","","images/Products/YM238.jpg","24 Months or 2000 Hours / Powertrain 120 Months or 3000 Hours","24 Months or 2000 Hours","38.2"," ","31.9","","","","","Engine","Yanmar","Cylinders / Displacement"," ","Gross Engine Power","38.2 hp (28.5 kW)","Net Engine Power"," ","PTO Power","31.9 hp (23.8 kW)","3-Point Hitch","Category 1","3-Point Lift Capacity","1,609 lb (730 kG)","Fuel Tank Capacity","10.5 gal. (40 L)","Overall Width","","Transmission","Synchronized Reverser","","","","https://www.westendpower.com/new-models/2026-yanmar-usa-ym2-series-ym238-29395874b","","T"," "," "," ","Gear","Ag","Yanmar","Diesel","38.2","31.9"," "," "," "," "," "," "," "," "," "," "," "," "," ",""
"YM238GXA-TLB","Yanmar YM238GXA-TLB Compact Tractor","T","0","T","0","YANMAR","Compact Tractors","CUT","T","T","T","YM","FIXED","","700","T","YM238","52699","Diesel","Tool","","0","0","T","2026-10-31","2026-10-01","2200","","","","YM","126","","","YM","T","","","","","","","","","","","","","","images/Products/YM238.jpg","24 Months or 2000 Hours / Powertrain 120 Months or 3000 Hours","24 Months or 2000 Hours","38.2"," ","31.9","","","","","Engine","Yanmar","Cylinders / Displacement"," ","Gross Engine Power","38.2 hp (28.5 kW)","Net Engine Power"," ","PTO Power","31.9 hp (23.8 kW)","3-Point Hitch","Category 1","3-Point Lift Capacity","1,609 lb (730 kG)","Fuel Tank Capacity","10.5 gal. (40 L)","Overall Width","","Transmission","Synchronized Reverser","","","","https://www.westendpower.com/new-models/2026-yanmar-usa-ym2-series-ym238-29395874b","","T","T"," "," ","Gear","Ag","Yanmar","Diesel","38.2","31.9"," "," "," "," "," "," "," "," "," "," "," "," "," ",""
"YM238GXI","Yanmar YM238GXI Compact Tractor","T","0","T","0","YANMAR","Compact Tractors","CUT","T","T","T","YM","FIXED","","700","T","YM238","27099","Diesel","Tool","","0","0","T","2026-10-31","2026-10-01","500","","","","YM","127","","","YM","T","","","","","","","","","","","","","","images/Products/YM238.jpg","24 Months or 2000 Hours / Powertrain 120 Months or 3000 Hours","24 Months or 2000 Hours","38.2"," ","31.9","","","","","Engine","Yanmar","Cylinders / Displacement"," ","Gross Engine Power","38.2 hp (28.5 kW)","Net Engine Power"," ","PTO Power","31.9 hp (23.8 kW)","3-Point Hitch","Category 1","3-Point Lift Capacity","1,609 lb (730 kG)","Fuel Tank Capacity","10.5 gal. (40 L)","Overall Width","","Transmission","Synchronized Reverser","","","","https://www.westendpower.com/new-models/2026-yanmar-usa-ym2-series-ym238-29395874b",""," "," "," "," ","Gear","Industrial","Yanmar","Diesel","38.2","31.9"," "," "," "," "," "," "," "," "," "," "," "," "," ",""
"YM238GXI-TL","Yanmar YM238GXI-TL Compact Tractor","T","0","T","0","YANMAR","Compact Tractors","CUT","T","T","T","YM","FIXED","","700","T","YM238","36299","Diesel","Tool","","0","0","T","2026-10-31","2026-10-01","1900","","","","YM","128","","","YM","T","","","","","","","","","","","","","","images/Products/YM238.jpg","24 Months or 2000 Hours / Powertrain 120 Months or 3000 Hours","24 Months or 2000 Hours","38.2"," ","31.9","","","","","Engine","Yanmar","Cylinders / Displacement"," ","Gross Engine Power","38.2 hp (28.5 kW)","Net Engine Power"," ","PTO Power","31.9 hp (23.8 kW)","3-Point Hitch","Category 1","3-Point Lift Capacity","1,609 lb (730 kG)","Fuel Tank Capacity","10.5 gal. (40 L)","Overall Width","","Transmission","Synchronized Reverser","","","","https://www.westendpower.com/new-models/2026-yanmar-usa-ym2-series-ym238-29395874b","","T"," "," "," ","Gear","Industrial","Yanmar","Diesel","38.2","31.9"," "," "," "," "," "," "," "," "," "," "," "," "," ",""
"YM238GXI-TLB","Yanmar YM238GXI-TLB Compact Tractor","T","0","T","0","YANMAR","Compact Tractors","CUT","T","T","T","YM","FIXED","","700","T","YM238","52699","Diesel","Tool","","0","0","T","2026-10-31","2026-10-01","2200","","","","YM","129","","","YM","T","","","","","","","","","","","","","","images/Products/YM238.jpg","24 Months or 2000 Hours / Powertrain 120 Months or 3000 Hours","24 Months or 2000 Hours","38.2"," ","31.9","","","","","Engine","Yanmar","Cylinders / Displacement"," ","Gross Engine Power","38.2 hp (28.5 kW)","Net Engine Power"," ","PTO Power","31.9 hp (23.8 kW)","3-Point Hitch","Category 1","3-Point Lift Capacity","1,609 lb (730 kG)","Fuel Tank Capacity","10.5 gal. (40 L)","Overall Width","","Transmission","Synchronized Reverser","","","","https://www.westendpower.com/new-models/2026-yanmar-usa-ym2-series-ym238-29395874b","","T","T"," "," ","Gear","Industrial","Yanmar","Diesel","38.2","31.9"," "," "," "," "," "," "," "," "," "," "," "," "," ",""
"YM238GXT","Yanmar YM238GXT Compact Tractor","T","0","T","0","YANMAR","Compact Tractors","CUT","T","T","T","YM","FIXED","","700","T","YM238","27099","Diesel","Tool","","0","0","T","2026-10-31","2026-10-01","500","","","","YM","130","","","YM","T","","","","","","","","","","","","","","images/Products/YM238.jpg","24 Months or 2000 Hours / Powertrain 120 Months or 3000 Hours","24 Months or 2000 Hours","38.2"," ","31.9","","","","","Engine","Yanmar","Cylinders / Displacement"," ","Gross Engine Power","38.2 hp (28.5 kW)","Net Engine Power"," ","PTO Power","31.9 hp (23.8 kW)","3-Point Hitch","Category 1","3-Point Lift Capacity","1,609 lb (730 kG)","Fuel Tank Capacity","10.5 gal. (40 L)","Overall Width","","Transmission","Synchronized Reverser","","","","https://www.westendpower.com/new-models/2026-yanmar-usa-ym2-series-ym238-29395874b",""," "," "," "," ","Gear","Turf","Yanmar","Diesel","38.2","31.9"," "," "," "," "," "," "," "," "," "," "," "," "," ",""
"YM238GXT-TL","Yanmar YM238GXT-TL Compact Tractor","T","0","T","0","YANMAR","Compact Tractors","CUT","T","T","T","YM","FIXED","","700","T","YM238","36299","Diesel","Tool","","0","0","T","2026-10-31","2026-10-01","1900","","","","YM","131","","","YM","T","","","","","","","","","","","","","","images/Products/YM238.jpg","24 Months or 2000 Hours / Powertrain 120 Months or 3000 Hours","24 Months or 2000 Hours","38.2"," ","31.9","","","","","Engine","Yanmar","Cylinders / Displacement"," ","Gross Engine Power","38.2 hp (28.5 kW)","Net Engine Power"," ","PTO Power","31.9 hp (23.8 kW)","3-Point Hitch","Category 1","3-Point Lift Capacity","1,609 lb (730 kG)","Fuel Tank Capacity","10.5 gal. (40 L)","Overall Width","","Transmission","Synchronized Reverser","","","","https://www.westendpower.com/new-models/2026-yanmar-usa-ym2-series-ym238-29395874b","","T"," "," "," ","Gear","Turf","Yanmar","Diesel","38.2","31.9"," "," "," "," "," "," "," "," "," "," "," "," "," ",""
"YM238GXT-TLB","Yanmar YM238GXT-TLB Compact Tractor","T","0","T","0","YANMAR","Compact Tractors","CUT","T","T","T","YM","FIXED","","700","T","YM238","52699","Diesel","Tool","","0","0","T","2026-10-31","2026-10-01","2200","","","","YM","132","","","YM","T","","","","","","","","","","","","","","images/Products/YM238.jpg","24 Months or 2000 Hours / Powertrain 120 Months or 3000 Hours","24 Months or 2000 Hours","38.2"," ","31.9","","","","","Engine","Yanmar","Cylinders / Displacement"," ","Gross Engine Power","38.2 hp (28.5 kW)","Net Engine Power"," ","PTO Power","31.9 hp (23.8 kW)","3-Point Hitch","Category 1","3-Point Lift Capacity","1,609 lb (730 kG)","Fuel Tank Capacity","10.5 gal. (40 L)","Overall Width","","Transmission","Synchronized Reverser","","","","https://www.westendpower.com/new-models/2026-yanmar-usa-ym2-series-ym238-29395874b","","T","T"," "," ","Gear","Turf","Yanmar","Diesel","38.2","31.9"," "," "," "," "," "," "," "," "," "," "," "," "," ",""
"YM342VA","Yanmar YM342VA Compact Tractor","T","0","T","0","YANMAR","Compact Tractors","CUT","T","T","T","YM","FIXED","","700","T","YM342","31899","Diesel","Tool","","0","0","T","2026-10-31","2026-10-01","500","","","","YM","135","","","YM","T","","","","","","","","","","","","","","images/Products/YM342.jpg","24 Months or 2000 Hours / Powertrain 120 Months or 3000 Hours","24 Months or 2000 Hours","41.4"," ","31","","","","","Engine","Yanmar 4TNV88C-XKITL","Cylinders / Displacement","133.6 cu. In.","Gross Engine Power","41.4 hp","Net Engine Power"," ","PTO Power","31.0 hp","3-Point Hitch","Category 1 & 2","3-Point Lift Capacity","2,750 lb","Fuel Tank Capacity","13.2 gal.","Overall Width","","Transmission","Synchronized Reverser","","","","https://www.westendpower.com/new-models/2026-yanmar-usa-ym3-series-ym342-29395872b",""," "," "," "," ","Gear","Ag","Yanmar","Diesel","41.4","31"," "," "," "," "," "," "," "," "," "," "," "," "," ",""
"YM342VA-L","Yanmar YM342VA-L Compact Tractor","T","0","T","0","YANMAR","Compact Tractors","CUT","T","T","T","YM","FIXED","","700","T","YM342","40199","Diesel","Tool","","0","0","T","2026-10-31","2026-10-01","2400","","","","YM","136","","","YM","T","","","","","","","","","","","","","","images/Products/YM342.jpg","24 Months or 2000 Hours / Powertrain 120 Months or 3000 Hours","24 Months or 2000 Hours","41.4"," ","31","","","","","Engine","Yanmar 4TNV88C-XKITL","Cylinders / Displacement","133.6 cu. In.","Gross Engine Power","41.4 hp","Net Engine Power"," ","PTO Power","31.0 hp","3-Point Hitch","Category 1 & 2","3-Point Lift Capacity","2,750 lb","Fuel Tank Capacity","13.2 gal.","Overall Width","","Transmission","Synchronized Reverser","","","","https://www.westendpower.com/new-models/2026-yanmar-usa-ym3-series-ym342-29395872b","","T"," "," "," ","Gear","Ag","Yanmar","Diesel","41.4","31"," "," "," "," "," "," "," "," "," "," "," "," "," ",""
"YM342VA-LB","Yanmar YM342VA-LB Compact Tractor","T","0","T","0","YANMAR","Compact Tractors","CUT","T","T","T","YM","FIXED","","700","T","YM342","60299","Diesel","Tool","","0","0","T","2026-10-31","2026-10-01","2700","","","","YM","137","","","YM","T","","","","","","","","","","","","","","images/Products/YM342.jpg","24 Months or 2000 Hours / Powertrain 120 Months or 3000 Hours","24 Months or 2000 Hours","41.4"," ","31","","","","","Engine","Yanmar 4TNV88C-XKITL","Cylinders / Displacement","133.6 cu. In.","Gross Engine Power","41.4 hp","Net Engine Power"," ","PTO Power","31.0 hp","3-Point Hitch","Category 1 & 2","3-Point Lift Capacity","2,750 lb","Fuel Tank Capacity","13.2 gal.","Overall Width","","Transmission","Synchronized Reverser","","","","https://www.westendpower.com/new-models/2026-yanmar-usa-ym3-series-ym342-29395872b","","T","T"," "," ","Gear","Ag","Yanmar","Diesel","41.4","31"," "," "," "," "," "," "," "," "," "," "," "," "," ",""
"YM342VI","Yanmar YM342VI Compact Tractor","T","0","T","0","YANMAR","Compact Tractors","CUT","T","T","T","YM","FIXED","","700","T","YM342","31899","Diesel","Tool","","0","0","T","2026-10-31","2026-10-01","500","","","","YM","138","","","YM","T","","","","","","","","","","","","","","images/Products/YM342.jpg","24 Months or 2000 Hours / Powertrain 120 Months or 3000 Hours","24 Months or 2000 Hours","41.4"," ","31","","","","","Engine","Yanmar 4TNV88C-XKITL","Cylinders / Displacement","133.6 cu. In.","Gross Engine Power","41.4 hp","Net Engine Power"," ","PTO Power","31.0 hp","3-Point Hitch","Category 1 & 2","3-Point Lift Capacity","2,750 lb","Fuel Tank Capacity","13.2 gal.","Overall Width","","Transmission","Synchronized Reverser","","","","https://www.westendpower.com/new-models/2026-yanmar-usa-ym3-series-ym342-29395872b",""," "," "," "," ","Gear","Industrial","Yanmar","Diesel","41.4","31"," "," "," "," "," "," "," "," "," "," "," "," "," ",""
"YM342VI-L","Yanmar YM342VI-L Compact Tractor","T","0","T","0","YANMAR","Compact Tractors","CUT","T","T","T","YM","FIXED","","700","T","YM342","40199","Diesel","Tool"," ","0","0","T","2026-10-31","2026-10-01","2400","","","","YM","139","","","YM","T","","","","","","","","","","","","","","images/Products/YM342.jpg","24 Months or 2000 Hours / Powertrain 120 Months or 3000 Hours","24 Months or 2000 Hours","41.4"," ","31","","","","","Engine","Yanmar 4TNV88C-XKITL","Cylinders / Displacement","133.6 cu. In.","Gross Engine Power","41.4 hp","Net Engine Power"," ","PTO Power","31.0 hp","3-Point Hitch","Category 1 & 2","3-Point Lift Capacity","2,750 lb","Fuel Tank Capacity","13.2 gal.","Overall Width","","Transmission","Synchronized Reverser","","","","https://www.westendpower.com/new-models/2026-yanmar-usa-ym3-series-ym342-29395872b","","T"," "," "," ","Gear","Industrial","Yanmar","Diesel","41.4","31"," "," "," "," "," "," "," "," "," "," "," "," "," ",""
"YM342VI-LB","Yanmar YM342VI-LB Compact Tractor","T","0","T","0","YANMAR","Compact Tractors","CUT","T","T","T","YM","FIXED","","700","T","YM342","60299","Diesel","Tool"," ","1","1","T","2026-10-31","2026-10-01","2700","","","","YM","140","","","YM","T","","","","","","","","","","","","","","images/Products/YM342.jpg","24 Months or 2000 Hours / Powertrain 120 Months or 3000 Hours","24 Months or 2000 Hours","41.4"," ","31","","","","","Engine","Yanmar 4TNV88C-XKITL","Cylinders / Displacement","133.6 cu. In.","Gross Engine Power","41.4 hp","Net Engine Power"," ","PTO Power","31.0 hp","3-Point Hitch","Category 1 & 2","3-Point Lift Capacity","2,750 lb","Fuel Tank Capacity","13.2 gal.","Overall Width","","Transmission","Synchronized Reverser","","","","https://www.westendpower.com/new-models/2026-yanmar-usa-ym3-series-ym342-29395872b","","T","T"," "," ","Gear","Industrial","Yanmar","Diesel","41.4","31"," "," "," "," "," "," "," "," "," "," "," "," "," ",""
"YM342VT","Yanmar YM342VT Compact Tractor","T","0","T","0","YANMAR","Compact Tractors","CUT","T","T","T","YM","FIXED","","700","T","YM342","31899","Diesel","Tool","","0","0","T","2026-10-31","2026-10-01","500","","","","YM","141","","","YM","T","","","","","","","","","","","","","","images/Products/YM342.jpg","24 Months or 2000 Hours / Powertrain 120 Months or 3000 Hours","24 Months or 2000 Hours","41.4"," ","31","","","","","Engine","Yanmar 4TNV88C-XKITL","Cylinders / Displacement","133.6 cu. In.","Gross Engine Power","41.4 hp","Net Engine Power"," ","PTO Power","31.0 hp","3-Point Hitch","Category 1 & 2","3-Point Lift Capacity","2,750 lb","Fuel Tank Capacity","13.2 gal.","Overall Width","","Transmission","Synchronized Reverser","","","","https://www.westendpower.com/new-models/2026-yanmar-usa-ym3-series-ym342-29395872b",""," "," "," "," ","Gear","Turf","Yanmar","Diesel","41.4","31"," "," "," "," "," "," "," "," "," "," "," "," "," ",""
"YM342VT-L","Yanmar YM342VT-L Compact Tractor","T","0","T","0","YANMAR","Compact Tractors","CUT","T","T","T","YM","FIXED","","700","T","YM342","40199","Diesel","Tool","","0","0","T","2026-10-31","2026-10-01","2400","","","","YM","142","","","YM","T","","","","","","","","","","","","","","images/Products/YM342.jpg","24 Months or 2000 Hours / Powertrain 120 Months or 3000 Hours","24 Months or 2000 Hours","41.4"," ","31","","","","","Engine","Yanmar 4TNV88C-XKITL","Cylinders / Displacement","133.6 cu. In.","Gross Engine Power","41.4 hp","Net Engine Power"," ","PTO Power","31.0 hp","3-Point Hitch","Category 1 & 2","3-Point Lift Capacity","2,750 lb","Fuel Tank Capacity","13.2 gal.","Overall Width","","Transmission","Synchronized Reverser","","","","https://www.westendpower.com/new-models/2026-yanmar-usa-ym3-series-ym342-29395872b","","T"," "," "," ","Gear","Turf","Yanmar","Diesel","41.4","31"," "," "," "," "," "," "," "," "," "," "," "," "," ",""
"YM342VT-LB","Yanmar YM342VT-LB Compact Tractor","T","0","T","0","YANMAR","Compact Tractors","CUT","T","T","T","YM","FIXED","","700","T","YM342","60299","Diesel","Tool","","0","0","T","2026-10-31","2026-10-01","2700","","","","YM","143","","","YM","T","","","","","","","","","","","","","","images/Products/YM342.jpg","24 Months or 2000 Hours / Powertrain 120 Months or 3000 Hours","24 Months or 2000 Hours","41.4"," ","31","","","","","Engine","Yanmar 4TNV88C-XKITL","Cylinders / Displacement","133.6 cu. In.","Gross Engine Power","41.4 hp","Net Engine Power"," ","PTO Power","31.0 hp","3-Point Hitch","Category 1 & 2","3-Point Lift Capacity","2,750 lb","Fuel Tank Capacity","13.2 gal.","Overall Width","","Transmission","Synchronized Reverser","","","","https://www.westendpower.com/new-models/2026-yanmar-usa-ym3-series-ym342-29395872b","","T","T"," "," ","Gear","Turf","Yanmar","Diesel","41.4","31"," "," "," "," "," "," "," "," "," "," "," "," "," ",""
"YM347VA","Yanmar YM347VA Compact Tractor","T","0","T","0","YANMAR","Compact Tractors","CUT","T","T","T","YM","FIXED","","700","T","YM347","33099","Diesel","Tool","","0","0","T","2026-10-31","2026-10-01","500","","","","YM","146","","","YM","T","","","","","","","","","","","","","","images/Products/YM347.jpg","24 Months or 2000 Hours / Powertrain 120 Months or 3000 Hours","24 Months or 2000 Hours","46"," ","35.5","","","","","Engine","Yanmar 4TNV88C-XKITL","Cylinders / Displacement","133.6 cu. In.","Gross Engine Power","46.0 hp","Net Engine Power"," ","PTO Power","35.5 hp","3-Point Hitch","Category 1 & 2","3-Point Lift Capacity","2,750 lb","Fuel Tank Capacity","13.2 gal.","Overall Width","","Transmission","Synchronized Reverser","","","","https://www.westendpower.com/new-models/2026-yanmar-usa-ym3-series-ym347-29395870b",""," "," "," "," ","Gear","Ag","Yanmar","Diesel","46","35.5"," "," "," "," "," "," "," "," "," "," "," "," "," ",""
"YM347VA-L","Yanmar YM347VA-L Compact Tractor","T","0","T","0","YANMAR","Compact Tractors","CUT","T","T","T","YM","FIXED","","700","T","YM347","41099","Diesel","Tool","","0","0","T","2026-10-31","2026-10-01","2400","","","","YM","147","","","YM","T","","","","","","","","","","","","","","images/Products/YM347.jpg","24 Months or 2000 Hours / Powertrain 120 Months or 3000 Hours","24 Months or 2000 Hours","46"," ","35.5","","","","","Engine","Yanmar 4TNV88C-XKITL","Cylinders / Displacement","133.6 cu. In.","Gross Engine Power","46.0 hp","Net Engine Power","","PTO Power","35.5 hp","3-Point Hitch","Category 1 & 2","3-Point Lift Capacity","2,750 lb","Fuel Tank Capacity","13.2 gal.","Overall Width","","Transmission","Synchronized Reverser","","","","https://www.westendpower.com/new-models/2026-yanmar-usa-ym3-series-ym347-29395870b","","T"," "," "," ","Gear","Ag","Yanmar","Diesel","46","35.5"," "," "," "," "," "," "," "," "," "," "," "," "," ",""
"YM347VA-LB","Yanmar YM347VA-LB Compact Tractor","T","0","T","0","YANMAR","Compact Tractors","CUT","T","T","T","YM","FIXED","","700","T","YM347","61199","Diesel","Tool"," ","1","1","T","2026-10-31","2026-10-01","2700","","","","YM","148","","","YM","T","","","","","","","","","","","","","","images/Products/YM347.jpg","24 Months or 2000 Hours / Powertrain 120 Months or 3000 Hours","24 Months or 2000 Hours","46"," ","35.5","","","","","Engine","Yanmar 4TNV88C-XKITL","Cylinders / Displacement","133.6 cu. In.","Gross Engine Power","46.0 hp","Net Engine Power","","PTO Power","35.5 hp","3-Point Hitch","Category 1 & 2","3-Point Lift Capacity","2,750 lb","Fuel Tank Capacity","13.2 gal.","Overall Width","","Transmission","Synchronized Reverser","","","","https://www.westendpower.com/new-models/2026-yanmar-usa-ym3-series-ym347-29395870b","","T","T"," "," ","Gear","Ag","Yanmar","Diesel","46","35.5"," "," "," "," "," "," "," "," "," "," "," "," "," ",""
"YM347VI","Yanmar YM347VI Compact Tractor","T","0","T","0","YANMAR","Compact Tractors","CUT","T","T","T","YM","FIXED","","700","T","YM347","33099","Diesel","Tool","","0","0","T","2026-10-31","2026-10-01","500","","","","YM","149","","","YM","T","","","","","","","","","","","","","","images/Products/YM347.jpg","24 Months or 2000 Hours / Powertrain 120 Months or 3000 Hours","24 Months or 2000 Hours","46"," ","35.5","","","","","Engine","Yanmar 4TNV88C-XKITL","Cylinders / Displacement","133.6 cu. In.","Gross Engine Power","46.0 hp","Net Engine Power","","PTO Power","35.5 hp","3-Point Hitch","Category 1 & 2","3-Point Lift Capacity","2,750 lb","Fuel Tank Capacity","13.2 gal.","Overall Width","","Transmission","Synchronized Reverser","","","","https://www.westendpower.com/new-models/2026-yanmar-usa-ym3-series-ym347-29395870b",""," "," "," "," ","Gear","Industrial","Yanmar","Diesel","46","35.5"," "," "," "," "," "," "," "," "," "," "," "," "," ",""
"YM347VI-L","Yanmar YM347VI-L Compact Tractor","T","0","T","0","YANMAR","Compact Tractors","CUT","T","T","T","YM","FIXED","","700","T","YM347","41099","Diesel","Tool","","0","0","T","2026-10-31","2026-10-01","2400","","","","YM","150","","","YM","T","","","","","","","","","","","","","","images/Products/YM347.jpg","24 Months or 2000 Hours / Powertrain 120 Months or 3000 Hours","24 Months or 2000 Hours","46"," ","35.5","","","","","Engine","Yanmar 4TNV88C-XKITL","Cylinders / Displacement","133.6 cu. In.","Gross Engine Power","46.0 hp","Net Engine Power","","PTO Power","35.5 hp","3-Point Hitch","Category 1 & 2","3-Point Lift Capacity","2,750 lb","Fuel Tank Capacity","13.2 gal.","Overall Width","","Transmission","Synchronized Reverser","","","","https://www.westendpower.com/new-models/2026-yanmar-usa-ym3-series-ym347-29395870b","","T"," "," "," ","Gear","Industrial","Yanmar","Diesel","46","35.5"," "," "," "," "," "," "," "," "," "," "," "," "," ",""
"YM347VI-LB","Yanmar YM347VI-LB Compact Tractor","T","0","T","0","YANMAR","Compact Tractors","CUT","T","T","T","YM","FIXED","","700","T","YM347","61199","Diesel","Tool","","0","0","T","2026-10-31","2026-10-01","2700","","","","YM","151","","","YM","T","","","","","","","","","","","","","","images/Products/YM347.jpg","24 Months or 2000 Hours / Powertrain 120 Months or 3000 Hours","24 Months or 2000 Hours","46"," ","35.5","","","","","Engine","Yanmar 4TNV88C-XKITL","Cylinders / Displacement","133.6 cu. In.","Gross Engine Power","46.0 hp","Net Engine Power","","PTO Power","35.5 hp","3-Point Hitch","Category 1 & 2","3-Point Lift Capacity","2,750 lb","Fuel Tank Capacity","13.2 gal.","Overall Width","","Transmission","Synchronized Reverser","","","","https://www.westendpower.com/new-models/2026-yanmar-usa-ym3-series-ym347-29395870b","","T","T"," "," ","Gear","Industrial","Yanmar","Diesel","46","35.5"," "," "," "," "," "," "," "," "," "," "," "," "," ",""
"YM347VT","Yanmar YM347VT Compact Tractor","T","0","T","0","YANMAR","Compact Tractors","CUT","T","T","T","YM","FIXED","","700","T","YM347","33099","Diesel","Tool","","0","0","T","2026-10-31","2026-10-01","500","","","","YM","152","","","YM","T","","","","","","","","","","","","","","images/Products/YM347.jpg","24 Months or 2000 Hours / Powertrain 120 Months or 3000 Hours","24 Months or 2000 Hours","46"," ","35.5","","","","","Engine","Yanmar 4TNV88C-XKITL","Cylinders / Displacement","133.6 cu. In.","Gross Engine Power","46.0 hp","Net Engine Power","","PTO Power","35.5 hp","3-Point Hitch","Category 1 & 2","3-Point Lift Capacity","2,750 lb","Fuel Tank Capacity","13.2 gal.","Overall Width","","Transmission","Synchronized Reverser","","","","https://www.westendpower.com/new-models/2026-yanmar-usa-ym3-series-ym347-29395870b",""," "," "," "," ","Gear","Turf","Yanmar","Diesel","46","35.5"," "," "," "," "," "," "," "," "," "," "," "," "," ",""
"YM347VT-L","Yanmar YM347VT-L Compact Tractor","T","0","T","0","YANMAR","Compact Tractors","CUT","T","T","T","YM","FIXED","","700","T","YM347","41099","Diesel","Tool","","0","0","T","2026-10-31","2026-10-01","2400","","","","YM","153","","","YM","T","","","","","","","","","","","","","","images/Products/YM347.jpg","24 Months or 2000 Hours / Powertrain 120 Months or 3000 Hours","24 Months or 2000 Hours","46"," ","35.5","","","","","Engine","Yanmar 4TNV88C-XKITL","Cylinders / Displacement","133.6 cu. In.","Gross Engine Power","46.0 hp","Net Engine Power","","PTO Power","35.5 hp","3-Point Hitch","Category 1 & 2","3-Point Lift Capacity","2,750 lb","Fuel Tank Capacity","13.2 gal.","Overall Width","","Transmission","Synchronized Reverser","","","","https://www.westendpower.com/new-models/2026-yanmar-usa-ym3-series-ym347-29395870b","","T"," "," "," ","Gear","Turf","Yanmar","Diesel","46","35.5"," "," "," "," "," "," "," "," "," "," "," "," "," ",""
"YM347VT-LB","Yanmar YM347VT-LB Compact Tractor","T","0","T","0","YANMAR","Compact Tractors","CUT","T","T","T","YM","FIXED","","700","T","YM347","61199","Diesel","Tool"," ","1","1","T","2026-10-31","2026-10-01","2700","","","","YM","154","","","YM","T","","","","","","","","","","","","","","images/Products/YM347.jpg","24 Months or 2000 Hours / Powertrain 120 Months or 3000 Hours","24 Months or 2000 Hours","46"," ","35.5","","","","","Engine","Yanmar 4TNV88C-XKITL","Cylinders / Displacement","133.6 cu. In.","Gross Engine Power","46.0 hp","Net Engine Power","","PTO Power","35.5 hp","3-Point Hitch","Category 1 & 2","3-Point Lift Capacity","2,750 lb","Fuel Tank Capacity","13.2 gal.","Overall Width","","Transmission","Synchronized Reverser","","","","https://www.westendpower.com/new-models/2026-yanmar-usa-ym3-series-ym347-29395870b","","T","T"," "," ","Gear","Turf","Yanmar","Diesel","46","35.5"," "," "," "," "," "," "," "," "," "," "," "," "," ",""
"YM359VLA","Yanmar YM359VLA Compact Tractor","T","0","T","0","YANMAR","Compact Tractors","CUT","T","T","T","YM","FIXED","","700","T","YM359","37399","Diesel","Tool","","0","0","T","2026-10-31","2026-10-01","500","","","","YM","157","","","YM","T","","","","","","","","","","","","","","images/Products/YM359.jpg","24 Months or 2000 Hours / Powertrain 120 Months or 3000 Hours","24 Months or 2000 Hours","58.9"," ","47","","","","","Engine","Yanmar 4TNV98C-XNITL","Cylinders / Displacement","202.4 cu. In.","Gross Engine Power","58.9 hp","Net Engine Power"," ","PTO Power","47.0 hp","3-Point Hitch","Category 1 & 2","3-Point Lift Capacity","2,750 lb","Fuel Tank Capacity","13.2 gal.","Overall Width","","Transmission","Synchronized Reverser","","","","https://www.westendpower.com/new-models/2026-yanmar-usa-ym3-series-ym359-29395871b",""," "," "," "," ","Gear","Ag","Yanmar","Diesel","58.9","47"," "," "," "," "," "," "," "," "," "," "," "," "," ",""
"YM359VLA-L","Yanmar YM359VLA-L Compact Tractor","T","0","T","0","YANMAR","Compact Tractors","CUT","T","T","T","YM","FIXED","","700","T","YM359","44899","Diesel","Tool","","0","0","T","2026-10-31","2026-10-01","2400","","","","YM","158","","","YM","T","","","","","","","","","","","","","","images/Products/YM359.jpg","24 Months or 2000 Hours / Powertrain 120 Months or 3000 Hours","24 Months or 2000 Hours","58.9"," ","47","","","","","Engine","Yanmar 4TNV98C-XNITL","Cylinders / Displacement","202.4 cu. In.","Gross Engine Power","58.9 hp","Net Engine Power"," ","PTO Power","47.0 hp","3-Point Hitch","Category 1 & 2","3-Point Lift Capacity","2,750 lb","Fuel Tank Capacity","13.2 gal.","Overall Width","","Transmission","Synchronized Reverser","","","","https://www.westendpower.com/new-models/2026-yanmar-usa-ym3-series-ym359-29395871b","","T"," "," "," ","Gear","Ag","Yanmar","Diesel","58.9","47"," "," "," "," "," "," "," "," "," "," "," "," "," ",""
"YM359VLA-LB","Yanmar YM359VLA-LB Compact Tractor","T","0","T","0","YANMAR","Compact Tractors","CUT","T","T","T","YM","FIXED","","700","T","YM359","64999","Diesel","Tool","","0","0","T","2026-10-31","2026-10-01","2700","","","","YM","159","","","YM","T","","","","","","","","","","","","","","images/Products/YM359.jpg","24 Months or 2000 Hours / Powertrain 120 Months or 3000 Hours","24 Months or 2000 Hours","58.9"," ","47","","","","","Engine","Yanmar 4TNV98C-XNITL","Cylinders / Displacement","202.4 cu. In.","Gross Engine Power","58.9 hp","Net Engine Power"," ","PTO Power","47.0 hp","3-Point Hitch","Category 1 & 2","3-Point Lift Capacity","2,750 lb","Fuel Tank Capacity","13.2 gal.","Overall Width","","Transmission","Synchronized Reverser","","","","https://www.westendpower.com/new-models/2026-yanmar-usa-ym3-series-ym359-29395871b","","T","T"," "," ","Gear","Ag","Yanmar","Diesel","58.9","47"," "," "," "," "," "," "," "," "," "," "," "," "," ",""
"YM359VLI","Yanmar YM359VLI Compact Tractor","T","0","T","0","YANMAR","Compact Tractors","CUT","T","T","T","YM","FIXED","","700","T","YM359","37399","Diesel","Tool","","0","0","T","2026-10-31","2026-10-01","500","","","","YM","160","","","YM","T","","","","","","","","","","","","","","images/Products/YM359.jpg","24 Months or 2000 Hours / Powertrain 120 Months or 3000 Hours","24 Months or 2000 Hours","58.9"," ","47","","","","","Engine","Yanmar 4TNV98C-XNITL","Cylinders / Displacement","202.4 cu. In.","Gross Engine Power","58.9 hp","Net Engine Power"," ","PTO Power","47.0 hp","3-Point Hitch","Category 1 & 2","3-Point Lift Capacity","2,750 lb","Fuel Tank Capacity","13.2 gal.","Overall Width","","Transmission","Synchronized Reverser","","","","https://www.westendpower.com/new-models/2026-yanmar-usa-ym3-series-ym359-29395871b",""," "," "," "," ","Gear","Industrial","Yanmar","Diesel","58.9","47"," "," "," "," "," "," "," "," "," "," "," "," "," ",""
"YM359VLI-L","Yanmar YM359VLI-L Compact Tractor","T","0","T","0","YANMAR","Compact Tractors","CUT","T","T","T","YM","FIXED","","700","T","YM359","44899","Diesel","Tool","","0","0","T","2026-10-31","2026-10-01","2400","","","","YM","161","","","YM","T","","","","","","","","","","","","","","images/Products/YM359.jpg","24 Months or 2000 Hours / Powertrain 120 Months or 3000 Hours","24 Months or 2000 Hours","58.9"," ","47","","","","","Engine","Yanmar 4TNV98C-XNITL","Cylinders / Displacement","202.4 cu. In.","Gross Engine Power","58.9 hp","Net Engine Power"," ","PTO Power","47.0 hp","3-Point Hitch","Category 1 & 2","3-Point Lift Capacity","2,750 lb","Fuel Tank Capacity","13.2 gal.","Overall Width","","Transmission","Synchronized Reverser","","","","https://www.westendpower.com/new-models/2026-yanmar-usa-ym3-series-ym359-29395871b","","T"," "," "," ","Gear","Industrial","Yanmar","Diesel","58.9","47"," "," "," "," "," "," "," "," "," "," "," "," "," ",""
"YM359VLI-LB","Yanmar YM359VLI-LB Compact Tractor","T","0","T","0","YANMAR","Compact Tractors","CUT","T","T","T","YM","FIXED","","700","T","YM359","64999","Diesel","Tool"," ","1","1","T","2026-10-31","2026-10-01","2700","","","","YM","162","","","YM","T","","","","","","","","","","","","","","images/Products/YM359.jpg","24 Months or 2000 Hours / Powertrain 120 Months or 3000 Hours","24 Months or 2000 Hours","58.9"," ","47","","","","","Engine","Yanmar 4TNV98C-XNITL","Cylinders / Displacement","202.4 cu. In.","Gross Engine Power","58.9 hp","Net Engine Power"," ","PTO Power","47.0 hp","3-Point Hitch","Category 1 & 2","3-Point Lift Capacity","2,750 lb","Fuel Tank Capacity","13.2 gal.","Overall Width","","Transmission","Synchronized Reverser","","","","https://www.westendpower.com/new-models/2026-yanmar-usa-ym3-series-ym359-29395871b","","T","T"," "," ","Gear","Industrial","Yanmar","Diesel","58.9","47"," "," "," "," "," "," "," "," "," "," "," "," "," ",""
"YM359VT","Yanmar YM359VT Compact Tractor","T","0","T","0","YANMAR","Compact Tractors","CUT","T","T","T","YM","FIXED","","700","T","YM359","37399","Diesel","Tool","","0","0","T","2026-10-31","2026-10-01","500","","","","YM","163","","","YM","T","","","","","","","","","","","","","","images/Products/YM359.jpg","24 Months or 2000 Hours / Powertrain 120 Months or 3000 Hours","24 Months or 2000 Hours","58.9"," ","47","","","","","Engine","Yanmar 4TNV98C-XNITL","Cylinders / Displacement","202.4 cu. In.","Gross Engine Power","58.9 hp","Net Engine Power"," ","PTO Power","47.0 hp","3-Point Hitch","Category 1 & 2","3-Point Lift Capacity","2,750 lb","Fuel Tank Capacity","13.2 gal.","Overall Width","","Transmission","Synchronized Reverser","","","","https://www.westendpower.com/new-models/2026-yanmar-usa-ym3-series-ym359-29395871b",""," "," "," "," ","Gear","Turf","Yanmar","Diesel","58.9","47"," "," "," "," "," "," "," "," "," "," "," "," "," ",""
"YM359VT-L","Yanmar YM359VT-L Compact Tractor","T","0","T","0","YANMAR","Compact Tractors","CUT","T","T","T","YM","FIXED","","700","T","YM359","44899","Diesel","Tool","","0","0","T","2026-10-31","2026-10-01","2400","","","","YM","164","","","YM","T","","","","","","","","","","","","","","images/Products/YM359.jpg","24 Months or 2000 Hours / Powertrain 120 Months or 3000 Hours","24 Months or 2000 Hours","58.9"," ","47","","","","","Engine","Yanmar 4TNV98C-XNITL","Cylinders / Displacement","202.4 cu. In.","Gross Engine Power","58.9 hp","Net Engine Power"," ","PTO Power","47.0 hp","3-Point Hitch","Category 1 & 2","3-Point Lift Capacity","2,750 lb","Fuel Tank Capacity","13.2 gal.","Overall Width","","Transmission","Synchronized Reverser","","","","https://www.westendpower.com/new-models/2026-yanmar-usa-ym3-series-ym359-29395871b","","T"," "," "," ","Gear","Turf","Yanmar","Diesel","58.9","47"," "," "," "," "," "," "," "," "," "," "," "," "," ",""
"YM359VT-LB","Yanmar YM359VT-LB Compact Tractor","T","0","T","0","YANMAR","Compact Tractors","CUT","T","T","T","YM","FIXED","","700","T","YM359","64999","Diesel","Tool","","0","0","T","2026-10-31","2026-10-01","2700","","","","YM","165","","","YM","T","","","","","","","","","","","","","","images/Products/YM359.jpg","24 Months or 2000 Hours / Powertrain 120 Months or 3000 Hours","24 Months or 2000 Hours","58.9"," ","47","","","","","Engine","Yanmar 4TNV98C-XNITL","Cylinders / Displacement","202.4 cu. In.","Gross Engine Power","58.9 hp","Net Engine Power"," ","PTO Power","47.0 hp","3-Point Hitch","Category 1 & 2","3-Point Lift Capacity","2,750 lb","Fuel Tank Capacity","13.2 gal.","Overall Width","","Transmission","Synchronized Reverser","","","","https://www.westendpower.com/new-models/2026-yanmar-usa-ym3-series-ym359-29395871b","","T","T"," "," ","Gear","Turf","Yanmar","Diesel","58.9","47"," "," "," "," "," "," "," "," "," "," "," "," "," ",""
"YT235VXHI","Yanmar YT235VXHI Compact Tractor","T","0","T","0","YANMAR","Compact Tractors","CUT","T","T","T","YT","FIXED","","700","T","YT235","32899","Diesel","Tool","","0","0","T","2026-10-31","2026-10-01","500","","","","YT","168",""," ","YT","T","","","","","","","","","","","","","","images/Products/YT235.jpg","24 Months or 2000 Hours / Powertrain 120 Months or 3000 Hours","24 Months or 2000 Hours","34.2"," ","27","2558","1160","2558","2,558 lb (1,160 kg)","Engine","Yanmar 3TNV88C","Cylinders / Displacement","3 / 100.1 cu. In.","Gross Engine Power","34.2 hp (26.1 kW)","Net Engine Power"," ","PTO Power","27.0 hp (20.1 kW)","3-Point Hitch","Category 1","3-Point Lift Capacity","1,764 lb (548 kG)","Fuel Tank Capacity","7.4 gal. (28 L)","Overall Width","58.3 in (w/R-4 Tires)","Transmission","Hydrostatic","","","","https://www.westendpower.com/new-models/2026-yanmar-usa-yt2-series-yt235-29396854b",""," "," "," "," ","Hydrostatic","Industrial","Yanmar","Diesel","34.2","27"," "," "," "," "," "," "," "," "," "," "," "," "," ",""
"YT235VXHT","Yanmar YT235VXHT Compact Tractor","T","0","T","0","YANMAR","Compact Tractors","CUT","T","T","T","YT","FIXED","","700","T","YT235","32899","Diesel","Tool","","0","0","T","2026-10-31","2026-10-01","500","","","","YT","169",""," ","YT","T","","","","","","","","","","","","","","images/Products/YT235.jpg","24 Months or 2000 Hours / Powertrain 120 Months or 3000 Hours","24 Months or 2000 Hours","34.2"," ","27","2558","1160","2558","2,558 lb (1,160 kg)","Engine","Yanmar 3TNV88C","Cylinders / Displacement","3 / 100.1 cu. In.","Gross Engine Power","34.2 hp (26.1 kW)","Net Engine Power"," ","PTO Power","27.0 hp (20.1 kW)","3-Point Hitch","Category 1","3-Point Lift Capacity","1,764 lb (548 kG)","Fuel Tank Capacity","7.4 gal. (28 L)","Overall Width","58.3 in (w/R-4 Tires)","Transmission","Hydrostatic","","","","https://www.westendpower.com/new-models/2026-yanmar-usa-yt2-series-yt235-29396854b",""," "," "," "," ","Hydrostatic","Turf","Yanmar","Diesel","34.2","27"," "," "," "," "," "," "," "," "," "," "," "," "," ",""
"YT235VXHA","Yanmar YT235VXHA Compact Tractor","T","0","T","0","YANMAR","Compact Tractors","CUT","T","T","T","YT","FIXED","","700","T","YT235","32899","Diesel","Tool"," ","1","1","T","2026-10-31","2026-10-01","500","","","","YT","170",""," ","YT","T","","","","","","","","","","","","","","images/Products/YT235.jpg","24 Months or 2000 Hours / Powertrain 120 Months or 3000 Hours","24 Months or 2000 Hours","34.2"," ","27","2558","1160","2558","2,558 lb (1,160 kg)","Engine","Yanmar 3TNV88C","Cylinders / Displacement","3 / 100.1 cu. In.","Gross Engine Power","34.2 hp (26.1 kW)","Net Engine Power"," ","PTO Power","27.0 hp (20.1 kW)","3-Point Hitch","Category 1","3-Point Lift Capacity","1,764 lb (548 kG)","Fuel Tank Capacity","7.4 gal. (28 L)","Overall Width","58.3 in (w/R-4 Tires)","Transmission","Hydrostatic","","","","https://www.westendpower.com/new-models/2026-yanmar-usa-yt2-series-yt235-29396854b",""," "," "," "," ","Hydrostatic","Ag","Yanmar","Diesel","34.2","27"," "," "," "," "," "," "," "," "," "," "," "," "," ",""
"YT235VXHI-TL","Yanmar YT235VXHI-TL Compact Tractor","T","0","T","0","YANMAR","Compact Tractors","CUT","T","T","T","YT","FIXED","","700","T","YT235","39599","Diesel","Tool","","0","0","T","2026-10-31","2026-10-01","2400","","","","YT","171",""," ","YT","T","","","","","","","","","","","","","","images/Products/YT235.jpg","24 Months or 2000 Hours / Powertrain 120 Months or 3000 Hours","24 Months or 2000 Hours","34.2"," ","27","3471","1574","3471","3,471 lb (1,574 kg)","Engine","Yanmar 3TNV88C","Cylinders / Displacement","3 / 100.1 cu. In.","Gross Engine Power","34.2 hp (26.1 kW)","Net Engine Power"," ","PTO Power","27.0 hp (20.1 kW)","3-Point Hitch","Category 1","3-Point Lift Capacity","1,764 lb (548 kG)","Fuel Tank Capacity","7.4 gal. (28 L)","Overall Width","58.3 in (w/R-4 Tires)","Transmission","Hydrostatic","","","","https://www.westendpower.com/new-models/2026-yanmar-usa-yt2-series-yt235-29396854b","","T"," "," "," ","Hydrostatic","Industrial","Yanmar","Diesel","34.2","27"," "," "," "," "," "," "," "," "," "," "," "," "," ",""
"YT235VXHT-TL","Yanmar YT235VXHT-TL Compact Tractor","T","0","T","0","YANMAR","Compact Tractors","CUT","T","T","T","YT","FIXED","","700","T","YT235","39599","Diesel","Tool","","0","0","T","2026-10-31","2026-10-01","2400","","","","YT","172",""," ","YT","T","","","","","","","","","","","","","","images/Products/YT235.jpg","24 Months or 2000 Hours / Powertrain 120 Months or 3000 Hours","24 Months or 2000 Hours","34.2"," ","27","3471","1574","3471","3,471 lb (1,574 kg)","Engine","Yanmar 3TNV88C","Cylinders / Displacement","3 / 100.1 cu. In.","Gross Engine Power","34.2 hp (26.1 kW)","Net Engine Power"," ","PTO Power","27.0 hp (20.1 kW)","3-Point Hitch","Category 1","3-Point Lift Capacity","1,764 lb (548 kG)","Fuel Tank Capacity","7.4 gal. (28 L)","Overall Width","58.3 in (w/R-4 Tires)","Transmission","Hydrostatic","","","","https://www.westendpower.com/new-models/2026-yanmar-usa-yt2-series-yt235-29396854b","","T"," "," "," ","Hydrostatic","Turf","Yanmar","Diesel","34.2","27"," "," "," "," "," "," "," "," "," "," "," "," "," ",""
"YT235VXHA-TL","Yanmar YT235VXHA-TL Compact Tractor","T","0","T","0","YANMAR","Compact Tractors","CUT","T","T","T","YT","FIXED","","700","T","YT235","39599","Diesel","Tool","","0","0","T","2026-10-31","2026-10-01","2400","","","","YT","173",""," ","YT","T","","","","","","","","","","","","","","images/Products/YT235.jpg","24 Months or 2000 Hours / Powertrain 120 Months or 3000 Hours","24 Months or 2000 Hours","34.2"," ","27","3471","1574","3471","3,471 lb (1,574 kg)","Engine","Yanmar 3TNV88C","Cylinders / Displacement","3 / 100.1 cu. In.","Gross Engine Power","34.2 hp (26.1 kW)","Net Engine Power"," ","PTO Power","27.0 hp (20.1 kW)","3-Point Hitch","Category 1","3-Point Lift Capacity","1,764 lb (548 kG)","Fuel Tank Capacity","7.4 gal. (28 L)","Overall Width","58.3 in (w/R-4 Tires)","Transmission","Hydrostatic","","","","https://www.westendpower.com/new-models/2026-yanmar-usa-yt2-series-yt235-29396854b","","T"," "," "," ","Hydrostatic","Ag","Yanmar","Diesel","34.2","27"," "," "," "," "," "," "," "," "," "," "," "," "," ",""
"YT235VXHI-TD","Yanmar YT235VXHI-TD Compact Tractor","T","0","T","0","YANMAR","Compact Tractors","CUT","T","T","T","YT","FIXED","","700","T","YT235","37699","Diesel","Tool","","0","0","T","2026-10-31","2026-10-01","2400","","","","YT","174",""," ","YT","T","","","","","","","","","","","","","","images/Products/YT235.jpg","24 Months or 2000 Hours / Powertrain 120 Months or 3000 Hours","24 Months or 2000 Hours","34.2"," ","27","2842","1289","2842","2,842 lb (1,289 kg)","Engine","Yanmar 3TNV88C","Cylinders / Displacement","3 / 100.1 cu. In.","Gross Engine Power","34.2 hp (26.1 kW)","Net Engine Power"," ","PTO Power","27.0 hp (20.1 kW)","3-Point Hitch","Category 1","3-Point Lift Capacity","1,764 lb (548 kG)","Fuel Tank Capacity","7.4 gal. (28 L)","Overall Width","58.3 in (w/R-4 Tires)","Transmission","Hydrostatic","","","","https://www.westendpower.com/new-models/2026-yanmar-usa-yt2-series-yt235-29396854b",""," "," ","T"," ","Hydrostatic","Industrial","Yanmar","Diesel","34.2","27"," "," "," "," "," "," "," "," "," "," "," "," "," ",""
"YT235VXHT-TD","Yanmar YT235VXHT-TD Compact Tractor","T","0","T","0","YANMAR","Compact Tractors","CUT","T","T","T","YT","FIXED","","700","T","YT235","37699","Diesel","Tool"," ","1","1","T","2026-10-31","2026-10-01","2400","","","","YT","175",""," ","YT","T","","","","","","","","","","","","","","images/Products/YT235.jpg","24 Months or 2000 Hours / Powertrain 120 Months or 3000 Hours","24 Months or 2000 Hours","34.2"," ","27","2842","1289","2842","2,842 lb (1,289 kg)","Engine","Yanmar 3TNV88C","Cylinders / Displacement","3 / 100.1 cu. In.","Gross Engine Power","34.2 hp (26.1 kW)","Net Engine Power"," ","PTO Power","27.0 hp (20.1 kW)","3-Point Hitch","Category 1","3-Point Lift Capacity","1,764 lb (548 kG)","Fuel Tank Capacity","7.4 gal. (28 L)","Overall Width","58.3 in (w/R-4 Tires)","Transmission","Hydrostatic","","","","https://www.westendpower.com/new-models/2026-yanmar-usa-yt2-series-yt235-29396854b",""," "," ","T"," ","Hydrostatic","Turf","Yanmar","Diesel","34.2","27"," "," "," "," "," "," "," "," "," "," "," "," "," ",""
"YT235VXHI-TLD","Yanmar YT235VXHI-TLD Compact Tractor","T","0","T","0","YANMAR","Compact Tractors","CUT","T","T","T","YT","FIXED","","700","T","YT235","44399","Diesel","Tool","","0","0","T","2026-10-31","2026-10-01","2700","","","","YT","176",""," ","YT","T","","","","","","","","","","","","","","images/Products/YT235.jpg","24 Months or 2000 Hours / Powertrain 120 Months or 3000 Hours","24 Months or 2000 Hours","34.2"," ","27","3755","1703","3755","3,755 lb (1,703 kg)","Engine","Yanmar 3TNV88C","Cylinders / Displacement","3 / 100.1 cu. In.","Gross Engine Power","34.2 hp (26.1 kW)","Net Engine Power"," ","PTO Power","27.0 hp (20.1 kW)","3-Point Hitch","Category 1","3-Point Lift Capacity","1,764 lb (548 kG)","Fuel Tank Capacity","7.4 gal. (28 L)","Overall Width","58.3 in (w/R-4 Tires)","Transmission","Hydrostatic","","","","https://www.westendpower.com/new-models/2026-yanmar-usa-yt2-series-yt235-29396854b","","T"," ","T"," ","Hydrostatic","Ag","Yanmar","Diesel","34.2","27"," "," "," "," "," "," "," "," "," "," "," "," "," ",""
"YT235VXHT-TLD","Yanmar YT235VXHT-TLD Compact Tractor","T","0","T","0","YANMAR","Compact Tractors","CUT","T","T","T","YT","FIXED","","700","T","YT235","44399","Diesel","Tool","","0","0","T","2026-10-31","2026-10-01","2700","","","","YT","177",""," ","YT","T","","","","","","","","","","","","","","images/Products/YT235.jpg","24 Months or 2000 Hours / Powertrain 120 Months or 3000 Hours","24 Months or 2000 Hours","34.2"," ","27","3755","1703","3755","3,755 lb (1,703 kg)","Engine","Yanmar 3TNV88C","Cylinders / Displacement","3 / 100.1 cu. In.","Gross Engine Power","34.2 hp (26.1 kW)","Net Engine Power"," ","PTO Power","27.0 hp (20.1 kW)","3-Point Hitch","Category 1","3-Point Lift Capacity","1,764 lb (548 kG)","Fuel Tank Capacity","7.4 gal. (28 L)","Overall Width","58.3 in (w/R-4 Tires)","Transmission","Hydrostatic","","","","https://www.westendpower.com/new-models/2026-yanmar-usa-yt2-series-yt235-29396854b","","T"," ","T"," ","Hydrostatic","Turf","Yanmar","Diesel","34.2","27"," "," "," "," "," "," "," "," "," "," "," "," "," ",""
"YT235VXHI-TLB","Yanmar YT235VXHI-TLB Compact Tractor","T","0","T","0","YANMAR","Compact Tractors","CUT","T","T","T","YT","FIXED","","700","T","YT235","55999","Diesel","Tool","","0","0","T","2026-10-31","2026-10-01","2700","","","","YT","178",""," ","YT","T","","","","","","","","","","","","","","images/Products/YT235.jpg","24 Months or 2000 Hours / Powertrain 120 Months or 3000 Hours","24 Months or 2000 Hours","34.2"," ","27","4679","2122","4679","4,679 lb (2,122 kg)","Engine","Yanmar 3TNV88C","Cylinders / Displacement","3 / 100.1 cu. In.","Gross Engine Power","34.2 hp (26.1 kW)","Net Engine Power"," ","PTO Power","27.0 hp (20.1 kW)","3-Point Hitch","Category 1","3-Point Lift Capacity","1,764 lb (548 kG)","Fuel Tank Capacity","7.4 gal. (28 L)","Overall Width","58.3 in (w/R-4 Tires)","Transmission","Hydrostatic","","","","https://www.westendpower.com/new-models/2026-yanmar-usa-yt2-series-yt235-29396854b","","T","T"," "," ","Hydrostatic","Industrial","Yanmar","Diesel","34.2","27"," "," "," "," "," "," "," "," "," "," "," "," "," ",""
"YT235VXHIC","Yanmar YT235VXHIC Compact Tractor","T","0","T","0","YANMAR","Compact Tractors","CUT","T","T","T","YT","FIXED","","700","T","YT235C","41199","Diesel","Tool","","0","0","T","2026-10-31","2026-10-01","500","","","","YT","181","","","YT","T","","","","","","","","","","","","","","images/Products/YT235C.jpg","24 Months or 2000 Hours / Powertrain 120 Months or 3000 Hours","24 Months or 2000 Hours","34.2"," ","27","2910","1320","2910","2,910 lb (1,320 kg)","Engine","Yanmar 3TNV88C","Cylinders / Displacement","3 / 100.1 cu. In.","Gross Engine Power","34.2 hp (26.1 kW)","Net Engine Power"," ","PTO Power","27.0 hp (20.1 kW)","3-Point Hitch","Category 1","3-Point Lift Capacity","1,764 lb (548 kG)","Fuel Tank Capacity","7.4 gal. (28 L)","Overall Width","58.3 in (w/R-4 Tires)","Transmission","Hydrostatic","","","","https://www.westendpower.com/new-models/2026-yanmar-usa-planting-tool-kit-4-in-1-29396346b",""," "," "," ","T","Hydrostatic","Industrial","Yanmar","Diesel","34.2","27"," "," "," "," "," "," "," "," "," "," "," "," "," ",""
"YT235VXHTC","Yanmar YT235VXHTC Compact Tractor","T","0","T","0","YANMAR","Compact Tractors","CUT","T","T","T","YT","FIXED","","700","T","YT235C","41199","Diesel","Tool","","0","0","T","2026-10-31","2026-10-01","500","","","","YT","182","","","YT","T","","","","","","","","","","","","","","images/Products/YT235C.jpg","24 Months or 2000 Hours / Powertrain 120 Months or 3000 Hours","24 Months or 2000 Hours","34.2"," ","27","2910","1320","2910","2,910 lb (1,320 kg)","Engine","Yanmar 3TNV88C","Cylinders / Displacement","3 / 100.1 cu. In.","Gross Engine Power","34.2 hp (26.1 kW)","Net Engine Power"," ","PTO Power","27.0 hp (20.1 kW)","3-Point Hitch","Category 1","3-Point Lift Capacity","1,764 lb (548 kG)","Fuel Tank Capacity","7.4 gal. (28 L)","Overall Width","58.3 in (w/R-4 Tires)","Transmission","Hydrostatic","","","","https://www.westendpower.com/new-models/2026-yanmar-usa-planting-tool-kit-4-in-1-29396346b",""," "," "," ","T","Hydrostatic","Turf","Yanmar","Diesel","34.2","27"," "," "," "," "," "," "," "," "," "," "," "," "," ",""
"YT235VXHAC","Yanmar YT235VXHAC Compact Tractor","T","0","T","0","YANMAR","Compact Tractors","CUT","T","T","T","YT","FIXED","","700","T","YT235C","41199","Diesel","Tool","","0","0","T","2026-10-31","2026-10-01","500","","","","YT","183","","","YT","T","","","","","","","","","","","","","","images/Products/YT235C.jpg","24 Months or 2000 Hours / Powertrain 120 Months or 3000 Hours","24 Months or 2000 Hours","34.2"," ","27","2910","1320","2910","2,910 lb (1,320 kg)","Engine","Yanmar 3TNV88C","Cylinders / Displacement","3 / 100.1 cu. In.","Gross Engine Power","34.2 hp (26.1 kW)","Net Engine Power"," ","PTO Power","27.0 hp (20.1 kW)","3-Point Hitch","Category 1","3-Point Lift Capacity","1,764 lb (548 kG)","Fuel Tank Capacity","7.4 gal. (28 L)","Overall Width","58.3 in (w/R-4 Tires)","Transmission","Hydrostatic","","","","https://www.westendpower.com/new-models/2026-yanmar-usa-planting-tool-kit-4-in-1-29396346b",""," "," "," ","T","Hydrostatic","Ag","Yanmar","Diesel","34.2","27"," "," "," "," "," "," "," "," "," "," "," "," "," ",""
"YT235VXHIC-TL","Yanmar YT235VXHIC-TL Compact Tractor","T","0","T","0","YANMAR","Compact Tractors","CUT","T","T","T","YT","FIXED","","700","T","YT235C","47899","Diesel","Tool","","0","0","T","2026-10-31","2026-10-01","2900","","","","YT","184","","","YT","T","","","","","","","","","","","","","","images/Products/YT235C.jpg","24 Months or 2000 Hours / Powertrain 120 Months or 3000 Hours","24 Months or 2000 Hours","34.2"," ","27","3823","1734","3823","3,823 lb (1,734 kg)","Engine","Yanmar 3TNV88C","Cylinders / Displacement","3 / 100.1 cu. In.","Gross Engine Power","34.2 hp (26.1 kW)","Net Engine Power"," ","PTO Power","27.0 hp (20.1 kW)","3-Point Hitch","Category 1","3-Point Lift Capacity","1,764 lb (548 kG)","Fuel Tank Capacity","7.4 gal. (28 L)","Overall Width","58.3 in (w/R-4 Tires)","Transmission","Hydrostatic","","","","https://www.westendpower.com/new-models/2026-yanmar-usa-planting-tool-kit-4-in-1-29396346b","","T"," "," ","T","Hydrostatic","Industrial","Yanmar","Diesel","34.2","27"," "," "," "," "," "," "," "," "," "," "," "," "," ",""
"YT235VXHTC-TL","Yanmar YT235VXHTC-TL Compact Tractor","T","0","T","0","YANMAR","Compact Tractors","CUT","T","T","T","YT","FIXED","","700","T","YT235C","47899","Diesel","Tool","","0","0","T","2026-10-31","2026-10-01","2900","","","","YT","185","","","YT","T","","","","","","","","","","","","","","images/Products/YT235C.jpg","24 Months or 2000 Hours / Powertrain 120 Months or 3000 Hours","24 Months or 2000 Hours","34.2"," ","27","3823","1734","3823","3,823 lb (1,734 kg)","Engine","Yanmar 3TNV88C","Cylinders / Displacement","3 / 100.1 cu. In.","Gross Engine Power","34.2 hp (26.1 kW)","Net Engine Power"," ","PTO Power","27.0 hp (20.1 kW)","3-Point Hitch","Category 1","3-Point Lift Capacity","1,764 lb (548 kG)","Fuel Tank Capacity","7.4 gal. (28 L)","Overall Width","58.3 in (w/R-4 Tires)","Transmission","Hydrostatic","","","","https://www.westendpower.com/new-models/2026-yanmar-usa-planting-tool-kit-4-in-1-29396346b","","T"," "," ","T","Hydrostatic","Turf","Yanmar","Diesel","34.2","27"," "," "," "," "," "," "," "," "," "," "," "," "," ",""
"YT235VXHAC-TL","Yanmar YT235VXHAC-TL Compact Tractor","T","0","T","0","YANMAR","Compact Tractors","CUT","T","T","T","YT","FIXED","","700","T","YT235C","47899","Diesel","Tool","","0","0","T","2026-10-31","2026-10-01","2900","","","","YT","186","","","YT","T","","","","","","","","","","","","","","images/Products/YT235C.jpg","24 Months or 2000 Hours / Powertrain 120 Months or 3000 Hours","24 Months or 2000 Hours","34.2"," ","27","3823","1734","3823","3,823 lb (1,734 kg)","Engine","Yanmar 3TNV88C","Cylinders / Displacement","3 / 100.1 cu. In.","Gross Engine Power","34.2 hp (26.1 kW)","Net Engine Power"," ","PTO Power","27.0 hp (20.1 kW)","3-Point Hitch","Category 1","3-Point Lift Capacity","1,764 lb (548 kG)","Fuel Tank Capacity","7.4 gal. (28 L)","Overall Width","58.3 in (w/R-4 Tires)","Transmission","Hydrostatic","","","","https://www.westendpower.com/new-models/2026-yanmar-usa-planting-tool-kit-4-in-1-29396346b","","T"," "," ","T","Hydrostatic","Ag","Yanmar","Diesel","34.2","27"," "," "," "," "," "," "," "," "," "," "," "," "," ",""
"YT235VXHIC-TD","Yanmar YT235VXHIC-TD Compact Tractor","T","0","T","0","YANMAR","Compact Tractors","CUT","T","T","T","YT","FIXED","","700","T","YT235C","45999","Diesel","Tool","","0","0","T","2026-10-31","2026-10-01","2900","","","","YT","187","","","YT","T","","","","","","","","","","","","","","images/Products/YT235C.jpg","24 Months or 2000 Hours / Powertrain 120 Months or 3000 Hours","24 Months or 2000 Hours","34.2"," ","27","3194","1449","3194","3,194 lb (1,449 kg)","Engine","Yanmar 3TNV88C","Cylinders / Displacement","3 / 100.1 cu. In.","Gross Engine Power","34.2 hp (26.1 kW)","Net Engine Power"," ","PTO Power","27.0 hp (20.1 kW)","3-Point Hitch","Category 1","3-Point Lift Capacity","1,764 lb (548 kG)","Fuel Tank Capacity","7.4 gal. (28 L)","Overall Width","58.3 in (w/R-4 Tires)","Transmission","Hydrostatic","","","","https://www.westendpower.com/new-models/2026-yanmar-usa-planting-tool-kit-4-in-1-29396346b",""," "," ","T","T","Hydrostatic","Industrial","Yanmar","Diesel","34.2","27"," "," "," "," "," "," "," "," "," "," "," "," "," ",""
"YT235VXHTC-TD","Yanmar YT235VXHTC-TD Compact Tractor","T","0","T","0","YANMAR","Compact Tractors","CUT","T","T","T","YT","FIXED","","700","T","YT235C","45999","Diesel","Tool","","0","0","T","2026-10-31","2026-10-01","2900","","","","YT","188","","","YT","T","","","","","","","","","","","","","","images/Products/YT235C.jpg","24 Months or 2000 Hours / Powertrain 120 Months or 3000 Hours","24 Months or 2000 Hours","34.2"," ","27","3194","1449","3194","3,194 lb (1,449 kg)","Engine","Yanmar 3TNV88C","Cylinders / Displacement","3 / 100.1 cu. In.","Gross Engine Power","34.2 hp (26.1 kW)","Net Engine Power"," ","PTO Power","27.0 hp (20.1 kW)","3-Point Hitch","Category 1","3-Point Lift Capacity","1,764 lb (548 kG)","Fuel Tank Capacity","7.4 gal. (28 L)","Overall Width","58.3 in (w/R-4 Tires)","Transmission","Hydrostatic","","","","https://www.westendpower.com/new-models/2026-yanmar-usa-planting-tool-kit-4-in-1-29396346b",""," "," ","T","T","Hydrostatic","Turf","Yanmar","Diesel","34.2","27"," "," "," "," "," "," "," "," "," "," "," "," "," ",""
"YT235VXHIC-TLD","Yanmar YT235VXHIC-TLD Compact Tractor","T","0","T","0","YANMAR","Compact Tractors","CUT","T","T","T","YT","FIXED","","700","T","YT235C","52699","Diesel","Tool","","0","0","T","2026-10-31","2026-10-01","3200","","","","YT","189","","","YT","T","","","","","","","","","","","","","","images/Products/YT235C.jpg","24 Months or 2000 Hours / Powertrain 120 Months or 3000 Hours","24 Months or 2000 Hours","34.2"," ","27","4087","1854","4087","4,087 lb (1,854 kg)","Engine","Yanmar 3TNV88C","Cylinders / Displacement","3 / 100.1 cu. In.","Gross Engine Power","34.2 hp (26.1 kW)","Net Engine Power"," ","PTO Power","27.0 hp (20.1 kW)","3-Point Hitch","Category 1","3-Point Lift Capacity","1,764 lb (548 kG)","Fuel Tank Capacity","7.4 gal. (28 L)","Overall Width","58.3 in (w/R-4 Tires)","Transmission","Hydrostatic","","","","https://www.westendpower.com/new-models/2026-yanmar-usa-planting-tool-kit-4-in-1-29396346b","","T"," ","T","T","Hydrostatic","Industrial","Yanmar","Diesel","34.2","27"," "," "," "," "," "," "," "," "," "," "," "," "," ",""
"YT235VXHTC-TLD","Yanmar YT235VXHTC-TLD Compact Tractor","T","0","T","0","YANMAR","Compact Tractors","CUT","T","T","T","YT","FIXED","","700","T","YT235C","52699","Diesel","Tool","","0","0","T","2026-10-31","2026-10-01","3200","","","","YT","190","","","YT","T","","","","","","","","","","","","","","images/Products/YT235C.jpg","24 Months or 2000 Hours / Powertrain 120 Months or 3000 Hours","24 Months or 2000 Hours","34.2"," ","27","4087","1854","4087","4,087 lb (1,854 kg)","Engine","Yanmar 3TNV88C","Cylinders / Displacement","3 / 100.1 cu. In.","Gross Engine Power","34.2 hp (26.1 kW)","Net Engine Power"," ","PTO Power","27.0 hp (20.1 kW)","3-Point Hitch","Category 1","3-Point Lift Capacity","1,764 lb (548 kG)","Fuel Tank Capacity","7.4 gal. (28 L)","Overall Width","58.3 in (w/R-4 Tires)","Transmission","Hydrostatic","","","","https://www.westendpower.com/new-models/2026-yanmar-usa-planting-tool-kit-4-in-1-29396346b","","T"," ","T","T","Hydrostatic","Turf","Yanmar","Diesel","34.2","27"," "," "," "," "," "," "," "," "," "," "," "," "," ",""
"YT235VXHIC-TLB","Yanmar YT235VXHIC-TLB Compact Tractor","T","0","T","0","YANMAR","Compact Tractors","CUT","T","T","T","YT","FIXED","","700","T","YT235C","64299","Diesel","Tool","","0","0","T","2026-10-31","2026-10-01","3200","","","","YT","191","","","YT","T","","","","","","","","","","","","","","images/Products/YT235C.jpg","24 Months or 2000 Hours / Powertrain 120 Months or 3000 Hours","24 Months or 2000 Hours","34.2"," ","27","5031","2282","5031","5,031 lb (2,282 kg)","Engine","Yanmar 3TNV88C","Cylinders / Displacement","3 / 100.1 cu. In.","Gross Engine Power","34.2 hp (26.1 kW)","Net Engine Power"," ","PTO Power","27.0 hp (20.1 kW)","3-Point Hitch","Category 1","3-Point Lift Capacity","1,764 lb (548 kG)","Fuel Tank Capacity","7.4 gal. (28 L)","Overall Width","58.3 in (w/R-4 Tires)","Transmission","Hydrostatic","","","","https://www.westendpower.com/new-models/2026-yanmar-usa-planting-tool-kit-4-in-1-29396346b","","T","T"," ","T","Hydrostatic","Industrial","Yanmar","Diesel","34.2","27"," "," "," "," "," "," "," "," "," "," "," "," "," ",""
"YT347VXHI","Yanmar YT347VXHI Compact Tractor","T","0","T","0","YANMAR","Compact Tractors","CUT","T","T","T","YT","FIXED","","700","T","YT347","45399","Diesel","Tool","","0","0","T","2026-10-31","2026-10-01","500","","","","YT","194","","","YT","T","","","","","","","","","","","","","","images/Products/YT347.jpg","24 Months or 2000 Hours / Powertrain 120 Months or 3000 Hours","24 Months or 2000 Hours","46"," ","39.5","3880","1760","3880","3,880 lb (1,760 kg)","Engine","Yanmar 4TNV88C","Cylinders / Displacement","4 / 133.5 cu. In.","Gross Engine Power","46.0 hp (34.3 kW)","Net Engine Power","","PTO Power","39.5 hp (29.1 kW)","3-Point Hitch","Category 1","3-Point Lift Capacity","2,756 lb (1,250 kG)","Fuel Tank Capacity","12.7 gal. (48 L)","Overall Width","70.6 in (w/R-4 Tires)","Transmission","Integrated Hydro Mechanical","","","","https://www.westendpower.com/new-models/2026-yanmar-usa-yt3-series-yt347-29396856b",""," "," "," "," ","i-HMT","Industrial","Yanmar","Diesel","46","39.5"," "," "," "," "," "," "," "," "," "," "," "," "," ",""
"YT347VXHT","Yanmar YT347VXHT Compact Tractor","T","0","T","0","YANMAR","Compact Tractors","CUT","T","T","T","YT","FIXED","","700","T","YT347","45399","Diesel","Tool","","0","0","T","2026-10-31","2026-10-01","500","","","","YT","195","","","YT","T","","","","","","","","","","","","","","images/Products/YT347.jpg","24 Months or 2000 Hours / Powertrain 120 Months or 3000 Hours","24 Months or 2000 Hours","46"," ","39.5","3880","1760","3880","3,880 lb (1,760 kg)","Engine","Yanmar 4TNV88C","Cylinders / Displacement","4 / 133.5 cu. In.","Gross Engine Power","46.0 hp (34.3 kW)","Net Engine Power","","PTO Power","39.5 hp (29.1 kW)","3-Point Hitch","Category 1","3-Point Lift Capacity","2,756 lb (1,250 kG)","Fuel Tank Capacity","12.7 gal. (48 L)","Overall Width","70.6 in (w/R-4 Tires)","Transmission","Integrated Hydro Mechanical","","","","https://www.westendpower.com/new-models/2026-yanmar-usa-yt3-series-yt347-29396856b",""," "," "," "," ","i-HMT","Turf","Yanmar","Diesel","46","39.5"," "," "," "," "," "," "," "," "," "," "," "," "," ",""
"YT347VXHA","Yanmar YT347VXHA Compact Tractor","T","0","T","0","YANMAR","Compact Tractors","CUT","T","T","T","YT","FIXED","","700","T","YT347","45399","Diesel","Tool","","0","0","T","2026-10-31","2026-10-01","500","","","","YT","196","","","YT","T","","","","","","","","","","","","","","images/Products/YT347.jpg","24 Months or 2000 Hours / Powertrain 120 Months or 3000 Hours","24 Months or 2000 Hours","46"," ","39.5","3880","1760","3880","3,880 lb (1,760 kg)","Engine","Yanmar 4TNV88C","Cylinders / Displacement","4 / 133.5 cu. In.","Gross Engine Power","46.0 hp (34.3 kW)","Net Engine Power","","PTO Power","39.5 hp (29.1 kW)","3-Point Hitch","Category 1","3-Point Lift Capacity","2,756 lb (1,250 kG)","Fuel Tank Capacity","12.7 gal. (48 L)","Overall Width","70.6 in (w/R-4 Tires)","Transmission","Integrated Hydro Mechanical","","","","https://www.westendpower.com/new-models/2026-yanmar-usa-yt3-series-yt347-29396856b",""," "," "," "," ","i-HMT","Ag","Yanmar","Diesel","46","39.5"," "," "," "," "," "," "," "," "," "," "," "," "," ",""
"YT347VXHI-TL","Yanmar YT347VXHI-TL Compact Tractor","T","0","T","0","YANMAR","Compact Tractors","CUT","T","T","T","YT","FIXED","","700","T","YT347","53999","Diesel","Tool","","0","0","T","2026-10-31","2026-10-01","2900","","","","YT","197","","","YT","T","","","","","","","","","","","","","","images/Products/YT347.jpg","24 Months or 2000 Hours / Powertrain 120 Months or 3000 Hours","24 Months or 2000 Hours","46"," ","39.5","4976","2257","4976","4,976 lb (2,257 kg)","Engine","Yanmar 4TNV88C","Cylinders / Displacement","4 / 133.5 cu. In.","Gross Engine Power","46.0 hp (34.3 kW)","Net Engine Power","","PTO Power","39.5 hp (29.1 kW)","3-Point Hitch","Category 1","3-Point Lift Capacity","2,756 lb (1,250 kG)","Fuel Tank Capacity","12.7 gal. (48 L)","Overall Width","70.6 in (w/R-4 Tires)","Transmission","Integrated Hydro Mechanical","","","","https://www.westendpower.com/new-models/2026-yanmar-usa-yt3-series-yt347-29396856b","","T"," "," "," ","i-HMT","Industrial","Yanmar","Diesel","46","39.5"," "," "," "," "," "," "," "," "," "," "," "," "," ",""
"YT347VXHT-TL","Yanmar YT347VXHT-TL Compact Tractor","T","0","T","0","YANMAR","Compact Tractors","CUT","T","T","T","YT","FIXED","","700","T","YT347","53999","Diesel","Tool","","0","0","T","2026-10-31","2026-10-01","2900","","","","YT","198","","","YT","T","","","","","","","","","","","","","","images/Products/YT347.jpg","24 Months or 2000 Hours / Powertrain 120 Months or 3000 Hours","24 Months or 2000 Hours","46"," ","39.5","4976","2257","4976","4,976 lb (2,257 kg)","Engine","Yanmar 4TNV88C","Cylinders / Displacement","4 / 133.5 cu. In.","Gross Engine Power","46.0 hp (34.3 kW)","Net Engine Power","","PTO Power","39.5 hp (29.1 kW)","3-Point Hitch","Category 1","3-Point Lift Capacity","2,756 lb (1,250 kG)","Fuel Tank Capacity","12.7 gal. (48 L)","Overall Width","70.6 in (w/R-4 Tires)","Transmission","Integrated Hydro Mechanical","","","","https://www.westendpower.com/new-models/2026-yanmar-usa-yt3-series-yt347-29396856b","","T"," "," "," ","i-HMT","Turf","Yanmar","Diesel","46","39.5"," "," "," "," "," "," "," "," "," "," "," "," "," ",""
"YT347VXHA-TL","Yanmar YT347VXHA-TL Compact Tractor","T","0","T","0","YANMAR","Compact Tractors","CUT","T","T","T","YT","FIXED","","700","T","YT347","53999","Diesel","Tool","","0","0","T","2026-10-31","2026-10-01","2900","","","","YT","199","","","YT","T","","","","","","","","","","","","","","images/Products/YT347.jpg","24 Months or 2000 Hours / Powertrain 120 Months or 3000 Hours","24 Months or 2000 Hours","46"," ","39.5","4976","2257","4976","4,976 lb (2,257 kg)","Engine","Yanmar 4TNV88C","Cylinders / Displacement","4 / 133.5 cu. In.","Gross Engine Power","46.0 hp (34.3 kW)","Net Engine Power","","PTO Power","39.5 hp (29.1 kW)","3-Point Hitch","Category 1","3-Point Lift Capacity","2,756 lb (1,250 kG)","Fuel Tank Capacity","12.7 gal. (48 L)","Overall Width","70.6 in (w/R-4 Tires)","Transmission","Integrated Hydro Mechanical","","","","https://www.westendpower.com/new-models/2026-yanmar-usa-yt3-series-yt347-29396856b","","T"," "," "," ","i-HMT","Ag","Yanmar","Diesel","46","39.5"," "," "," "," "," "," "," "," "," "," "," "," "," ",""
"YT347VXHI-TLB","Yanmar YT347VXHI-TLB Compact Tractor","T","0","T","0","YANMAR","Compact Tractors","CUT","T","T","T","YT","FIXED","","700","T","YT347","74199","Diesel","Tool","","0","0","T","2026-10-31","2026-10-01","3200","","","","YT","200","","","YT","T","","","","","","","","","","","","","","images/Products/YT347.jpg","24 Months or 2000 Hours / Powertrain 120 Months or 3000 Hours","24 Months or 2000 Hours","46"," ","39.5","6476","2937","6476","6,476 lb (2,937 kg)","Engine","Yanmar 4TNV88C","Cylinders / Displacement","4 / 133.5 cu. In.","Gross Engine Power","46.0 hp (34.3 kW)","Net Engine Power","","PTO Power","39.5 hp (29.1 kW)","3-Point Hitch","Category 1","3-Point Lift Capacity","2,756 lb (1,250 kG)","Fuel Tank Capacity","12.7 gal. (48 L)","Overall Width","70.6 in (w/R-4 Tires)","Transmission","Integrated Hydro Mechanical","","","","https://www.westendpower.com/new-models/2026-yanmar-usa-yt3-series-yt347-29396856b","","T","T"," "," ","i-HMT","Industrial","Yanmar","Diesel","46","39.5"," "," "," "," "," "," "," "," "," "," "," "," "," ",""
"YT347VXHT-TLB","Yanmar YT347VXHT-TLB Compact Tractor","T","0","T","0","YANMAR","Compact Tractors","CUT","T","T","T","YT","FIXED","","700","T","YT347","74199","Diesel","Tool","","0","0","T","2026-10-31","2026-10-01","3200","","","","YT","201","","","YT","T","","","","","","","","","","","","","","images/Products/YT347.jpg","24 Months or 2000 Hours / Powertrain 120 Months or 3000 Hours","24 Months or 2000 Hours","46"," ","39.5","6476","2937","6476","6,476 lb (2,937 kg)","Engine","Yanmar 4TNV88C","Cylinders / Displacement","4 / 133.5 cu. In.","Gross Engine Power","46.0 hp (34.3 kW)","Net Engine Power","","PTO Power","39.5 hp (29.1 kW)","3-Point Hitch","Category 1","3-Point Lift Capacity","2,756 lb (1,250 kG)","Fuel Tank Capacity","12.7 gal. (48 L)","Overall Width","70.6 in (w/R-4 Tires)","Transmission","Integrated Hydro Mechanical","","","","https://www.westendpower.com/new-models/2026-yanmar-usa-yt3-series-yt347-29396856b","","T","T"," "," ","i-HMT","Turf","Yanmar","Diesel","46","39.5"," "," "," "," "," "," "," "," "," "," "," "," "," ",""
"YT347VXHA-TLB","Yanmar YT347VXHA-TLB Compact Tractor","T","0","T","0","YANMAR","Compact Tractors","CUT","T","T","T","YT","FIXED","","700","T","YT347","74199","Diesel","Tool","","0","0","T","2026-10-31","2026-10-01","3200","","","","YT","202","","","YT","T","","","","","","","","","","","","","","images/Products/YT347.jpg","24 Months or 2000 Hours / Powertrain 120 Months or 3000 Hours","24 Months or 2000 Hours","46"," ","39.5","6476","2937","6476","6,476 lb (2,937 kg)","Engine","Yanmar 4TNV88C","Cylinders / Displacement","4 / 133.5 cu. In.","Gross Engine Power","46.0 hp (34.3 kW)","Net Engine Power","","PTO Power","39.5 hp (29.1 kW)","3-Point Hitch","Category 1","3-Point Lift Capacity","2,756 lb (1,250 kG)","Fuel Tank Capacity","12.7 gal. (48 L)","Overall Width","70.6 in (w/R-4 Tires)","Transmission","Integrated Hydro Mechanical","","","","https://www.westendpower.com/new-models/2026-yanmar-usa-yt3-series-yt347-29396856b","","T","T"," "," ","i-HMT","Ag","Yanmar","Diesel","46","39.5"," "," "," "," "," "," "," "," "," "," "," "," "," ",""
"YT347VXHIC","Yanmar YT347VXHIC Compact Tractor","T","0","T","0","YANMAR","Compact Tractors","CUT","T","T","T","YT","FIXED","","700","T","YT347C","55999","Diesel","Tool","","0","0","T","2026-10-31","2026-10-01","500","","","","YT","205","","","YT","T","","","","","","","","","","","","","","images/Products/YT347C.jpg","24 Months or 2000 Hours / Powertrain 120 Months or 3000 Hours","24 Months or 2000 Hours","46"," ","39.5","4284","1943","4284","4,284 lb (1,943 kg)","Engine","Yanmar 4TNV88C","Cylinders / Displacement","4 / 133.5 cu. In.","Gross Engine Power","46.0 hp (34.3 kW)","Net Engine Power","","PTO Power","39.5 hp (29.1 kW)","3-Point Hitch","Category 1","3-Point Lift Capacity","2,756 lb (1,250 kG)","Fuel Tank Capacity","12.7 gal. (48 L)","Overall Width","70.6 in (w/R-4 Tires)","Transmission","Integrated Hydro Mechanical","","","","https://www.westendpower.com/new-models/2026-yanmar-usa-planting-tool-kit-4-in-1-29396346b",""," "," "," ","T","i-HMT","Industrial","Yanmar","Diesel","46","39.5"," "," "," "," "," "," "," "," "," "," "," "," "," ",""
"YT347VXHTC","Yanmar YT347VXHTC Compact Tractor","T","0","T","0","YANMAR","Compact Tractors","CUT","T","T","T","YT","FIXED","","700","T","YT347C","55999","Diesel","Tool","","0","0","T","2026-10-31","2026-10-01","500","","","","YT","206","","","YT","T","","","","","","","","","","","","","","images/Products/YT347C.jpg","24 Months or 2000 Hours / Powertrain 120 Months or 3000 Hours","24 Months or 2000 Hours","46"," ","39.5","4284","1943","4284","4,284 lb (1,943 kg)","Engine","Yanmar 4TNV88C","Cylinders / Displacement","4 / 133.5 cu. In.","Gross Engine Power","46.0 hp (34.3 kW)","Net Engine Power","","PTO Power","39.5 hp (29.1 kW)","3-Point Hitch","Category 1","3-Point Lift Capacity","2,756 lb (1,250 kG)","Fuel Tank Capacity","12.7 gal. (48 L)","Overall Width","70.6 in (w/R-4 Tires)","Transmission","Integrated Hydro Mechanical","","","","https://www.westendpower.com/new-models/2026-yanmar-usa-planting-tool-kit-4-in-1-29396346b",""," "," "," ","T","i-HMT","Turf","Yanmar","Diesel","46","39.5"," "," "," "," "," "," "," "," "," "," "," "," "," ",""
"YT347VXHAC","Yanmar YT347VXHAC Compact Tractor","T","0","T","0","YANMAR","Compact Tractors","CUT","T","T","T","YT","FIXED","","700","T","YT347C","55999","Diesel","Tool","","0","0","T","2026-10-31","2026-10-01","500","","","","YT","207","","","YT","T","","","","","","","","","","","","","","images/Products/YT347C.jpg","24 Months or 2000 Hours / Powertrain 120 Months or 3000 Hours","24 Months or 2000 Hours","46"," ","39.5","4284","1943","4284","4,284 lb (1,943 kg)","Engine","Yanmar 4TNV88C","Cylinders / Displacement","4 / 133.5 cu. In.","Gross Engine Power","46.0 hp (34.3 kW)","Net Engine Power","","PTO Power","39.5 hp (29.1 kW)","3-Point Hitch","Category 1","3-Point Lift Capacity","2,756 lb (1,250 kG)","Fuel Tank Capacity","12.7 gal. (48 L)","Overall Width","70.6 in (w/R-4 Tires)","Transmission","Integrated Hydro Mechanical","","","","https://www.westendpower.com/new-models/2026-yanmar-usa-planting-tool-kit-4-in-1-29396346b",""," "," "," ","T","i-HMT","Ag","Yanmar","Diesel","46","39.5"," "," "," "," "," "," "," "," "," "," "," "," "," ",""
"YT347VXHIC-TL","Yanmar YT347VXHIC-TL Compact Tractor","T","0","T","0","YANMAR","Compact Tractors","CUT","T","T","T","YT","FIXED","","700","T","YT347C","64599","Diesel","Tool","","0","0","T","2026-10-31","2026-10-01","3400","","","","YT","208","","","YT","T","","","","","","","","","","","","","","images/Products/YT347C.jpg","24 Months or 2000 Hours / Powertrain 120 Months or 3000 Hours","24 Months or 2000 Hours","46"," ","39.5","5380","2440","5380","5,380 lb (2,440 kg)","Engine","Yanmar 4TNV88C","Cylinders / Displacement","4 / 133.5 cu. In.","Gross Engine Power","46.0 hp (34.3 kW)","Net Engine Power","","PTO Power","39.5 hp (29.1 kW)","3-Point Hitch","Category 1","3-Point Lift Capacity","2,756 lb (1,250 kG)","Fuel Tank Capacity","12.7 gal. (48 L)","Overall Width","70.6 in (w/R-4 Tires)","Transmission","Integrated Hydro Mechanical","","","","https://www.westendpower.com/new-models/2026-yanmar-usa-planting-tool-kit-4-in-1-29396346b","","T"," "," ","T","i-HMT","Industrial","Yanmar","Diesel","46","39.5"," "," "," "," "," "," "," "," "," "," "," "," "," ",""
"YT347VXHTC-TL","Yanmar YT347VXHTC-TL Compact Tractor","T","0","T","0","YANMAR","Compact Tractors","CUT","T","T","T","YT","FIXED","","700","T","YT347C","64599","Diesel","Tool","","0","0","T","2026-10-31","2026-10-01","3400","","","","YT","209","","","YT","T","","","","","","","","","","","","","","images/Products/YT347C.jpg","24 Months or 2000 Hours / Powertrain 120 Months or 3000 Hours","24 Months or 2000 Hours","46"," ","39.5","5380","2440","5380","5,380 lb (2,440 kg)","Engine","Yanmar 4TNV88C","Cylinders / Displacement","4 / 133.5 cu. In.","Gross Engine Power","46.0 hp (34.3 kW)","Net Engine Power","","PTO Power","39.5 hp (29.1 kW)","3-Point Hitch","Category 1","3-Point Lift Capacity","2,756 lb (1,250 kG)","Fuel Tank Capacity","12.7 gal. (48 L)","Overall Width","70.6 in (w/R-4 Tires)","Transmission","Integrated Hydro Mechanical","","","","https://www.westendpower.com/new-models/2026-yanmar-usa-planting-tool-kit-4-in-1-29396346b","","T"," "," ","T","i-HMT","Turf","Yanmar","Diesel","46","39.5"," "," "," "," "," "," "," "," "," "," "," "," "," ",""
"YT347VXHAC-TL","Yanmar YT347VXHAC-TL Compact Tractor","T","0","T","0","YANMAR","Compact Tractors","CUT","T","T","T","YT","FIXED","","700","T","YT347C","64599","Diesel","Tool","","0","0","T","2026-10-31","2026-10-01","3400","","","","YT","210","","","YT","T","","","","","","","","","","","","","","images/Products/YT347C.jpg","24 Months or 2000 Hours / Powertrain 120 Months or 3000 Hours","24 Months or 2000 Hours","46"," ","39.5","5380","2440","5380","5,380 lb (2,440 kg)","Engine","Yanmar 4TNV88C","Cylinders / Displacement","4 / 133.5 cu. In.","Gross Engine Power","46.0 hp (34.3 kW)","Net Engine Power","","PTO Power","39.5 hp (29.1 kW)","3-Point Hitch","Category 1","3-Point Lift Capacity","2,756 lb (1,250 kG)","Fuel Tank Capacity","12.7 gal. (48 L)","Overall Width","70.6 in (w/R-4 Tires)","Transmission","Integrated Hydro Mechanical","","","","https://www.westendpower.com/new-models/2026-yanmar-usa-planting-tool-kit-4-in-1-29396346b","","T"," "," ","T","i-HMT","Ag","Yanmar","Diesel","46","39.5"," "," "," "," "," "," "," "," "," "," "," "," "," ",""
"YT347VXHIC-TLB","Yanmar YT347VXHIC-TLB Compact Tractor","T","0","T","0","YANMAR","Compact Tractors","CUT","T","T","T","YT","FIXED","","700","T","YT347C","84799","Diesel","Tool","","0","0","T","2026-10-31","2026-10-01","3700","","","","YT","211","","","YT","T","","","","","","","","","","","","","","images/Products/YT347C.jpg","24 Months or 2000 Hours / Powertrain 120 Months or 3000 Hours","24 Months or 2000 Hours","46"," ","39.5","6880","3121","6880","6,880 lb (3,121 kg)","Engine","Yanmar 4TNV88C","Cylinders / Displacement","4 / 133.5 cu. In.","Gross Engine Power","46.0 hp (34.3 kW)","Net Engine Power","","PTO Power","39.5 hp (29.1 kW)","3-Point Hitch","Category 1","3-Point Lift Capacity","2,756 lb (1,250 kG)","Fuel Tank Capacity","12.7 gal. (48 L)","Overall Width","70.6 in (w/R-4 Tires)","Transmission","Integrated Hydro Mechanical","","","","https://www.westendpower.com/new-models/2026-yanmar-usa-planting-tool-kit-4-in-1-29396346b","","T","T"," ","T","i-HMT","Industrial","Yanmar","Diesel","46","39.5"," "," "," "," "," "," "," "," "," "," "," "," "," ",""
"YT347VXHTC-TLB","Yanmar YT347VXHTC-TLB Compact Tractor","T","0","T","0","YANMAR","Compact Tractors","CUT","T","T","T","YT","FIXED","","700","T","YT347C","84799","Diesel","Tool","","0","0","T","2026-10-31","2026-10-01","3700","","","","YT","212","","","YT","T","","","","","","","","","","","","","","images/Products/YT347C.jpg","24 Months or 2000 Hours / Powertrain 120 Months or 3000 Hours","24 Months or 2000 Hours","46"," ","39.5","6880","3121","6880","6,880 lb (3,121 kg)","Engine","Yanmar 4TNV88C","Cylinders / Displacement","4 / 133.5 cu. In.","Gross Engine Power","46.0 hp (34.3 kW)","Net Engine Power","","PTO Power","39.5 hp (29.1 kW)","3-Point Hitch","Category 1","3-Point Lift Capacity","2,756 lb (1,250 kG)","Fuel Tank Capacity","12.7 gal. (48 L)","Overall Width","70.6 in (w/R-4 Tires)","Transmission","Integrated Hydro Mechanical","","","","https://www.westendpower.com/new-models/2026-yanmar-usa-planting-tool-kit-4-in-1-29396346b","","T","T"," ","T","i-HMT","Turf","Yanmar","Diesel","46","39.5"," "," "," "," "," "," "," "," "," "," "," "," "," ",""
"YT347VXHAC-TLB","Yanmar YT347VXHAC-TLB Compact Tractor","T","0","T","0","YANMAR","Compact Tractors","CUT","T","T","T","YT","FIXED","","700","T","YT347C","84799","Diesel","Tool","","0","0","T","2026-10-31","2026-10-01","3700","","","","YT","213","","","YT","T","","","","","","","","","","","","","","images/Products/YT347C.jpg","24 Months or 2000 Hours / Powertrain 120 Months or 3000 Hours","24 Months or 2000 Hours","46"," ","39.5","6880","3121","6880","6,880 lb (3,121 kg)","Engine","Yanmar 4TNV88C","Cylinders / Displacement","4 / 133.5 cu. In.","Gross Engine Power","46.0 hp (34.3 kW)","Net Engine Power","","PTO Power","39.5 hp (29.1 kW)","3-Point Hitch","Category 1","3-Point Lift Capacity","2,756 lb (1,250 kG)","Fuel Tank Capacity","12.7 gal. (48 L)","Overall Width","70.6 in (w/R-4 Tires)","Transmission","Integrated Hydro Mechanical","","","","https://www.westendpower.com/new-models/2026-yanmar-usa-planting-tool-kit-4-in-1-29396346b","","T","T"," ","T","i-HMT","Ag","Yanmar","Diesel","46","39.5"," "," "," "," "," "," "," "," "," "," "," "," "," ",""
"YT359AVXHI","Yanmar YT359AVXHI Compact Tractor","T","0","T","0","YANMAR","Compact Tractors","CUT","T","T","T","YT","FIXED","","700","T","YT359","49099","Diesel","Tool","","0","0","T","2026-10-31","2026-10-01","500","","","","YT","216","","","YT","T","","","","","","","","","","","","","","images/Products/YT359.jpg","24 Months or 2000 Hours / Powertrain 120 Months or 3000 Hours","24 Months or 2000 Hours","58.9"," ","52","4039","1832","4039","4,039 lb (1,832 kg)","Engine","Yanmar 4TNV98C","Cylinders / Displacement","4 / 202.5 cu. In.","Gross Engine Power","58.9 hp (43.9 kW)","Net Engine Power","","PTO Power","52.0 hp (38.3 kW)","3-Point Hitch","Category 1","3-Point Lift Capacity","2,756 lb (1,250 kG)","Fuel Tank Capacity","12.7 gal. (48 L)","Overall Width","70.6 in (w/R-4 Tires)","Transmission","Integrated Hydro Mechanical","","","","https://www.westendpower.com/new-models/2026-yanmar-usa-yt3-series-yt359-29396858b",""," "," "," "," ","i-HMT","Industrial","Yanmar","Diesel","58.9","52"," "," "," "," "," "," "," "," "," "," "," "," "," ",""
"YT359AVXHT","Yanmar YT359AVXHT Compact Tractor","T","0","T","0","YANMAR","Compact Tractors","CUT","T","T","T","YT","FIXED","","700","T","YT359","49099","Diesel","Tool","","0","0","T","2026-10-31","2026-10-01","500","","","","YT","217","","","YT","T","","","","","","","","","","","","","","images/Products/YT359.jpg","24 Months or 2000 Hours / Powertrain 120 Months or 3000 Hours","24 Months or 2000 Hours","58.9"," ","52","4039","1832","4039","4,039 lb (1,832 kg)","Engine","Yanmar 4TNV98C","Cylinders / Displacement","4 / 202.5 cu. In.","Gross Engine Power","58.9 hp (43.9 kW)","Net Engine Power","","PTO Power","52.0 hp (38.3 kW)","3-Point Hitch","Category 1","3-Point Lift Capacity","2,756 lb (1,250 kG)","Fuel Tank Capacity","12.7 gal. (48 L)","Overall Width","70.6 in (w/R-4 Tires)","Transmission","Integrated Hydro Mechanical","","","","https://www.westendpower.com/new-models/2026-yanmar-usa-yt3-series-yt359-29396858b",""," "," "," "," ","i-HMT","Turf","Yanmar","Diesel","58.9","52"," "," "," "," "," "," "," "," "," "," "," "," "," ",""
"YT359AVXHA","Yanmar YT359AVXHA Compact Tractor","T","0","T","0","YANMAR","Compact Tractors","CUT","T","T","T","YT","FIXED","","700","T","YT359","49099","Diesel","Tool","","0","0","T","2026-10-31","2026-10-01","500","","","","YT","218","","","YT","T","","","","","","","","","","","","","","images/Products/YT359.jpg","24 Months or 2000 Hours / Powertrain 120 Months or 3000 Hours","24 Months or 2000 Hours","58.9"," ","52","4039","1832","4039","4,039 lb (1,832 kg)","Engine","Yanmar 4TNV98C","Cylinders / Displacement","4 / 202.5 cu. In.","Gross Engine Power","58.9 hp (43.9 kW)","Net Engine Power","","PTO Power","52.0 hp (38.3 kW)","3-Point Hitch","Category 1","3-Point Lift Capacity","2,756 lb (1,250 kG)","Fuel Tank Capacity","12.7 gal. (48 L)","Overall Width","70.6 in (w/R-4 Tires)","Transmission","Integrated Hydro Mechanical","","","","https://www.westendpower.com/new-models/2026-yanmar-usa-yt3-series-yt359-29396858b",""," "," "," "," ","i-HMT","Ag","Yanmar","Diesel","58.9","52"," "," "," "," "," "," "," "," "," "," "," "," "," ",""
"YT359AVXHI-L","Yanmar YT359AVXHI-L Compact Tractor","T","0","T","0","YANMAR","Compact Tractors","CUT","T","T","T","YT","FIXED","","700","T","YT359","57199","Diesel","Tool","","0","0","T","2026-10-31","2026-10-01","2900","","","","YT","219","","","YT","T","","","","","","","","","","","","","","images/Products/YT359.jpg","24 Months or 2000 Hours / Powertrain 120 Months or 3000 Hours","24 Months or 2000 Hours","58.9"," ","52","5135","2329","5135","5,135 lb (2,329 kg)","Engine","Yanmar 4TNV98C","Cylinders / Displacement","4 / 202.5 cu. In.","Gross Engine Power","58.9 hp (43.9 kW)","Net Engine Power","","PTO Power","52.0 hp (38.3 kW)","3-Point Hitch","Category 1","3-Point Lift Capacity","2,756 lb (1,250 kG)","Fuel Tank Capacity","12.7 gal. (48 L)","Overall Width","70.6 in (w/R-4 Tires)","Transmission","Integrated Hydro Mechanical","","","","https://www.westendpower.com/new-models/2026-yanmar-usa-yt3-series-yt359-29396858b","","T"," "," "," ","i-HMT","Industrial","Yanmar","Diesel","58.9","52"," "," "," "," "," "," "," "," "," "," "," "," "," ",""
"YT359AVXHT-L","Yanmar YT359AVXHT-L Compact Tractor","T","0","T","0","YANMAR","Compact Tractors","CUT","T","T","T","YT","FIXED","","700","T","YT359","57199","Diesel","Tool","","0","0","T","2026-10-31","2026-10-01","2900","","","","YT","220","","","YT","T","","","","","","","","","","","","","","images/Products/YT359.jpg","24 Months or 2000 Hours / Powertrain 120 Months or 3000 Hours","24 Months or 2000 Hours","58.9"," ","52","5135","2329","5135","5,135 lb (2,329 kg)","Engine","Yanmar 4TNV98C","Cylinders / Displacement","4 / 202.5 cu. In.","Gross Engine Power","58.9 hp (43.9 kW)","Net Engine Power","","PTO Power","52.0 hp (38.3 kW)","3-Point Hitch","Category 1","3-Point Lift Capacity","2,756 lb (1,250 kG)","Fuel Tank Capacity","12.7 gal. (48 L)","Overall Width","70.6 in (w/R-4 Tires)","Transmission","Integrated Hydro Mechanical","","","","https://www.westendpower.com/new-models/2026-yanmar-usa-yt3-series-yt359-29396858b","","T"," "," "," ","i-HMT","Turf","Yanmar","Diesel","58.9","52"," "," "," "," "," "," "," "," "," "," "," "," "," ",""
"YT359AVXHA-L","Yanmar YT359AVXHA-L Compact Tractor","T","0","T","0","YANMAR","Compact Tractors","CUT","T","T","T","YT","FIXED","","700","T","YT359","57199","Diesel","Tool","","0","0","T","2026-10-31","2026-10-01","2900","","","","YT","221","","","YT","T","","","","","","","","","","","","","","images/Products/YT359.jpg","24 Months or 2000 Hours / Powertrain 120 Months or 3000 Hours","24 Months or 2000 Hours","58.9"," ","52","5135","2329","5135","5,135 lb (2,329 kg)","Engine","Yanmar 4TNV98C","Cylinders / Displacement","4 / 202.5 cu. In.","Gross Engine Power","58.9 hp (43.9 kW)","Net Engine Power","","PTO Power","52.0 hp (38.3 kW)","3-Point Hitch","Category 1","3-Point Lift Capacity","2,756 lb (1,250 kG)","Fuel Tank Capacity","12.7 gal. (48 L)","Overall Width","70.6 in (w/R-4 Tires)","Transmission","Integrated Hydro Mechanical","","","","https://www.westendpower.com/new-models/2026-yanmar-usa-yt3-series-yt359-29396858b","","T"," "," "," ","i-HMT","Ag","Yanmar","Diesel","58.9","52"," "," "," "," "," "," "," "," "," "," "," "," "," ",""
"YT359AVXHI-LB","Yanmar YT359AVXHI-LB Compact Tractor","T","0","T","0","YANMAR","Compact Tractors","CUT","T","T","T","YT","FIXED","","700","T","YT359","77599","Diesel","Tool","","0","0","T","2026-10-31","2026-10-01","3200","","","","YT","222","","","YT","T","","","","","","","","","","","","","","images/Products/YT359.jpg","24 Months or 2000 Hours / Powertrain 120 Months or 3000 Hours","24 Months or 2000 Hours","58.9"," ","52","6635","3010","6635","6,635 lb (3,010 kg)","Engine","Yanmar 4TNV98C","Cylinders / Displacement","4 / 202.5 cu. In.","Gross Engine Power","58.9 hp (43.9 kW)","Net Engine Power","","PTO Power","52.0 hp (38.3 kW)","3-Point Hitch","Category 1","3-Point Lift Capacity","2,756 lb (1,250 kG)","Fuel Tank Capacity","12.7 gal. (48 L)","Overall Width","70.6 in (w/R-4 Tires)","Transmission","Integrated Hydro Mechanical","","","","https://www.westendpower.com/new-models/2026-yanmar-usa-yt3-series-yt359-29396858b","","T","T"," "," ","i-HMT","Industrial","Yanmar","Diesel","58.9","52"," "," "," "," "," "," "," "," "," "," "," "," "," ",""
"YT359AVXHT-LB","Yanmar YT359AVXHT-LB Compact Tractor","T","0","T","0","YANMAR","Compact Tractors","CUT","T","T","T","YT","FIXED","","700","T","YT359","77599","Diesel","Tool","","0","0","T","2026-10-31","2026-10-01","3200","","","","YT","223","","","YT","T","","","","","","","","","","","","","","images/Products/YT359.jpg","24 Months or 2000 Hours / Powertrain 120 Months or 3000 Hours","24 Months or 2000 Hours","58.9"," ","52","6635","3010","6635","6,635 lb (3,010 kg)","Engine","Yanmar 4TNV98C","Cylinders / Displacement","4 / 202.5 cu. In.","Gross Engine Power","58.9 hp (43.9 kW)","Net Engine Power","","PTO Power","52.0 hp (38.3 kW)","3-Point Hitch","Category 1","3-Point Lift Capacity","2,756 lb (1,250 kG)","Fuel Tank Capacity","12.7 gal. (48 L)","Overall Width","70.6 in (w/R-4 Tires)","Transmission","Integrated Hydro Mechanical","","","","https://www.westendpower.com/new-models/2026-yanmar-usa-yt3-series-yt359-29396858b","","T","T"," "," ","i-HMT","Turf","Yanmar","Diesel","58.9","52"," "," "," "," "," "," "," "," "," "," "," "," "," ",""
"YT359AVXHA-LB","Yanmar YT359AVXHA-LB Compact Tractor","T","0","T","0","YANMAR","Compact Tractors","CUT","T","T","T","YT","FIXED","","700","T","YT359","77599","Diesel","Tool","","0","0","T","2026-10-31","2026-10-01","3200","","","","YT","224","","","YT","T","","","","","","","","","","","","","","images/Products/YT359.jpg","24 Months or 2000 Hours / Powertrain 120 Months or 3000 Hours","24 Months or 2000 Hours","58.9"," ","52","6635","3010","6635","6,635 lb (3,010 kg)","Engine","Yanmar 4TNV98C","Cylinders / Displacement","4 / 202.5 cu. In.","Gross Engine Power","58.9 hp (43.9 kW)","Net Engine Power","","PTO Power","52.0 hp (38.3 kW)","3-Point Hitch","Category 1","3-Point Lift Capacity","2,756 lb (1,250 kG)","Fuel Tank Capacity","12.7 gal. (48 L)","Overall Width","70.6 in (w/R-4 Tires)","Transmission","Integrated Hydro Mechanical","","","","https://www.westendpower.com/new-models/2026-yanmar-usa-yt3-series-yt359-29396858b","","T","T"," "," ","i-HMT","Ag","Yanmar","Diesel","58.9","52"," "," "," "," "," "," "," "," "," "," "," "," "," ",""
"YT359AVXHIC","Yanmar YT359AVXHIC Compact Tractor","T","0","T","0","YANMAR","Compact Tractors","CUT","T","T","T","YT","FIXED","","700","T","YT359C","60099","Diesel","Tool","","0","0","T","2026-10-31","2026-10-01","500","","","","YT","227","","","YT","T","","","","","","","","","","","","","","images/Products/YT359C.jpg","24 Months or 2000 Hours / Powertrain 120 Months or 3000 Hours","24 Months or 2000 Hours","58.9"," ","52","4442","2015","4442","4,442 lb (2,015 kg)","Engine","Yanmar 4TNV98C","Cylinders / Displacement","4 / 202.5 cu. In.","Gross Engine Power","58.9 hp (43.9 kW)","Net Engine Power","","PTO Power","52.0 hp (38.3 kW)","3-Point Hitch","Category 1","3-Point Lift Capacity","2,756 lb (1,250 kG)","Fuel Tank Capacity","12.7 gal. (48 L)","Overall Width","70.6 in (w/R-4 Tires)","Transmission","Integrated Hydro Mechanical","","","","https://www.westendpower.com/new-models/2026-yanmar-usa-yt2-series-yt235-29396854b",""," "," "," ","T","i-HMT","Industrial","Yanmar","Diesel","58.9","52"," "," "," "," "," "," "," "," "," "," "," "," "," ",""
"YT359AVXHTC","Yanmar YT359AVXHTC Compact Tractor","T","0","T","0","YANMAR","Compact Tractors","CUT","T","T","T","YT","FIXED","","700","T","YT359C","60099","Diesel","Tool","","0","0","T","2026-10-31","2026-10-01","500","","","","YT","228","","","YT","T","","","","","","","","","","","","","","images/Products/YT359C.jpg","24 Months or 2000 Hours / Powertrain 120 Months or 3000 Hours","24 Months or 2000 Hours","58.9"," ","52","4442","2015","4442","4,442 lb (2,015 kg)","Engine","Yanmar 4TNV98C","Cylinders / Displacement","4 / 202.5 cu. In.","Gross Engine Power","58.9 hp (43.9 kW)","Net Engine Power","","PTO Power","52.0 hp (38.3 kW)","3-Point Hitch","Category 1","3-Point Lift Capacity","2,756 lb (1,250 kG)","Fuel Tank Capacity","12.7 gal. (48 L)","Overall Width","70.6 in (w/R-4 Tires)","Transmission","Integrated Hydro Mechanical","","","","https://www.westendpower.com/new-models/2026-yanmar-usa-yt2-series-yt235-29396854b",""," "," "," ","T","i-HMT","Turf","Yanmar","Diesel","58.9","52"," "," "," "," "," "," "," "," "," "," "," "," "," ",""
"YT359AVXHAC","Yanmar YT359AVXHAC Compact Tractor","T","0","T","0","YANMAR","Compact Tractors","CUT","T","T","T","YT","FIXED","","700","T","YT359C","60099","Diesel","Tool","","0","0","T","2026-10-31","2026-10-01","500","","","","YT","229","","","YT","T","","","","","","","","","","","","","","images/Products/YT359C.jpg","24 Months or 2000 Hours / Powertrain 120 Months or 3000 Hours","24 Months or 2000 Hours","58.9"," ","52","4442","2015","4442","4,442 lb (2,015 kg)","Engine","Yanmar 4TNV98C","Cylinders / Displacement","4 / 202.5 cu. In.","Gross Engine Power","58.9 hp (43.9 kW)","Net Engine Power","","PTO Power","52.0 hp (38.3 kW)","3-Point Hitch","Category 1","3-Point Lift Capacity","2,756 lb (1,250 kG)","Fuel Tank Capacity","12.7 gal. (48 L)","Overall Width","70.6 in (w/R-4 Tires)","Transmission","Integrated Hydro Mechanical","","","","https://www.westendpower.com/new-models/2026-yanmar-usa-yt2-series-yt235-29396854b",""," "," "," ","T","i-HMT","Ag","Yanmar","Diesel","58.9","52"," "," "," "," "," "," "," "," "," "," "," "," "," ",""
"YT359AVXHIC-L","Yanmar YT359AVXHIC-L Compact Tractor","T","0","T","0","YANMAR","Compact Tractors","CUT","T","T","T","YT","FIXED","","700","T","YT359C","68199","Diesel","Tool","","0","0","T","2026-10-31","2026-10-01","3400","","","","YT","230","","","YT","T","","","","","","","","","","","","","","images/Products/YT359C.jpg","24 Months or 2000 Hours / Powertrain 120 Months or 3000 Hours","24 Months or 2000 Hours","58.9"," ","52","5538","2512","5538","5,538 lb (2,512 kg)","Engine","Yanmar 4TNV98C","Cylinders / Displacement","4 / 202.5 cu. In.","Gross Engine Power","58.9 hp (43.9 kW)","Net Engine Power","","PTO Power","52.0 hp (38.3 kW)","3-Point Hitch","Category 1","3-Point Lift Capacity","2,756 lb (1,250 kG)","Fuel Tank Capacity","12.7 gal. (48 L)","Overall Width","70.6 in (w/R-4 Tires)","Transmission","Integrated Hydro Mechanical","","","","https://www.westendpower.com/new-models/2026-yanmar-usa-yt2-series-yt235-29396854b","","T"," "," ","T","i-HMT","Industrial","Yanmar","Diesel","58.9","52"," "," "," "," "," "," "," "," "," "," "," "," "," ",""
"YT359AVXHTC-L","Yanmar YT359AVXHTC-L Compact Tractor","T","0","T","0","YANMAR","Compact Tractors","CUT","T","T","T","YT","FIXED","","700","T","YT359C","68199","Diesel","Tool","","0","0","T","2026-10-31","2026-10-01","3400","","","","YT","231","","","YT","T","","","","","","","","","","","","","","images/Products/YT359C.jpg","24 Months or 2000 Hours / Powertrain 120 Months or 3000 Hours","24 Months or 2000 Hours","58.9"," ","52","5538","2512","5538","5,538 lb (2,512 kg)","Engine","Yanmar 4TNV98C","Cylinders / Displacement","4 / 202.5 cu. In.","Gross Engine Power","58.9 hp (43.9 kW)","Net Engine Power","","PTO Power","52.0 hp (38.3 kW)","3-Point Hitch","Category 1","3-Point Lift Capacity","2,756 lb (1,250 kG)","Fuel Tank Capacity","12.7 gal. (48 L)","Overall Width","70.6 in (w/R-4 Tires)","Transmission","Integrated Hydro Mechanical","","","","https://www.westendpower.com/new-models/2026-yanmar-usa-yt2-series-yt235-29396854b","","T"," "," ","T","i-HMT","Turf","Yanmar","Diesel","58.9","52"," "," "," "," "," "," "," "," "," "," "," "," "," ",""
"YT359AVXHAC-L","Yanmar YT359AVXHAC-L Compact Tractor","T","0","T","0","YANMAR","Compact Tractors","CUT","T","T","T","YT","FIXED","","700","T","YT359C","68199","Diesel","Tool","","0","0","T","2026-10-31","2026-10-01","3400","","","","YT","232","","","YT","T","","","","","","","","","","","","","","images/Products/YT359C.jpg","24 Months or 2000 Hours / Powertrain 120 Months or 3000 Hours","24 Months or 2000 Hours","58.9"," ","52","5538","2512","5538","5,538 lb (2,512 kg)","Engine","Yanmar 4TNV98C","Cylinders / Displacement","4 / 202.5 cu. In.","Gross Engine Power","58.9 hp (43.9 kW)","Net Engine Power","","PTO Power","52.0 hp (38.3 kW)","3-Point Hitch","Category 1","3-Point Lift Capacity","2,756 lb (1,250 kG)","Fuel Tank Capacity","12.7 gal. (48 L)","Overall Width","70.6 in (w/R-4 Tires)","Transmission","Integrated Hydro Mechanical","","","","https://www.westendpower.com/new-models/2026-yanmar-usa-yt2-series-yt235-29396854b","","T"," "," ","T","i-HMT","Ag","Yanmar","Diesel","58.9","52"," "," "," "," "," "," "," "," "," "," "," "," "," ",""
"YT359AVXHIC-LB","Yanmar YT359AVXHIC-LB Compact Tractor","T","0","T","0","YANMAR","Compact Tractors","CUT","T","T","T","YT","FIXED","","700","T","YT359C","88599","Diesel","Tool","","0","0","T","2026-10-31","2026-10-01","3700","","","","YT","233","","","YT","T","","","","","","","","","","","","","","images/Products/YT359C.jpg","24 Months or 2000 Hours / Powertrain 120 Months or 3000 Hours","24 Months or 2000 Hours","58.9"," ","52","7038","3192","7038","7,038 lb (3,192 kg)","Engine","Yanmar 4TNV98C","Cylinders / Displacement","4 / 202.5 cu. In.","Gross Engine Power","58.9 hp (43.9 kW)","Net Engine Power","","PTO Power","52.0 hp (38.3 kW)","3-Point Hitch","Category 1","3-Point Lift Capacity","2,756 lb (1,250 kG)","Fuel Tank Capacity","12.7 gal. (48 L)","Overall Width","70.6 in (w/R-4 Tires)","Transmission","Integrated Hydro Mechanical","","","","https://www.westendpower.com/new-models/2026-yanmar-usa-yt2-series-yt235-29396854b","","T","T"," ","T","i-HMT","Industrial","Yanmar","Diesel","58.9","52"," "," "," "," "," "," "," "," "," "," "," "," "," ",""
"YT359AVXHTC-LB","Yanmar YT359AVXHTC-LB Compact Tractor","T","0","T","0","YANMAR","Compact Tractors","CUT","T","T","T","YT","FIXED","","700","T","YT359C","88599","Diesel","Tool","","0","0","T","2026-10-31","2026-10-01","3700","","","","YT","234","","","YT","T","","","","","","","","","","","","","","images/Products/YT359C.jpg","24 Months or 2000 Hours / Powertrain 120 Months or 3000 Hours","24 Months or 2000 Hours","58.9"," ","52","7038","3192","7038","7,038 lb (3,192 kg)","Engine","Yanmar 4TNV98C","Cylinders / Displacement","4 / 202.5 cu. In.","Gross Engine Power","58.9 hp (43.9 kW)","Net Engine Power","","PTO Power","52.0 hp (38.3 kW)","3-Point Hitch","Category 1","3-Point Lift Capacity","2,756 lb (1,250 kG)","Fuel Tank Capacity","12.7 gal. (48 L)","Overall Width","70.6 in (w/R-4 Tires)","Transmission","Integrated Hydro Mechanical","","","","https://www.westendpower.com/new-models/2026-yanmar-usa-yt2-series-yt235-29396854b","","T","T"," ","T","i-HMT","Turf","Yanmar","Diesel","58.9","52"," "," "," "," "," "," "," "," "," "," "," "," "," ",""
"YT359AVXHAC-LB","Yanmar YT359AVXHAC-LB Compact Tractor","T","0","T","0","YANMAR","Compact Tractors","CUT","T","T","T","YT","FIXED","","700","T","YT359C","88599","Diesel","Tool","","0","0","T","2026-10-31","2026-10-01","3700","","","","YT","235","","","YT","T","","","","","","","","","","","","","","images/Products/YT359C.jpg","24 Months or 2000 Hours / Powertrain 120 Months or 3000 Hours","24 Months or 2000 Hours","58.9"," ","52","7038","3192","7038","7,038 lb (3,192 kg)","Engine","Yanmar 4TNV98C","Cylinders / Displacement","4 / 202.5 cu. In.","Gross Engine Power","58.9 hp (43.9 kW)","Net Engine Power","","PTO Power","52.0 hp (38.3 kW)","3-Point Hitch","Category 1","3-Point Lift Capacity","2,756 lb (1,250 kG)","Fuel Tank Capacity","12.7 gal. (48 L)","Overall Width","70.6 in (w/R-4 Tires)","Transmission","Integrated Hydro Mechanical","","","","https://www.westendpower.com/new-models/2026-yanmar-usa-yt2-series-yt235-29396854b","","T","T"," ","T","i-HMT","Ag","Yanmar","Diesel","58.9","52"," "," "," "," "," "," "," "," "," "," "," "," "," ",""
"YUM70BPXPR-NO","2023 Yanmar Bull UTV - Metaric Red","T","0","T","0","YANMAR","UTV's","CUT","T","T","T","Bull","FIXED","","600","T","Bull","18999","Gas","Tool","","0","0","T","2026-10-31","2026-10-01","2000","","","","Bull","238","","","UTV","T","","","","","","","","","","","","","","images/Products/Bull.jpg"," "," "," "," "," ","","","","","","","","","","","","","","","","","","","","","","","","","","","","",""," "," "," "," "," "," "," "," "," "," "," "," "," "," "," "," "," "," "," "," "," "," "," ",""
"YUC70LPXPR-NO","2023 Yanmar LongHorn UTV - Metaric Red","T","0","T","0","YANMAR","UTV's","CUT","T","T","T","Longhorn","FIXED","","700","T","Longhorn","20599","Gas","Tool","","0","0","T","2026-10-31","2026-10-01","2000","","","","Longhorn","241","","","UTV","T","","","","","","","","","","","","","","images/Products/Longhorn.jpg"," "," "," "," "," ","","","","","","","","","","","","","","","","","","","","","","","","","","","","",""," "," "," "," "," "," "," "," "," "," "," "," "," "," "," "," "," "," "," "," "," "," "," ",""
"YUM10DPSAR-NO","Yanmar Brahma Diesel UTV","T","0","T","0","YANMAR","UTV's","CUT","T","T","T","Brahma","FIXED","","700","T","Brahma","26899","Diesel","Tool","","0","0","T","2026-10-31","2026-10-01","2000","","","","Brahma","244","","","UTV","T","","","","","","","","","","","","","","images/Products/Brahma.jpg"," "," "," "," "," ","","","","","","","","","","","","","","","","","","","","","","","","","","","","",""," "," "," "," "," "," "," "," "," "," "," "," "," "," "," "," "," "," "," "," "," "," "," ",""
"YP3625PWC","Yanmar YP3625PWC Pressure Washer","T","0","T","0","YANMAR","Pressure Washers","HANDHELD","T","T","T","Power Equipment","",""," ","T","YP3625PWC","599","Gas","Tool"," ","0","0","T","","","","","","","Pressure Washer","5","","Pressure Washers","Power Equipment","T","","","","","","","","","","","","","","images/Products/YP3625PWC.jpg","","","","","","","","","","","","","","","","","","","","","","","","","","","","","","","","","","","","","","","","","","","","","","","","","","","","","","","","","",""
