"SKU","Description","Active","AssemblyAmount","BrandID","Category","FinancingEligible","LocalDelivery","Model","MSRP","PowerType","ProductType","PromoName","QtyDanbury","QtyNewMilford","RebateEndDate","RebateStartDate","RebateToCustomer","SaleEndDate","SalePrice","SaleStartDate","Series","SortOrder","SubCategory","System","BuyOnlineEligible","ImageURL","ProductURL","SpecLabel1","SpecValue1","SpecLabel2","SpecValue2","SpecLabel3","SpecValue3","SpecLabel4","SpecValue4","SpecLabel5","SpecValue5","SpecLabel6","SpecValue6","SpecLabel7","SpecValue7","SpecLabel8","SpecValue8","SpecLabel9","SpecValue9","SpecLabel10","SpecValue10"
"BA08 011 5902 US","STIHL BGA30 Hand-Held Blower","T","0","STIHL","Blowers","T","F","BGA 30","119.99","Battery","Tool","","0","0","","","","","","","","36","Handheld Blower","AS","T","images/Products/BGA30.jpg","https://www.westendpower.com/new-models/stihl-bga-30-unit-only-29386321b","Max. Voltage","12 Volts","","","","","Max. Air Velocity","96 mph","Air Volume","253 cfm","Blowing Force","5 Newtons","Sound Level","50 dB(A)","","","","","",""
"BA08 011 5912 US","STIHL BGA30 w/2 - AS2 Batteries & AL1 Charger","T","0","STIHL","Blowers","T","F","BGA 30","189.99","Battery","Kit","","0","0","","","","","","","","37","Handheld Blower","AS","T","images/Products/BGA30.jpg","https://www.westendpower.com/new-models/stihl-bga-30-set-w2x-as-2-batteries-al-1-charger-29386327b","Max. Voltage","12 Volts","","","","","Max. Air Velocity","96 mph","Air Volume","253 cfm","Blowing Force","5 Newtons","Sound Level","50 dB(A)","","","","","",""
"BA05 011 5901 US","STIHL BGA50.0 Hand-Held Blower","T","0","STIHL","Blowers","T","F","BGA 50","179.99","Battery","Tool","","0","0","","","","","","","","38","Handheld Blower","AK","T","images/Products/BGA50.jpg","","Max. Voltage","40 Volts","","","","","Max. Air Velocity","123 mph","Air Volume","455 cfm","Blowing Force","11 Newtons","Sound Level","55 dB(A)","","","","","",""
"BA05 011 5919 US","STIHL BGA50.0 w/AK20 Battery & AL101 Charger","T","0","STIHL","Blowers","T","F","BGA 50","199.99","Battery","Kit","","0","0","","","","","","","","39","Handheld Blower","AK","T","images/Products/BGA50.jpg","https://www.westendpower.com/new-models/stihl-bga-50-set-wbattery-charger-29386354b","Max. Voltage","40 Volts","","","","","Max. Air Velocity","123 mph","Air Volume","455 cfm","Blowing Force","11 Newtons","Sound Level","55 dB(A)","","","","","",""
"4523 011 5961 US","STIHL BGA57 Hand-Held Blower","T","0","STIHL","Blowers","T","F","BGA 57","179.99","Battery","Tool","","1","1","","","","","","","","40","Handheld Blower","AK","T","","","Max. Voltage","40 Volts","","","","","Max. Air Velocity","123 mph","Air Volume","365 cfm","Blowing Force","9 Newtons","Sound Level","57 dB(A)","","","","","",""
"BA04 011 5901 US","STIHL BGA60 Hand-Held Blower","T","0","STIHL","Blowers","T","F","BGA 60","219.99","Battery","Tool","","1","1","","","","","","","","42","Handheld Blower","AK","T","images/Products/BGA60.jpg","https://www.westendpower.com/new-models/stihl-bga-60-unit-only-29386220b","Max. Voltage","40 Volts","","","","","Max. Air Velocity","155 mph","Air Volume","459 cfm","Blowing Force","15 Newtons","Sound Level","56 dB(A)","","","","","",""
"BA04 011 5941 US","STIHL BGA60 w/AK30 Battery & AL101 Charger","T","0","STIHL","Blowers","T","F","BGA 60","299.99","Battery","Kit","STIHL BGA60 Fall Leaf Blower Sale","1","1","","","","2026-12-31","269.99","2026-08-01","","43","Handheld Blower","AK","T","images/Products/BGA60.jpg","https://www.westendpower.com/new-models/stihl-bga-60-set-wbattery-charger-29386228b","Max. Voltage","40 Volts","","","","","Max. Air Velocity","155 mph","Air Volume","459 cfm","Blowing Force","15 Newtons","Sound Level","56 dB(A)","","","","","",""
"BA02 011 5901 US","STIHL BGA86 Hand-Held Blower","T","0","STIHL","Blowers","T","F","BGA 86","249.99","Battery","Tool","","1","1","","","","","","","","44","Handheld Blower","AP","T","images/Products/BGA86.jpg","https://www.westendpower.com/new-models/stihl-bga-86-unit-only-29386229b","Max. Voltage","40 Volts","","","","","Max. Air Velocity","154 mph","Air Volume","458 cfm","Blowing Force","15 Newtons","Sound Level","58 dB(A)","","","","","",""
"BA02 211 0000 US","STIHL BGA86 w/AP300S Battery & AL301","T","0","STIHL","Blowers","T","F","BGA 86","609.99","Battery","Kit","","1","1","","","","","","","","45","Handheld Blower","AP","T","images/Products/BGA86.jpg","https://www.westendpower.com/new-models/stihl-bga-86-set-wbattery-charger-29386233b","Max. Voltage","40 Volts","","","","","Max. Air Velocity","154 mph","Air Volume","458 cfm","Blowing Force","15 Newtons","Sound Level","58 dB(A)","","","","","",""
"BA02 200 0010","STIHL BGA86 w/AP300S Battery & AL301","F","0","STIHL","Blowers","T","F","BGA 86","689.99","Battery","Kit","","1","1","","","","","","","","46","Handheld Blower","AP","T","images/Products/BGA86.jpg","https://www.westendpower.com/new-models/stihl-bga-86-set-wbattery-charger-29386233b","Max. Voltage","40 Volts","","","","","Max. Air Velocity","154 mph","Air Volume","458 cfm","Blowing Force","15 Newtons","Sound Level","58 dB(A)","","","","","",""
"4866 011 5901 US","STIHL BGA100 Hand-Held Blower","T","0","STIHL","Blowers","T","F","BGA 100","479.99","Battery","Tool","","0","0","","","","","","","","47","Handheld Blower","AP","T","","","Max. Voltage","40 Volts","","","","","Max. Air Velocity","167 MPH","Air Volume","484 cfm","Blowing Force","17 Newtons","Sound Level","56 dB(A)","","","","","",""
"BA09 011 5901 US","STIHL BGA160 Hand-Held Blower","T","0","STIHL","Blowers","T","F","BGA 160","269.99","Battery","Tool","","0","1","","","","","","","","48","Handheld Blower","AP","T","images/Products/BGA160.jpg","https://www.westendpower.com/new-models/stihl-bga-160-unit-only-29386284b","Max. Voltage","40 Volts","","","","","Max. Air Velocity","174 mph","Air Volume","570 cfm","Blowing Force","21 Newtons","Sound Level","57 dB(A)","","","","","",""
"BA09 011 5910 US","STIHL BGA160 w/AP300S Battery & AL301","T","0","STIHL","Blowers","T","F","BGA 160","649.99","Battery","Kit","","0","1","","","","","","","","49","Handheld Blower","AP","T","images/Products/BGA160.jpg","https://www.westendpower.com/new-models/stihl-bga-160-set-wbattery-charger-29386291b","Max. Voltage","40 Volts","","","","","Max. Air Velocity","174 mph","Air Volume","570 cfm","Blowing Force","21 Newtons","Sound Level","57 dB(A)","","","","","",""
"BA01 011 5901 US","STIHL BGA200 Hand-Held Blower","T","0","STIHL","Blowers","T","F","BGA 200","559.99","Battery","Tool","","0","0","","","","","","","","50","Handheld Blower","AP","T","images/Products/BGA200.jpg","https://www.westendpower.com/new-models/stihl-bga-200-unit-only-29386304b","Max. Voltage","40 Volts","","","","","Max. Air Velocity","188 mph","Air Volume","553 cfm","Blowing Force","21 Newtons","Sound Level","60 dB(A)","","","","","",""
"BA06 011 5901 US","STIHL BGA250 Hand-Held Blower","T","0","STIHL","Blowers","T","F","BGA 250","329.99","Battery","Tool","","0","0","","","","","","","","51","Handheld Blower","AP","T","images/Products/BGA250.jpg","https://www.westendpower.com/new-models/stihl-bga-250-unit-only-29386294b","Max. Voltage","40 Volts","","","","","Max. Air Velocity","190 mph","Air Volume","612 cfm","Blowing Force","26 Newtons","Sound Level","59 dB(A)","","","","","",""
"BA03 011 5911 US","STIHL BGA300.1 Back-Pack Blower","T","0","STIHL","Blowers","T","F","BGA 300","749.99","Battery","Tool","","0","0","","","","","","","","53","Backpack Blower","AP","T","images/Products/BGA300.jpg","https://www.westendpower.com/new-models/stihl-bga-300-unit-only-29386356b","Max. Voltage","40 Volts","","","","","Max. Air Velocity","192 mph","Air Volume","571 cfm","Blowing Force","26 Newtons","Sound Level","62 dB(A)","","","","","",""
"BA11 011 5901 US","STIHL BRA200.0 Back-Pack Blower","T","0","STIHL","Blowers","T","F","BRA 200","479.99","Battery","Tool","","0","0","","","","","","","","56","Backpack Blower","AP","T","images/Products/BRA200.jpg","https://www.westendpower.com/new-models/stihl-bra-200-unit-only-29386359b","Max. Voltage","40 Volts","","","","","Max. Air Velocity","177 mph","Air Volume","527 cfm","Blowing Force","21 Newtons","Sound Level","64 dB(A)","","","","","",""
"BA11 011 5931 US","STIHL BRA200.0 w/AP300S Battery & AL301","T","0","STIHL","Blowers","T","F","BRA 200","729.99","Battery","Kit","","0","0","","","","","","","","57","Backpack Blower","AP","T","images/Products/BRA200.jpg","","Max. Voltage","40 Volts","","","","","Max. Air Velocity","177 mph","Air Volume","527 cfm","Blowing Force","21 Newtons","Sound Level","64 dB(A)","","","","","",""
"BA11 011 5921 US","STIHL BRA280.0-B Back-Pack Blower","T","0","STIHL","Blowers","T","F","BRA 280","649.99","Battery","Tool","","0","0","","","","","","","","58","Backpack Blower","AP","T","images/Products/BRA280.jpg","https://www.westendpower.com/new-models/stihl-bra-280-unit-only-29386362b","Max. Voltage","40 Volts","","","","","Max. Air Velocity","192 mph","Air Volume","571 cfm","Blowing Force","26 Newtons","Sound Level","65 dB(A)","","","","","",""
"BA11 011 5951 US","STIHL BRA280.0-B w/2 AP300S Batteries & AL301","T","0","STIHL","Blowers","T","F","BRA 280","999.99","Battery","Kit","","0","0","","","","","","","","59","Backpack Blower","AP","T","images/Products/BRA280.jpg","https://www.westendpower.com/new-models/stihl-bra-280-set-wbattery-charger-29386366b","Max. Voltage","40 Volts","","","","","Max. Air Velocity","192 mph","Air Volume","571 cfm","Blowing Force","26 Newtons","Sound Level","65 dB(A)","","","","","",""
"BA07 011 5901 US","STIHL BRA500.0 Back-Pack Blower","T","0","STIHL","Blowers","T","F","BRA 500","1019.99","Battery","Tool","","0","0","","","","","","","","61","Backpack Blower","AP","T","images/Products/BRA500.jpg","https://www.westendpower.com/new-models/stihl-bra-500-unit-only-29386345b","Max. Voltage","80 Volts","","","","","Max. Air Velocity","244 mph","Air Volume","848 cfm","Blowing Force","32 Newtons","Sound Level","64 dB(A)","","","","","",""
"BA07 011 5911 US","STIHL BRA600.0 Back-Pack Blower","T","0","STIHL","Blowers","T","F","BRA 600","1069.99","Battery","Tool","","0","0","","","","","","","","62","Backpack Blower","AP","T","images/Products/BRA600.jpg","https://www.westendpower.com/new-models/stihl-bra-600-unit-only-29386347b","Max. Voltage","80 Volts","","","","","Max. Air Velocity","253 mph","Air Volume","883 cfm","Blowing Force","35 Newtons","Sound Level","64 dB(A)","","","","","",""
"FA10 011 5701 US","STIHL FSA30.0 Trimmer ","T","0","STIHL","Trimmers","T","F","FSA 30","119.99","Battery","Tool","","0","0","","","","","","","","74","String Trimmer","AS","T","","https://www.westendpower.com/new-models/stihl-fsa-30-unit-only-29386209b","Max. Voltage","12 Volts","Mechanical Power","0.13 kW","","","","","","","","","","","","","","","",""
"FA10 011 5711 US","STIHL FSA30.0 w/AS2 Battery & AL1 Charger","T","0","STIHL","Trimmers","T","F","FSA 30","189.99","Battery","Kit","","0","0","","","","","","","","75","String Trimmer","AS","T","","https://www.westendpower.com/new-models/stihl-fsa-30-set-wbattery-charger-29386214b","Max. Voltage","12 Volts","Mechanical Power","0.13 kW","","","","","","","","","","","","","","","",""
"FA11 011 5711 US","STIHL FSA50.0 w/AK10 Battery & AL101 Charger","T","0","STIHL","Trimmers","T","F","FSA 50","219.99","Battery","Kit","","0","0","","","","","","","","77","String Trimmer","AK","T","","https://www.westendpower.com/new-models/stihl-fsa-50-set-wbattery-charger-29385606b","Max. Voltage","40 Volts","Mechanical Power","0.3 kW","","","","","","","","","","","","","","","",""
"FA04 011 5701 US","STIHL FSA60R Trimmer","T","0","STIHL","Trimmers","T","F","FSA 60 R","159.99","Battery","Tool","","1","1","","","","","","","","81","String Trimmer","AK","T","","https://www.westendpower.com/new-models/stihl-fsa-60-r-unit-only-29385629b","Max. Voltage","40 Volts","Mechanical Power","0.5 kW","","","","","","","","","","","","","","","",""
"FA04 011 5741 US","STIHL FSA60R w/AK20 Battery & AL101 Charger","T","0","STIHL","Trimmers","T","F","FSA 60 R","249.99","Battery","Kit","","1","1","","","","","","","","82","String Trimmer","AK","T","","https://www.westendpower.com/new-models/stihl-fsa-60-r-set-wbattery-charger-29385639b","Max. Voltage","40 Volts","Mechanical Power","0.5 kW","","","","","","","","","","","","","","","",""
"4852 011 5702 US","STIHL FSA65 Trimmer","T","0","STIHL","Trimmers","T","F","FSA 65","209.95","Battery","Tool","","0","0","","","","","","","","83","String Trimmer","AP","T","","","","","","","","","","","","","","","","","","","","","",""
"FA07 011 5701 US","STIHL FSA70.0R Trimmer","T","0","STIHL","Trimmers","T","F","FSA 70 R","239.99","Battery","Tool","","1","0","","","","","","","","84","String Trimmer","AK","T","","https://www.westendpower.com/new-models/stihl-fsa-70-r-unit-only-29385647b","Max. Voltage","40 Volts","Mechanical Power","0.8 kW","","","","","","","","","","","","","","","",""
"FA07 011 5711 US","STIHL FSA70.0R w/AK20 Battery & AL101","T","0","STIHL","Trimmers","T","F","FSA 70 R","329.99","Battery","Kit","","1","0","","","","","","","","85","String Trimmer","AK","T","","https://www.westendpower.com/new-models/stihl-fsa-70-r-set-wbattery-charger-29385641b","Max. Voltage","40 Volts","Mechanical Power","0.8 kW","","","","","","","","","","","","","","","",""
"FA08 011 5721 US","STIHL FSA80.0R Trimmer","T","0","STIHL","Trimmers","T","F","FSA 80 R","389.99","Battery","Tool","","0","1","","","","","","","","86","String Trimmer","AK","T","","https://www.westendpower.com/new-models/stihl-fsa-80-r-unit-only-29385652b","Max. Voltage","40 Volts","Mechanical Power","0.8 kW","","","","","","","","","","","","","","","",""
"FA08 011 5731 US","STIHL FSA80.0R w/AK20 Battery & AL101","T","0","STIHL","Trimmers","T","F","FSA 80 R","469.99","Battery","Kit","","0","1","","","","","","","","87","String Trimmer","AK","T","","https://www.westendpower.com/new-models/stihl-fsa-80-r-set-wbattery-charger-29385665b","Max. Voltage","40 Volts","Mechanical Power","0.8 kW","","","","","","","","","","","","","","","",""
"FA08 011 5701 US","STIHL FSA80.0 Trimmer ","T","0","STIHL","Trimmers","T","F","FSA 80","449.99","Battery","Tool","","0","0","","","","","","","","88","Brushcutter","AK","T","","https://www.westendpower.com/new-models/stihl-fsa-80-unit-only-29385659b","Max. Voltage","40 Volts","Mechanical Power","0.8 kW","","","","","","","","","","","","","","","",""
"FA08 011 5711 US","STIHL FSA80.0 w/AK20 Battery & AL101 Charger","T","0","STIHL","Trimmers","T","F","FSA 80","529.99","Battery","Kit","","0","0","","","","","","","","89","Brushcutter","AK","T","","https://www.westendpower.com/new-models/stihl-fsa-80-set-wbattery-charger-29385661b","Max. Voltage","40 Volts","Mechanical Power","0.8 kW","","","","","","","","","","","","","","","",""
"FA05 011 5701 US","STIHL FSA86R Trimmer ","T","0","STIHL","Trimmers","T","F","FSA 86 R","299.99","Battery","Tool","","0","0","","","","","","","","90","String Trimmer","AP","T","","https://www.westendpower.com/new-models/stihl-fsa-86-r-unit-only-29386012b","Max. Voltage","40 Volts","Mechanical Power","0.5 kW","","","","","","","","","","","","","","","",""
"FA07 011 5721 US","STIHL FSA110.0R Trimmer ","T","0","STIHL","Trimmers","T","F","FSA 110 R","359.99","Battery","Tool","","0","0","","","","","","","","91","String Trimmer","AP","T","","https://www.westendpower.com/new-models/stihl-fsa-110-r-unit-only-29386135b","Max. Voltage","40 Volts","Mechanical Power","0.8 kW","","","","","","","","","","","","","","","",""
"FA08 200 0006 US","STIHL FSA120.0R Trimmer ","T","0","STIHL","Trimmers","T","F","FSA 120 R","409.99","Battery","Tool","","0","1","","","","","","","","92","String Trimmer","AP","T","","https://www.westendpower.com/new-models/stihl-fsa-120-r-unit-only-29386145b","Max. Voltage","40 Volts","Mechanical Power","0.8 kW","","","","","","","","","","","","","","","",""
"FA08 011 5772 US","STIHL FSA120.0R w/AP300S Battery & AL301","T","0","STIHL","Trimmers","T","F","FSA 120 R","779.99","Battery","Kit","","0","1","","","","","","","","94","String Trimmer","AP","T","","","Max. Voltage","40 Volts","Mechanical Power","0.8 kW","","","","","","","","","","","","","","","",""
"FA08 011 5761 US","STIHL FSA120.0 w/AP200S Battery & AL301","T","0","STIHL","Trimmers","T","F","FSA 120","789.99","Battery","Kit","","0","0","","","","","","","","96","Brushcutter","AP","T","","","Max. Voltage","40 Volts","Mechanical Power","0.8 kW","","","","","","","","","","","","","","","",""
"FA01 200 0011 US","STIHL FSA135R Trimmer ","T","0","STIHL","Trimmers","T","F","FSA 135 R","529.99","Battery","Tool","","0","1","","","","","","","","98","String Trimmer","AP","T","","https://www.westendpower.com/new-models/stihl-fsa-135-r-unit-only-29385671b","Max. Voltage","40 Volts","Mechanical Power","1.0 kW","","","","","","","","","","","","","","","",""
"FA01 200 0006 US","STIHL FSA135 Trimmer ","T","0","STIHL","Trimmers","T","F","FSA 135","579.99","Battery","Tool","","0","0","","","","","","","","99","Brushcutter","AP","T","","https://www.westendpower.com/new-models/stihl-fsa-135-unit-only-29386011b","Max. Voltage","40 Volts","Mechanical Power","1.0 kW","","","","","","","","","","","","","","","",""
"FA03 200 0008 US","STIHL FSA200.0R Trimmer ","T","0","STIHL","Trimmers","T","F","FSA 200 R","699.99","Battery","Tool","","0","0","","","","","","","","100","String Trimmer","AP","T","","https://www.westendpower.com/new-models/stihl-fsa-200-r-unit-only-29386159b","Max. Voltage","40 Volts","Mechanical Power","1.6 Kw","","","","","","","","","","","","","","","",""
"FA03 200 0004 US","STIHL FSA200.0 Trimmer ","T","0","STIHL","Trimmers","T","F","FSA 200","749.99","Battery","Tool","","0","0","","","","","","","","101","Brushcutter","AP","T","","https://www.westendpower.com/new-models/stihl-fsa-200-unit-only-29386166b","Max. Voltage","40 Volts","Mechanical Power","1.6 kW","","","","","","","","","","","","","","","",""
"FA09 200 0010 US","STIHL FSA400.0 Trimmer ","T","0","STIHL","Trimmers","T","F","FSA 400","809.99","Battery","Tool","","0","0","","","","","","","","102","Brushcutter","AP","T","","https://www.westendpower.com/new-models/stihl-fsa-400-unit-only-29386170b","Max. Voltage","40 Volts","Mechanical Power","2.0 Kw","","","","","","","","","","","","","","","",""
"FA09 200 0011 US","STIHL FSA400.0K Trimmer ","T","0","STIHL","Trimmers","T","F","FSA 400 K","809.99","Battery","Tool","","0","0","","","","","","","","103","Brushcutter","AP","T","","https://www.westendpower.com/new-models/stihl-fsa-400-k-unit-only-29386177b","Max. Voltage","40 Volts","Mechanical Power","2.0 kW","","","","","","","","","","","","","","","",""
"GA01 011 6906 US","STIHL GTA26 Garden Pruner","T","0","STIHL","Chainsaws","T","F","GTA 26","119.99","Battery","Tool","","0","1","","","","","","","","106","Pruning Saw","AS","T","","https://www.westendpower.com/new-models/stihl-gta-26-unit-only-battery-garden-pruner-29386371b","Max. Voltage","12 Volts","Mechanical Power","0.18 kW","Bar Length","4 in.","Max. Cuts Per Charge","70","","","","","","","","","","","",""
"GA01 011 6911 US","STIHL GTA26 w/AS2 Battery & AL1 Charger","T","0","STIHL","Chainsaws","T","F","GTA 26","149.99","Battery","Kit","","1","1","","","","","","","","107","Pruning Saw","AS","T","","https://www.westendpower.com/new-models/stihl-gta-26-set-wbattery-charger-garden-pruner-29386368b","Max. Voltage","12 Volts","Mechanical Power","0.18 kW","Bar Length","4 in.","Max. Cuts Per Charge","70","","","","","","","","","","","",""
"GA05 011 6911 US","STIHL GTA30.0 w/2 - AS2 Batteries & AL5-2","T","0","STIHL","Chainsaws","T","F","GTA 30","249.99","Battery","Kit","","0","1","","","","","","","","108","Pruning Saw","AS","T","","https://www.westendpower.com/new-models/stihl-gta-30-set-wbatteries-charger-garden-pruner-29386380b","Max. Voltage","24 Volts","Mechanical Power","0.29 Kw","Bar Length","6 in.","Max. Cuts Per Charge","180","","","","","","","","","","","",""
"GA04 011 6901 US","STIHL GTA40.0 Pruner","T","0","STIHL","Chainsaws","T","F","GTA 40","299.99","Battery","Tool","","0","0","","","","","","","","109","Pruning Saw","AS","T","","https://www.westendpower.com/new-models/stihl-gta-40-unit-only-battery-garden-pruner-29386382b","Max. Voltage","24 Volts","Mechanical Power","0.41 kW","Bar Length","6 in.","Max. Cuts Per Charge","240","","","","","","","","","","","",""
"GA04 011 6911 US","STIHL GTA40.0 w/2 - AS2 Batteries & AL5-2","T","0","STIHL","Chainsaws","T","F","GTA 40","419.99","Battery","Kit","","1","0","","","","","","","","110","Pruning Saw","AS","T","","https://www.westendpower.com/new-models/stihl-gta-40-set-wbatteries-charger-garden-pruner-29386383b","Max. Voltage","24 Volts","Mechanical Power","0.41 kW","Bar Length","6 in.","Max. Cuts Per Charge","240","","","","","","","","","","","",""
"HA10 011 2911 US","STIHL HLA40 w/AS2 Battery & AL1 Charger","T","0","STIHL","Hedge Trimmers","T","F","HLA 40","199.99","Battery","Kit","","0","1","","","","","","","","115","Extended-Reach Hedge Trimmer","AS","T","","https://www.westendpower.com/new-models/stihl-hla-40-set-wbattery-charger-extended-reach-29386148b","","","","","","","","","","","","","","","","","","","",""
"HA01 011 2901 US","STIHL HLA56 Hedge Trimmer","T","0","STIHL","Hedge Trimmers","T","F","HLA 56","299.99","Battery","Tool","","0","1","","","","","","","","116","Extended-Reach Hedge Trimmer","AK","T","","https://www.westendpower.com/new-models/stihl-hla-56-unit-only-battery-powered-extended-reach-29386158b","","","","","","","","","","","","","","","","","","","",""
"HA01 200 0004","STIHL HLA56 w/AK10 Battery & AL101 Charger","T","0","STIHL","Hedge Trimmers","T","F","HLA 56","359.99","Battery","Kit","","0","1","","","","","","","","117","Extended-Reach Hedge Trimmer","AK","T","","","","","","","","","","","","","","","","","","","","","",""
"HA01 200 0037","STIHL HLA56 w/AK20 Battery & AL101 Charger","T","0","STIHL","Hedge Trimmers","T","F","HLA 56","449.99","Battery","Kit","","0","1","","","","","","","","118","Extended-Reach Hedge Trimmer","AK","T","","","","","","","","","","","","","","","","","","","","","",""
"4859 011 2911 US","STIHL HLA66 Hedge Trimmer","T","0","STIHL","Hedge Trimmers","T","F","HLA 66","409.99","Battery","Tool","","0","1","","","","","","","","119","Extended-Reach Hedge Trimmer","AP","T","","https://www.westendpower.com/new-models/stihl-hla-66-unit-only-battpowered-extended-reach-29386163b","","","","","","","","","","","","","","","","","","","",""
"4859 011 2931 US","STIHL HLA86 Hedge Trimmer","T","0","STIHL","Hedge Trimmers","T","F","HLA 86","559.99","Battery","Tool","","0","1","","","","","","","","120","Extended-Reach Hedge Trimmer","AP","T","","https://www.westendpower.com/new-models/stihl-hla-86-unit-only-battery-powered-extended-reach-29386168b","","","","","","","","","","","","","","","","","","","",""
"HA04 200 0008 US","STIHL HLA135K Hedge Trimmer","T","0","STIHL","Hedge Trimmers","T","F","HLA 135 K","529.99","Battery","Tool","","0","0","","","","","","","","122","Extended-Reach Hedge Trimmer","AP","T","","","","","","","","","","","","","","","","","","","","","",""
"HA03 011 3501 US","STIHL HSA26 Garden Shears","T","0","STIHL","Hedge Trimmers","T","F","HSA 26","119.99","Battery","Tool","","0","1","","","","","","","","128","Hedge Trimmer","AS","T","","https://www.westendpower.com/new-models/stihl-hsa-26-unit-only-hedge-trimmer-29385688b","Max. Voltage","12 Volts","Mechanical Power","0.1 kW","Shrub Blade Length","7.9 in.","Grass Blade Width","4.7 in.","Stroke Rate","2,200 Per Minute","Tooth Spacing","3/4 in.","","","","","","","",""
"HA03 011 3507 US","STIHL HSA26 w/AS2 Battery & AL1 Charger","T","0","STIHL","Hedge Trimmers","T","F","HSA 26","189.99","Battery","Kit","","1","1","","","","","","","","129","Hedge Trimmer","AS","T","","https://www.westendpower.com/new-models/stihl-hsa-26-set-wbattery-charger-hedge-trimmer-29385687b","Max. Voltage","12 Volts","Mechanical Power","0.1 kW","Shrub Blade Length","7.9 in.","Grass Blade Width","4.7 in.","Stroke Rate","2,200 Per Minute","Tooth Spacing","3/4 in.","","","","","","","",""
"HA08 011 3502 US","STIHL HSA30.0 - 18"" Hedge Trimmer ","T","0","STIHL","Hedge Trimmers","T","F","HSA 30","139.99","Battery","Tool","","0","0","","","","","","","","130","Hedge Trimmer","AS","T","","https://www.westendpower.com/new-models/stihl-hsa-30-unit-only-battery-powered-hedge-trimmer-29386045b","","","","","","","","","","","","","","","","","","","",""
"HA08 011 3509 US","STIHL HSA30.0 - 18"" w/AS2 Battery & AL1 Charger","T","0","STIHL","Hedge Trimmers","T","F","HSA 30","189.99","Battery","Kit","","0","1","","","","","","","","131","Hedge Trimmer","AS","T","","https://www.westendpower.com/new-models/stihl-hsa-30-set-wbattery-charger-hedge-trimmer-29386040b","","","","","","","","","","","","","","","","","","","",""
"HA08 011 3522 US","STIHL HSA40.0 - 20"" Hedge Trimmer","T","0","STIHL","Hedge Trimmers","T","F","HSA 40","199.99","Battery","Tool","","0","0","","","","","","","","132","Hedge Trimmer","AS","T","","https://www.westendpower.com/new-models/stihl-hsa-40-unit-only-hedge-trimmer-29386054b","","","","","","","","","","","","","","","","","","","",""
"HA08 011 3529 US","STIHL HSA40.0 - 20"" w/2 - AS2 Batteries & AL1","T","0","STIHL","Hedge Trimmers","T","F","HSA 40","229.99","Battery","Kit","","0","1","","","","","","","","133","Hedge Trimmer","AS","T","","https://www.westendpower.com/new-models/stihl-hsa-40-set-wbattery-charger-hedge-trimmer-29386050b","","","","","","","","","","","","","","","","","","","",""
"4521 011 3561 US","STIHL HSA50.1 - 20"" Hedge Trimmer","T","0","STIHL","Hedge Trimmers","T","F","HSA 50","219.99","Battery","Tool","","0","1","","","","","","","","134","Hedge Trimmer","AK","T","","https://www.westendpower.com/new-models/stihl-hsa-50-unit-only-battery-powered-hedge-trimmer-29386088b","","","","","","","","","","","","","","","","","","","",""
"4521 011 3571 US","STIHL HSA50.1 - 20"" w/AK10 Battery & AL101","T","0","STIHL","Hedge Trimmers","T","F","HSA 50","279.99","Battery","Kit","","0","1","","","","","","","","135","Hedge Trimmer","AK","T","","https://www.westendpower.com/new-models/stihl-hsa-50-set-wbattery-charger-hedge-trimmer-29386092b","","","","","","","","","","","","","","","","","","","",""
"HA06 011 3501 US","STIHL HSA60.0 - 24"" Hedge Trimmer","T","0","STIHL","Hedge Trimmers","T","F","HSA 60","319.99","Battery","Tool","","0","1","","","","","","","","136","Hedge Trimmer","AK","T","","https://www.westendpower.com/new-models/stihl-hsa-60-unit-only-battery-powered-hedge-trimmer-29386027b","","","","","","","","","","","","","","","","","","","",""
"HA06 011 3541 US","STIHL HSA60.1 - 24"" w/AK10 Battery & AL101","T","0","STIHL","Hedge Trimmers","T","F","HSA 60","409.99","Battery","Kit","","0","1","","","","","","","","137","Hedge Trimmer","AK","T","","https://www.westendpower.com/new-models/stihl-hsa-60-set-wbattery-charger-hedge-trimmer-29386030b","","","","","","","","","","","","","","","","","","","",""
"HA07 011 3531 US","STIHL HSA100.1 - 24"" Hedge Trimmer","T","0","STIHL","Hedge Trimmers","T","F","HSA 100","399.99","Battery","Tool","","0","1","","","","","","","","139","Hedge Trimmer","AP","T","","https://www.westendpower.com/new-models/stihl-hsa-100-unit-only-battery-powered-hedge-trimmer-29386095b","","","","","","","","","","","","","","","","","","","",""
"HA02 011 3501 US","STIHL HSA140.0R - 24"" Hedge Trimmer","T","0","STIHL","Hedge Trimmers","T","F","HSA 140 R","699.99","Battery","Tool","","0","0","","","","","","","","142","Hedge Trimmer","AP","T","","https://www.westendpower.com/new-models/stihl-hsa-140-runit-only-battery-powered-hedge-trimmer-29386103b","","","","","","","","","","","","","","","","","","","",""
"HA02 211 0000 US","STIHL HSA140.0R - 24"" w/AP200S Battery & AL301","T","0","STIHL","Hedge Trimmers","T","F","HSA 140 R","1039.99","Battery","Kit","","0","0","","","","","","","","143","Hedge Trimmer","AP","T","","","","","","","","","","","","","","","","","","","","","",""
"HA02 011 3511 US","STIHL HSA140.0T - 24"" Hedge Trimmer","T","0","STIHL","Hedge Trimmers","T","F","HSA 140 T","699.99","Battery","Tool","","0","1","","","","","","","","144","Hedge Trimmer","AP","T","","https://www.westendpower.com/new-models/stihl-hsa-140-tunit-only-battery-powered-hedge-trimmer-29386099b","","","","","","","","","","","","","","","","","","","",""
"HA02 011 3521 US","STIHL HSA150.0R - 30"" Hedge Trimmer","T","0","STIHL","Hedge Trimmers","T","F","HSA 150 R","789.99","Battery","Tool","","0","0","","","","","","","","146","Hedge Trimmer","AP","T","","https://www.westendpower.com/new-models/stihl-hsa-150-runit-only-battery-powered-hedge-trimmer-29386143b","","","","","","","","","","","","","","","","","","","",""
"HA02 211 0002 US","STIHL HSA150.0R - 30"" w/AP200 Battery & AL301","T","0","STIHL","Hedge Trimmers","T","F","HSA 150 R","1099.99","Battery","Kit","","0","0","","","","","","","","147","Hedge Trimmer","AP","T","","","","","","","","","","","","","","","","","","","","","",""
"HA02 011 3531 US","STIHL HSA150.0T - 30"" Hedge Trimmer","T","0","STIHL","Hedge Trimmers","T","F","HSA 150 T","789.99","Battery","Tool","","0","0","","","","","","","","148","Hedge Trimmer","AP","T","","","","","","","","","","","","","","","","","","","","","",""
"HA02 211 0003 US","STIHL HSA150.0T - 30"" w/AP200S Battery & AL301","T","0","STIHL","Hedge Trimmers","T","F","HSA 150 T","1099.99","Battery","Kit","","0","0","","","","","","","","149","Hedge Trimmer","AP","T","","","","","","","","","","","","","","","","","","","","","",""
"HA02 011 3537 US","STIHL HSA150.0T - 40"" Hedge Trimmer","T","0","STIHL","Hedge Trimmers","T","F","HSA 150 T","849.99","Battery","Tool","","0","0","","","","","","","","150","Hedge Trimmer","AP","T","","","","","","","","","","","","","","","","","","","","","",""
"HA02 211 0004 US","STIHL HSA150.0T - 40"" w/AP200S Battery & AL301","T","0","STIHL","Hedge Trimmers","T","F","HSA 150 T","1129.99","Battery","Kit","","0","0","","","","","","","","151","Hedge Trimmer","AP","T","","","","","","","","","","","","","","","","","","","","","",""
"LA02 011 6401 US","STIHL HTA50.0 Pole Pruner","T","0","STIHL","Pole Pruners","T","F","HTA 50","239.99","Battery","Tool","","0","1","","","","","","","","155","Pole Pruner","AK","T","","https://www.westendpower.com/new-models/stihl-hta-50-unit-only-29388199b","","","","","","","","","","","","","","","","","","","",""
"LA02 200 0018","STIHL HTA50 w/AK20 Battery & AL101 Charger","T","0","STIHL","Pole Pruners","T","F","HTA 50","429.99","Battery","Kit","","0","1","","","","","","","","156","Pole Pruner","AK","T","","","","","","","","","","","","","","","","","","","","","",""
"LA03 011 6411 US","STIHL HTA66 Pole Pruner","T","0","STIHL","Pole Pruners","T","F","HTA 66","399.99","Battery","Tool","","0","0","","","","","","","","157","Pole Pruner","AP","T","","https://www.westendpower.com/new-models/stihl-hta-66-battery-powered-pole-pruner-29385047b","","","","","","","","","","","","","","","","","","","",""
"LA03 011 6431 US","STIHL HTA86 Pole Pruner","T","0","STIHL","Pole Pruners","T","F","HTA 86","609.99","Battery","Tool","","0","1","","","","","","","","158","Pole Pruner","AP","T","","https://www.westendpower.com/new-models/stihl-hta-86-battery-powered-pole-pruner-29385051b","","","","","","","","","","","","","","","","","","","",""
"LA01 200 0001 US","STIHL HTA135 Pole Pruner","T","0","STIHL","Pole Pruners","T","F","HTA 135","689.99","Battery","Tool","","0","0","","","","","","","","159","Pole Pruner","AP","T","","https://www.westendpower.com/new-models/stihl-hta-135-battery-powered-pole-pruner-29385026b","","","","","","","","","","","","","","","","","","","",""
"LA01 200 0024 US","STIHL HTA150.0 Pole Pruner","T","0","STIHL","Pole Pruners","T","F","HTA 150","719.99","Battery","Tool","","0","0","","","","","","","","160","Pole Pruner","AP","T","","https://www.westendpower.com/new-models/stihl-hta-150-battery-powered-pole-pruner-29385053b","","","","","","","","","","","","","","","","","","","",""
"4860 011 4707 US","STIHL KGA770.0 Sweeper","T","0","STIHL","Sweepers","T","F","KGA 770","1039.99","Battery","Tool","","0","0","","","","","","","","164","Sweeper","AP","T","","https://www.westendpower.com/new-models/stihl-kga-770-unit-only-29387363b","","","","","","","","","","","","","","","","","","","",""
"FA08 011 6801 US","STIHL KMA80.0R KombiMotor ","T","0","STIHL","KombiSystem","T","F","KMA 80 R","239.99","Battery","Tool","","0","1","","","","","","","","167","KombiMotor","AK","T","","https://www.westendpower.com/new-models/stihl-kma-80-r-unit-only-battery-kombisystem-29386325b","","","","","","","","","","","","","","","","","","","",""
"FA08 011 6810 US","STIHL KMA80.0R w/AK30 Battery & AL101","T","0","STIHL","KombiSystem","T","F","KMA 80 R","379.99","Battery","Kit","","0","1","","","","","","","","168","KombiMotor","AK","T","","https://www.westendpower.com/new-models/stihl-kma-80-r-set-battery-charger-only-kombisystem-29386329b","","","","","","","","","","","","","","","","","","","",""
"FA08 011 6811 US","STIHL KMA80.0R w/FS-KM, AK30 & AL101","T","0","STIHL","KombiSystem","T","F","KMA 80 R","429.99","Battery","Kit","","0","1","","","","","","","","169","KombiMotor","AK","T","","https://www.westendpower.com/new-models/stihl-kma-80-r-set-battery-charger-only-kombisystem-29386329b","","","","","","","","","","","","","","","","","","","",""
"FA08 011 6821 US","STIHL KMA120.0R KombiMotor ","T","0","STIHL","KombiSystem","T","F","KMA 120 R","359.99","Battery","Tool","","0","1","","","","","","","","170","KombiMotor","AP","T","","https://www.westendpower.com/new-models/stihl-kma-120-r-unit-only-battery-kombisystem-29386338b","","","","","","","","","","","","","","","","","","","",""
"FA08 011 6833 US","STIHL KMA120.0R w/AP300S Battery & AL301","T","0","STIHL","KombiSystem","T","F","KMA 120 R","869.99","Battery","Kit","","0","1","","","","","","","","171","KombiMotor","AP","T","","https://www.westendpower.com/new-models/stihl-kma-120-r-set-wbatt-charger-fs-km-kombisystem-29386343b","","","","","","","","","","","","","","","","","","","",""
"FA02 011 6801 US","STIHL KMA135R KombiMotor ","T","0","STIHL","KombiSystem","T","F","KMA 135 R","439.99","Battery","Tool","","0","1","","","","","","","","172","KombiMotor","AP","T","","","","","","","","","","","","","","","","","","","","","",""
"FA03 011 6801 US","STIHL KMA200R KombiMotor ","T","0","STIHL","KombiSystem","T","F","KMA 200 R","579.99","Battery","Tool","","0","0","","","","","","","","173","KombiMotor","AP","T","","https://www.westendpower.com/new-models/stihl-kma-200-r-unit-only-battery-kombisystem-29386350b","","","","","","","","","","","","","","","","","","","",""
"SA06 011 8201 US","STIHL KOA20 Battery Air Inflator","T","0","STIHL","Inflators","T","F","KOA 20","119.99","Battery","Tool","","0","0","","","","","","","","176","Air Inflater","AS","T","","https://www.westendpower.com/new-models/stihl-koa-20-unit-only-29386546b","","","","","","","","","","","","","","","","","","","",""
"SA06 011 8211 US","STIHL KOA20 w/AS2 Battery & AL1 Charger","T","0","STIHL","Inflators","T","F","KOA 20","199.99","Battery","Kit","","0","1","","","","","","","","177","Air Inflater","AS","T","","https://www.westendpower.com/new-models/stihl-koa-20-set-wbattery-charger-29386548b","","","","","","","","","","","","","","","","","","","",""
"MA04 011 5867 US","STIHL MSA60.0C-B w/AK20 Battery & AL101","T","0","STIHL","Chainsaws","T","F","MSA 60 C-B","349.99","Battery","Kit","","1","1","","","","","","","","182","Chainsaw","AK","T","","https://www.westendpower.com/new-models/stihl-msa-60-c-b-set-wbattery-charger-chainsaw-29381600b","","","","","","","","","","","","","","","","","","","",""
"MA04 011 5817 US","STIHL MSA70.0C-B Chainsaw w/12""","T","0","STIHL","Chainsaws","T","F","MSA 70 C-B","349.99","Battery","Tool","","1","1","","","","","","","","183","Chainsaw","AK","T","","https://www.westendpower.com/new-models/stihl-msa-70-c-b-unit-only-battery-powered-chainsaw-29381558b","","","","","","","","","","","","","","","","","","","",""
"MA04 011 5877 US","STIHL MSA70.0C-B Chainsaw w/12""","T","0","STIHL","Chainsaws","T","F","MSA 70 C-B","379.99","Battery","Tool","","1","1","","","","","","","","184","Chainsaw","AK","T","","https://www.westendpower.com/new-models/stihl-msa-70-c-b-unit-only-battery-powered-chainsaw-29381558b","","","","","","","","","","","","","","","","","","","",""
"MA04 011 5883 US","STIHL MSA70.0C-B w/AK30 Battery & AL101","T","0","STIHL","Chainsaws","T","F","MSA 70 C-B","399.99","Battery","Kit","","1","1","","","","","","","","185","Chainsaw","AK","T","","https://www.westendpower.com/new-models/stihl-msa-70-c-b-set-wak-30-battery-powered-chainsaw-29381562b","","","","","","","","","","","","","","","","","","","",""
"MA04 011 5845 US","STIHL MSA80.0C-B Chainsaw w/14""","T","0","STIHL","Chainsaws","T","F","MSA 80 C-B","429.99","Battery","Tool","","0","1","","","","","","","","186","Chainsaw","AK","T","","https://www.westendpower.com/new-models/stihl-msa-80-c-b-unit-only-battery-powered-chainsaw-29381639b","","","","","","","","","","","","","","","","","","","",""
"MA04 011 5835 US","STIHL MSA80.0C-B w/AK30S Battery & AL101","T","0","STIHL","Chainsaws","T","F","MSA 80 C-B","499.99","Battery","Kit","STIHL MSA80C-B Fall Chain Saw Sale","0","1","","","","2026-12-31","449.99","2026-08-01","","187","Chainsaw","AK","T","","https://www.westendpower.com/new-models/stihl-msa-80-c-b-set-battery-powered-chainsaw-29381643b","","","","","","","","","","","","","","","","","","","",""
"1254 011 5871 US","STIHL MSA120C-BQ Chainsaw","T","0","STIHL","Chainsaws","T","F","MSA 120 C-BQ","299.99","Battery","Tool","","0","0","","","","","","","","188","Chainsaw","AK","T","","","","","","","","","","","","","","","","","","","","","",""
"MA03 200 0002","STIHL MSA160C-B Chainsaw w/12""","T","0","STIHL","Chainsaws","T","F","MSA 160 C- B","399.99","Battery","Tool","","0","0","","","","","","","","189","Chainsaw","AP","T","","","","","","","","","","","","","","","","","","","","","",""
"MA03 200 0044","STIHL MSA160C-B Chainsaw w/14""","T","0","STIHL","Chainsaws","T","F","MSA 160 C- B","409.99","Battery","Tool","","0","0","","","","","","","","190","Chainsaw","AP","T","","","","","","","","","","","","","","","","","","","","","",""
"MA03 200 0008","STIHL MSA200.0C-B Saw w/12"" Light","T","0","STIHL","Chainsaws","T","F","MSA 200 C-B","399.99","Battery","Tool","","0","0","","","","","","","","191","Chainsaw","AP","T","","","","","","","","","","","","","","","","","","","","","",""
"MA03 200 0007","STIHL MSA200.0C-B Saw w/14"" Light","T","0","STIHL","Chainsaws","T","F","MSA 200 C-B","409.99","Battery","Tool","","0","1","","","","","","","","192","Chainsaw","AP","T","","","","","","","","","","","","","","","","","","","","","",""
"MA03 200 0043","STIHL MSA200.0C-B Saw w/16"" Light","T","0","STIHL","Chainsaws","T","F","MSA 200 C-B","419.99","Battery","Tool","","0","0","","","","","","","","193","Chainsaw","AP","T","","","","","","","","","","","","","","","","","","","","","",""
"MA03 200 0015","STIHL MSA220.0C-B Saw w/14"" Light","T","0","STIHL","Chainsaws","T","F","MSA 220 C-B","439.99","Battery","Tool","","0","0","","","","","","","","194","Chainsaw","AP","T","","","","","","","","","","","","","","","","","","","","","",""
"MA03 200 0014","STIHL MSA220.0C-B Saw w/16"" Light","T","0","STIHL","Chainsaws","T","F","MSA 220 C-B","449.99","Battery","Tool","","0","1","","","","","","","","195","Chainsaw","AP","T","","","","","","","","","","","","","","","","","","","","","",""
"MA03 200 0016","STIHL MSA220.0C-B Saw w/18"" Light","T","0","STIHL","Chainsaws","T","F","MSA 220 C-B","459.99","Battery","Tool","","0","1","","","","","","","","196","Chainsaw","AP","T","","","","","","","","","","","","","","","","","","","","","",""
"MA02 200 0058","STIHL MSA300 Saw w/16"" Light","T","0","STIHL","Chainsaws","T","F","MSA 300","859.99","Battery","Tool","","0","0","","","","","","","","200","Chainsaw","AP","T","","","","","","","","","","","","","","","","","","","","","",""
"MA02 200 0059","STIHL MSA300 Saw w/18"" Light","T","0","STIHL","Chainsaws","T","F","MSA 300","869.99","Battery","Tool","","0","0","","","","","","","","201","Chainsaw","AP","T","","","","","","","","","","","","","","","","","","","","","",""
"MA02 200 0060","STIHL MSA300 Saw w/20"" Light","T","0","STIHL","Chainsaws","T","F","MSA 300","879.99","Battery","Tool","","0","1","","","","","","","","202","Chainsaw","AP","T","","","","","","","","","","","","","","","","","","","","","",""
"1252 200 0048","STIHL MSA161T Saw w/12""","T","0","STIHL","Chainsaws","T","F","MSA 161 T","329.99","Battery","Tool","","0","0","","","","","","","","208","In-Tree Chainsaw","AP","T","","","","","","","","","","","","","","","","","","","","","",""
"MA05 200 0017","STIHL MSA190.0T Saw w/12"" Light","T","0","STIHL","Chainsaws","T","F","MSA 190 T","399.99","Battery","Tool","","0","0","","","","","","","","209","In-Tree Chainsaw","AP","T","","https://www.westendpower.com/new-models/stihl-msa-190-t-unit-only-battery-powered-chainsaw-29381765b","","","","","","","","","","","","","","","","","","","",""
"MA05 200 0014","STIHL MSA190.0T","T","0","STIHL","Chainsaws","T","F","MSA 190 T","409.99","Battery","Tool","","0","0","","","","","","","","210","In-Tree Chainsaw","AP","T","","https://www.westendpower.com/new-models/stihl-msa-190-t-unit-only-battery-powered-chainsaw-29381765b","","","","","","","","","","","","","","","","","","","",""
"MA05 200 0018","STIHL MSA190.0T Saw w/14"" Light","T","0","STIHL","Chainsaws","T","F","MSA 190 T","409.99","Battery","Tool","","0","0","","","","","","","","211","In-Tree Chainsaw","AP","T","","https://www.westendpower.com/new-models/stihl-msa-190-t-unit-only-battery-powered-chainsaw-29381765b","","","","","","","","","","","","","","","","","","","",""
"MA01 200 0056","STIHL MSA220TC-O Saw w/12""","T","0","STIHL","Chainsaws","T","F","MSA 220 TC-O","449.99","Battery","Tool","","0","0","","","","","","","","212","In-Tree Chainsaw","AP","T","","","","","","","","","","","","","","","","","","","","","",""
"MA01 200 0033","STIHL MSA220TC-O Saw w/12""","T","0","STIHL","Chainsaws","T","F","MSA 220 TC-O","449.99","Battery","Tool","","0","0","","","","","","","","213","In-Tree Chainsaw","AP","T","","","","","","","","","","","","","","","","","","","","","",""
"MA01 200 0034","STIHL MSA220TC-O Saw w/12"" Light","T","0","STIHL","Chainsaws","T","F","MSA 220 TC-O","469.99","Battery","Tool","","0","0","","","","","","","","214","In-Tree Chainsaw","AP","T","","","","","","","","","","","","","","","","","","","","","",""
"MA01 200 0057","STIHL MSA220TC-O Saw w/14""","T","0","STIHL","Chainsaws","T","F","MSA 220 TC-O","459.99","Battery","Tool","","0","0","","","","","","","","215","In-Tree Chainsaw","AP","T","","","","","","","","","","","","","","","","","","","","","",""
"MA01 200 0014","STIHL MSA220TC-O Saw w/14""","T","0","STIHL","Chainsaws","T","F","MSA 220 TC-O","459.99","Battery","Tool","","0","0","","","","","","","","216","In-Tree Chainsaw","AP","T","","","","","","","","","","","","","","","","","","","","","",""
"MA01 200 0035","STIHL MSA220TC-O Saw w/14"" Light","T","0","STIHL","Chainsaws","T","F","MSA 220 TC-O","479.99","Battery","Tool","","0","1","","","","","","","","217","In-Tree Chainsaw","AP","T","","","","","","","","","","","","","","","","","","","","","",""
"MA01 200 0058","STIHL MSA220TC-O Saw w/16""","T","0","STIHL","Chainsaws","T","F","MSA 220 TC-O","469.99","Battery","Tool","","0","0","","","","","","","","218","In-Tree Chainsaw","AP","T","","","","","","","","","","","","","","","","","","","","","",""
"MA01 200 0016","STIHL MSA220TC-O Saw w/16""","T","0","STIHL","Chainsaws","T","F","MSA 220 TC-O","469.99","Battery","Tool","","0","0","","","","","","","","219","In-Tree Chainsaw","AP","T","","","","","","","","","","","","","","","","","","","","","",""
"MA01 200 0036","STIHL MSA220TC-O Saw w/16"" Light","T","0","STIHL","Chainsaws","T","F","MSA 220 TC-O","489.99","Battery","Tool","","0","0","","","","","","","","220","In-Tree Chainsaw","AP","T","","","","","","","","","","","","","","","","","","","","","",""
"GA08 011 8001 US","STIHL PS1.0 Power Bank, Charger, LED Flashlight","T","0","STIHL","Power Supply","T","F","PS 1","59.99","Battery","Tool","","0","0","","","","","","","","223","Power Station","AS","T","","","","","","","","","","","","","","","","","","","","","",""
"GA09 811 8001 US","STIHL PS2000 120V Power Station","T","0","STIHL","Power Supply","T","F","PS 2000","0","Battery","Tool","","0","0","","","","","","","","224","Power Station","Electric","T","","","","","","","","","","","","","","","","","","","","","",""
"RA02 011 7601 US","STIHL RCA20 Handheld Washer","T","0","STIHL","Pressure Washers","T","F","RCA 20","209.99","Battery","Tool","","0","0","","","","","","","","227","Pressure Washer","AS","T","","https://www.westendpower.com/new-models/stihl-rca-20-battery-pressure-washer-unit-only-29386481b","","","","","","","","","","","","","","","","","","","",""
"RA02 011 7611 US","STIHL RCA20 w/2 - AS2 Battery & AL1 Charger","T","0","STIHL","Pressure Washers","T","F","RCA 20","279.99","Battery","Kit","","0","0","","","","","","","","228","Pressure Washer","AS","T","","https://www.westendpower.com/new-models/stihl-rca-20-battery-pressure-washer-set-wbc-29386489b","","","","","","","","","","","","","","","","","","","",""
"RA01 011 7603 US","STIHL REA60 Plus Pressure Washer","T","0","STIHL","Pressure Washers","T","F","REA 60","299.99","Battery","Tool","","0","1","","","","","","","","231","Pressure Washer","AK","T","","https://www.westendpower.com/new-models/stihl-rea-60-plus-unit-only-29386495b","","","","","","","","","","","","","","","","","","","",""
"RA01 011 7623 US","STIHL REA60 Plus w/AK30S Battery & AL101","T","0","STIHL","Pressure Washers","T","F","REA 60","489.99","Battery","Kit","","0","1","","","","","","","","232","Pressure Washer","AK","T","","https://www.westendpower.com/new-models/stihl-rea-60-set-wbattery-charger-29386503b","","","","","","","","","","","","","","","","","","","",""
"RA01 011 7633 US","STIHL REA100 Plus w/AP300S Battery & AL301","T","0","STIHL","Pressure Washers","T","F","REA 100","749.99","Battery","Kit","","0","1","","","","","","","","234","Pressure Washer","AP","T","","https://www.westendpower.com/new-models/stihl-rea-100-set-wbattery-charger-29386515b","","","","","","","","","","","","","","","","","","","",""
"WA31 011 1400 US","STIHL RMA348.0 Walk-Behind Mower","T","0","STIHL","Lawn Mowers","T","T","RMA 348","299.99","Battery","Tool","","0","0","","","","","","","","237","Walk-Behind Mower","AK","T","","https://www.westendpower.com/new-models/stihl-rma-348-unit-only-battery-powered-lawn-mower-29381255b","","","","","","","","","","","","","","","","","","","",""
"WA31 211 0000 US","STIHL RMA348.0 w/AK30S Battery & AL101 Charger","T","0","STIHL","Lawn Mowers","T","T","RMA 348","399.99","Battery","Kit","","0","0","","","","","","","","238","Walk-Behind Mower","AL","T","","","","","","","","","","","","","","","","","","","","","",""
"WA31 011 1420 US","STIHL RMA348.0V Walk-Behind Mower","T","0","STIHL","Lawn Mowers","T","T","RMA 348 V","349.99","Battery","Tool","","0","0","","","","","","","","239","Walk-Behind Mower","AL","T","","","","","","","","","","","","","","","","","","","","","",""
"WA31 211 0001 US","STIHL RMA348.0V w/AK30S Battery & AL101","T","0","STIHL","Lawn Mowers","T","T","RMA 348 V","449.99","Battery","Kit","","0","0","","","","","","","","240","Walk-Behind Mower","AL","T","","","","","","","","","","","","","","","","","","","","","",""
"WA41 011 1450 US","STIHL RMA448V Walk-Behind Mower","T","0","STIHL","Lawn Mowers","T","T","RMA 448 V","599.99","Battery","Tool","","0","0","","","","","","","","241","Walk-Behind Mower","AL","T","","","","","","","","","","","","","","","","","","","","","",""
"WA41 211 0000 US","STIHL RMA448V w/AK30S Battery & AL101 Charger","T","0","STIHL","Lawn Mowers","T","T","RMA 448 V","699.99","Battery","Kit","","0","0","","","","","","","","242","Walk-Behind Mower","AL","T","","","","","","","","","","","","","","","","","","","","","",""
"WA42 011 1430 US","STIHL RMA453PV Walk-Behind Mower","T","0","STIHL","Lawn Mowers","T","T","RMA 453 PV","899.99","Battery","Tool","","0","0","","","","","","","","243","Walk-Behind Mower","AP","T","","https://www.westendpower.com/new-models/stihl-rma-453-pv-unit-only-battery-powered-lawn-mower-29381311b","","","","","","","","","","","","","","","","","","","",""
"WA42 211 0000 US","STIHL RMA453PV w/AP300S Battery & AL301","T","0","STIHL","Lawn Mowers","T","T","RMA 453 PV","1199.99","Battery","Kit","","0","0","","","","","","","","244","Walk-Behind Mower","AP","T","","https://www.westendpower.com/new-models/stihl-rma-453-pv-set-battery-powered-lawn-mower-29381315b","","","","","","","","","","","","","","","","","","","",""
"6372 011 1400 US","STIHL RMA510 Walk-Behind Mower","T","0","STIHL","Lawn Mowers","T","T","RMA 510","329.99","Battery","Tool","","0","0","","","","","","","","246","Walk-Behind Mower","AP","T","","https://www.westendpower.com/new-models/stihl-rma-510-unit-only-battery-powered-lawn-mower-29381322b","","","","","","","","","","","","","","","","","","","",""
"6372 200 0003","STIHL RMA510 Walk-Behind Mower","T","0","STIHL","Lawn Mowers","T","T","RMA 510","319.95","Battery","Tool","","0","0","","","","","","","","247","Walk-Behind Mower","AP","T","","https://www.westendpower.com/new-models/stihl-rma-510-unit-only-battery-powered-lawn-mower-29381322b","","","","","","","","","","","","","","","","","","","",""
"6372 200 0047","STIHL RMA510 w/AP300S Battery & AL301 Charger","T","0","STIHL","Lawn Mowers","T","T","RAM 510","699.99","Battery","Kit","","0","0","","","","","","","","248","Walk-Behind Mower","AP","T","","","","","","","","","","","","","","","","","","","","","",""
"6372 011 1410 US","STIHL RMA510V Walk-Behind Mower","T","0","STIHL","Lawn Mowers","T","T","RMA 510 V","539.99","Battery","Tool","","0","1","","","","","","","","249","Walk-Behind Mower","AP","T","","https://www.westendpower.com/new-models/stihl-rma-510-v-unit-only-battery-powered-lawn-mower-29381464b","","","","","","","","","","","","","","","","","","","",""
"6372 200 0050","STIHL RMA510V w/AP300S Battery & AL101","T","0","STIHL","Lawn Mowers","T","T","RMA 510 V","749.99","Battery","Kit","","0","1","","","","","","","","250","Walk-Behind Mower","AP","T","","https://www.westendpower.com/new-models/stihl-rma-510-v-wap-300-battery-powered-lawn-mower-29381472b","","","","","","","","","","","","","","","","","","","",""
"6372 200 0048","STIHL RMA510V w/AP300S Battery & AL301","T","0","STIHL","Lawn Mowers","T","T","RMA 510 V","799.99","Battery","Kit","","0","1","","","","","","","","251","Walk-Behind Mower","AP","T","","https://www.westendpower.com/new-models/stihl-rma-510-v-wap-300-battery-powered-lawn-mower-29381472b","","","","","","","","","","","","","","","","","","","",""
"WA72 011 1403 US","STIHL RMA7.0RV Walk-Behind Mower","T","0","STIHL","Lawn Mowers","T","T","RMA 7 RV","2299.99","Battery","Tool","","0","0","","","","","","","","252","Walk-Behind Mower","AP","T","","https://www.westendpower.com/new-models/stihl-rma-7-rv-unit-only-battery-mulching-lawn-mower-29381476b","","","","","","","","","","","","","","","","","","","",""
"WA72 211 0000 US","STIHL RMA7.0RV w/2 Each of AP500S & AL301","T","0","STIHL","Lawn Mowers","T","T","RMA 7 RV","2999.99","Battery","Kit","","0","0","","","","","","","","253","Walk-Behind Mower","AP","T","","https://www.westendpower.com/new-models/stihl-rma-7-rv-set-battery-mulching-lawn-mower-29381477b","","","","","","","","","","","","","","","","","","","",""
"WA71 211 0000 US","STIHL RMA756.0V w/2 Each of AP500S & AL301","T","0","STIHL","Lawn Mowers","T","T","RMA 756 V","3299.99","Battery","Kit","","0","0","","","","","","","","255","Walk-Behind Mower","AP","T","","","","","","","","","","","","","","","","","","","","","",""
"6392 011 1415 US","STIHL RMA765V Walk-Behind Mower","T","0","STIHL","Lawn Mowers","T","T","RMA 765 V","2469.99","Battery","Tool","","0","0","","","","","","","","256","Walk-Behind Mower","AP","T","","https://www.westendpower.com/new-models/stihl-rma-765-v-unit-only-battery-powered-lawn-mower-29381483b","","","","","","","","","","","","","","","","","","","",""
"6392 200 0022","STIHL RMA765V w/AR3000L Battery & AL501","T","0","STIHL","Lawn Mowers","T","T","RMA 765 V","3909.99","Battery","Kit","","0","0","","","","","","","","257","Walk-Behind Mower","AP","T","","","","","","","","","","","","","","","","","","","","","",""
"SA03 011 7301 US","STIHL SEA20.0 Vacuum","T","0","STIHL","Vacuums","T","F","SEA 20","109.99","Battery","Tool","","0","0","","","","","","","","260","Vacuum","AS","T","","https://www.westendpower.com/new-models/stihl-sea-20-battery-handheld-vacuum-unit-only-29386520b","","","","","","","","","","","","","","","","","","","",""
"SA03 011 7311 US","STIHL SEA20.0 w/AS2 Battery & AL1 Charger","T","0","STIHL","Vacuums","T","F","SEA 20","179.99","Battery","Kit","","1","1","","","","","","","","261","Vacuum","AS","T","","https://www.westendpower.com/new-models/stihl-sea-20-handheld-vacuum-set-wbattery-charger-29386529b","","","","","","","","","","","","","","","","","","","",""
"SA04 011 7303 US","STIHL SEA60 Wet / Dry Vacuum","T","0","STIHL","Vacuums","T","F","SEA 60","239.99","Battery","Tool","","0","0","","","","","","","","262","Vacuum","AK","T","","https://www.westendpower.com/new-models/stihl-sea-60-unit-only-battery-powered-wetdry-vacuum-29386530b","","","","","","","","","","","","","","","","","","","",""
"SA04 211 0000 US","STIHL SEA60 w/AK20 Battery & AL101 Charger","T","0","STIHL","Vacuums","T","F","SEA 60","439.99","Battery","Kit","","0","0","","","","","","","","263","Vacuum","AK","T","","","","","","","","","","","","","","","","","","","","","",""
"SA04 011 7313 US","STIHL SEA100 Wet / Dry Vacuuum","T","0","STIHL","Vacuums","T","F","SEA 100","319.99","Battery","Tool","","0","0","","","","","","","","264","Vacuum","AP","T","","https://www.westendpower.com/new-models/stihl-sea-100-battery-vacuum-unit-only-wetdry-vacuum-29386534b","","","","","","","","","","","","","","","","","","","",""
"SA04 211 0002 US","STIHL SEA100.0 w/AP300 Battery & AL301","T","0","STIHL","Vacuums","T","F","SEA 100","499.99","Battery","Kit","","0","0","","","","","","","","265","Vacuum","AP","T","","","","","","","","","","","","","","","","","","","","","",""
"KA03 211 0000 US","STIHL SFA120 w/AP200P Battery and AL301 ","T","0","STIHL","Snow Blowers","T","F","SFA 120","899.99","Battery","Kit","","0","0","","","","","","","","269","Snow Blower","AP","T","","","","","","","","","","","","","","","","","","","","","",""
"SA09 011 7011 US","STIHL SGA30.0 w/AS2 Battery & AL1 Charger","T","0","STIHL","Sprayers","T","F","SGA 30","199.99","Battery","Kit","","0","1","","","","","","","","272","Sprayer","AS","T","","https://www.westendpower.com/new-models/stihl-sga-30-battery-sprayer-set-wbattery-charger-29386381b","","","","","","","","","","","","","","","","","","","",""
"SA10 011 7011 US","STIHL SGA60.0 w/AK10 Battery & AL101 Charger","T","0","STIHL","Sprayers","T","F","SGA 60","309.99","Battery","Kit","","0","1","","","","","","","","273","Sprayer","AK","T","","https://www.westendpower.com/new-models/stihl-sga-60-battery-sprayer-set-wbattery-charger-29386386b","","","","","","","","","","","","","","","","","","","",""
"SA02 011 7101 US","STIHL SHA56 Vacuum","T","0","STIHL","Vacuums","T","F","SHA 56","299.99","Battery","Tool","","0","0","","","","","","","","280","Shredder Vac","AK","T","","https://www.westendpower.com/new-models/stihl-sha-56-unit-only-29386367b","","","","","","","","","","","","","","","","","","","",""
"SA02 200 0011","STIHL SHA56 w/AK20 Battery & AL101 Charger","T","0","STIHL","Vacuums","T","F","SHA 56","469.99","Battery","Kit","","0","0","","","","","","","","281","Shredder Vac","AK","T","","","","","","","","","","","","","","","","","","","","","",""
"SA07 011 7101 US","STIHL SHA140 Battery Shredder Vac","T","0","STIHL","Vacuums","T","F","SHA 140","359.99","Battery","Tool","","0","0","","","","","","","","282","Shredder Vac","AP","T","","https://www.westendpower.com/new-models/stihl-sha-140-unit-only-29386370b","","","","","","","","","","","","","","","","","","","",""
"4864 011 6621 US","STIHL TSA230.1 - 9"" Cutquik","T","0","STIHL","Cut-Off Saws","T","F","TSA 230","649.99","Battery","Tool","","0","0","","","","","","","","289","Cut-Off Saw","AP","T","","https://www.westendpower.com/new-models/stihl-tsa-230-battery-stihl-cutquik-29385551b","","","","","","","","","","","","","","","","","","","",""
"TA02 011 6601 US","STIHL TSA300 - 12"" Cutquik","T","0","STIHL","Cut-Off Saws","T","F","TSA 300","959.99","Battery","Tool","","0","0","","","","","","","","290","Cut-Off Saw","AP","T","","https://www.westendpower.com/new-models/stihl-tsa-300-stihl-cutquik-unit-only-29385556b","","","","","","","","","","","","","","","","","","","",""
"TA03 011 6601 US","STIHL TSA350 - 14"" Cutquik","T","0","STIHL","Cut-Off Saws","T","F","TSA 350","0","Battery","Tool","","0","0","","","","","","","","291","Cut-Off Saw","AP","T","","","","","","","","","","","","","","","","","","","","","",""
"TA01 011 6601 US","STIHL TSA500 - 14"" Cutquik","T","0","STIHL","Cut-Off Saws","T","F","TSA 500","0","Battery","Tool","","0","0","","","","","","","","292","Cut-Off Saw","AP","T","","https://www.westendpower.com/new-models/stihl-tsa-500-battery-stihl-cutquik-unit-only-29385558b","","","","","","","","","","","","","","","","","","","",""
"SA09 011 8511 US","STIHL WSA40.0 w/AS2 Battery & AL1 Charger","T","0","STIHL","Water Tanks","T","F","WSA 40","209.99","Battery","Kit","","0","0","","","","","","","","295","Water Tank","AS","T","","","","","","","","","","","","","","","","","","","","","",""
"4229 011 1722 US","STIHL BG50 Hand-Held Blower","T","0","STIHL","Blowers","T","F","BG 50","179.99","Gas","Tool","","0","1","","","","","","","","298","Handheld Blower","Gas","T","images/Products/BG50.jpg","","Engine","27.2 cc / 1.7 cu. in.","Mechanical Power","0.7 kW","Power Output","0.9 bhp","Max. Air Velocity","159 mph","Air Volume","412 cfm","Blowing Force","13 Newtons","Sound Level","70 dB(A)","","","","","",""
"4241 011 1755 US","STIHL BG56C-E Hand-Held Blower","T","0","STIHL","Blowers","T","F","BG 56 C-E","239.99","Gas","Tool","","0","1","","","","","","","","299","Handheld Blower","Gas","T","images/Products/BG56C-E.jpg","","Engine","27.2 cc / 1.7 cu. in.","Mechanical Power","0.7 kW","Power Output","0.9 bhp","Max. Air Velocity","159 mph","Air Volume","412 cfm","Blowing Force","13 Newtons","Sound Level","70 dB(A)","","","","","",""
"4241 011 1763 US","STIHL BG86 Hand-Held Blower","T","0","STIHL","Blowers","T","F","BG 86","329.99","Gas","Tool","","1","1","","","","","","","","300","Handheld Blower","Gas","T","images/Products/BG86.jpg","","Engine","27.2 cc / 1.7 cu. in.","Mechanical Power","0.8 kW","Power Output","1.1 bhp","Max. Air Velocity","199 mph","Air Volume","444 cfm","Blowing Force","15 Newtons","Sound Level","70 dB(A)","","","","","",""
"4241 011 1764 US","STIHL BG86C-E Hand-Held Blower","T","0","STIHL","Blowers","T","F","BG 86 C-E","349.99","Gas","Tool","","0","1","","","","","","","","301","Handheld Blower","Gas","T","images/Products/BG86C-E.jpg","","Engine","27.2 cc / 1.7 cu. in.","Mechanical Power","0.8 kW","Power Output","1.1 bhp","Max. Air Velocity","199 mph","Air Volume","444 cfm","Blowing Force","15 Newtons","Sound Level","70 dB(A)","","","","","",""
"4241 011 1606 US","STIHL BR200 Back-Pack Blower","T","0","STIHL","Blowers","T","F","BR 200","409.99","Gas","Tool","","0","1","","","","","","","","304","Backpack Blower","Gas","T","images/Products/BR200.jpg","","Engine","27.2 cc / 1.7 cu. in.","Mechanical Power","0.8 kW","Power Output","1.1 bhp","Max. Air Velocity","150 mph","Air Volume","400 cfm","Blowing Force","12 Newtons","Sound Level","70 dB(A)","","","","","",""
"4244 011 1621 US","STIHL BR430 Back-Pack Blower","T","0","STIHL","Blowers","T","F","BR 430","449.99","Gas","Tool","","1","1","","","","","","","","306","Backpack Blower","Gas","T","images/Products/BR430.jpg","","Engine","63.3 cc / 3.9 cu. in.","Mechanical Power","2.9 kW","Power Output","3.9 bhp","Max. Air Velocity","219 mph","Air Volume","500 cfm","Blowing Force","26 Newtons","Sound Level","76 dB(A)","","","","","",""
"4244 011 1634 US","STIHL BR450 Back-Pack Blower","T","0","STIHL","Blowers","T","F","BR 450","549.99","Gas","Tool","","0","0","","","","","","","","307","Backpack Blower","Gas","T","images/Products/BR450.jpg","","Engine","63.3 cc / 3.9 cu. in.","Mechanical Power","2.9 kW","Power Output","3.9 bhp","Max. Air Velocity","222 mph","Air Volume","642 cfm","Blowing Force","28 Newtons","Sound Level","77 dB(A)","","","","","",""
"4282 011 1632 US","STIHL BR600 Back-Pack Blower","T","0","STIHL","Blowers","T","F","BR 600","549.99","Gas","Tool","","1","1","","","","","","","","308","Backpack Blower","Gas","T","images/Products/BR600.jpg","","Engine","64.8 cc / 4.0 cu. In.","Mechanical Power","2.8 kW","Power Output","3.8 bhp","Max. Air Velocity","237 mph","Air Volume","686 cfm","Blowing Force","32 Newtons","Sound Level","75 dB(A)","","","","","",""
"4282 011 1638 US","STIHL BR700 Back-Pack Blower","T","0","STIHL","Blowers","T","F","BR 700","729.99","Gas","Tool","","0","0","","","","","","","","310","Backpack Blower","Gas","T","images/Products/BR800X.jpg","","Engine","64.8 cc / 4.0 cu. In.","Mechanical Power","2.8 kW","Power Output","3.8 bhp","Max. Air Velocity","196 mph","Air Volume","912 cfm","Blowing Force","35 Newtons","Sound Level","75 dB(A)","","","","","",""
"4283 011 1610 US","STIHL BR800X Back-Pack Blower","T","0","STIHL","Blowers","T","F","BR 800 X","649.99","Gas","Tool","STIHL BR800X Fall Leaf Blower Sale","1","1","","","","2026-12-31","599.99","2026-08-01","","311","Backpack Blower","Gas","T","images/Products/BR800C-E.jpg","","Engine","79.9 cc / 4.9 cu. In.","Mechanical Power","3.2 kW","Power Output","4.4 bhp","Max. Air Velocity","239 mph","Air Volume","912 cfm","Blowing Force","41 Newtons","Sound Level","77 dB(A)","","","","","",""
"4283 011 1600 US","STIHL BR800C-E Back-Pack Blower","T","0","STIHL","Blowers","T","F","BR 800 C-E","749.99","Gas","Tool","STIHL BR800C Fall Leaf Blower Sale","0","1","","","","2026-12-31","699.99","2026-08-01","","312","Backpack Blower","Gas","T","images/Products/BR200.jpg","","Engine","79.9 cc / 4.9 cu. In.","Mechanical Power","3.2 kW","Power Output","4.4 bhp","Max. Air Velocity","239 mph","Air Volume","912 cfm","Blowing Force","41 Newtons","Sound Level","77 dB(A)","","","","","",""
"4314 200 0004 US","STIHL BT45 Earth Auger Drill","T","0","STIHL","Drills","T","F","BT 45","639.99","Gas","Tool","","0","0","","","","","","","","315","Drill","Gas","T","","","","","","","","","","","","","","","","","","","","","",""
"4314 200 0003 US","STIHL BT45 Wood Boring Drill","T","0","STIHL","Drills","T","F","BT 45","639.99","Gas","Tool","","0","0","","","","","","","","316","Drill","Gas","T","","","","","","","","","","","","","","","","","","","","","",""
"4313 011 2121 US","STIHL BT131 Earth Auger","T","0","STIHL","Augers","T","F","BT 131","929.99","Gas","Tool","","0","0","","","","","","","","317","Auger","Gas","T","","","","","","","","","","","","","","","","","","","","","",""
"4144 011 1908 US","STIHL FC56C-E Lawn Edger","T","0","STIHL","Edgers","T","F","FC 56 C-E","329.99","Gas","Tool","","0","0","","","","","","","","320","Stick Edger","Gas","T","","","","","","","","","","","","","","","","","","","","","",""
"4144 011 1910 US","STIHL FC70 Lawn Edger","T","0","STIHL","Edgers","T","F","FC 70","439.99","Gas","Tool","","0","0","","","","","","","","321","Stick Edger","Gas","T","","","","","","","","","","","","","","","","","","","","","",""
"4180 011 1913 US","STIHL FC91 Lawn Edger","T","0","STIHL","Edgers","T","F","FC 91","429.99","Gas","Tool","","0","0","","","","","","","","322","Stick Edger","Gas","T","","","","","","","","","","","","","","","","","","","","","",""
"4180 011 1914 US","STIHL FC96 Lawn Edger","T","0","STIHL","Edgers","T","F","FC 96","599.99","Gas","Tool","","0","0","","","","","","","","323","Stick Edger","Gas","T","","","","","","","","","","","","","","","","","","","","","",""
"4180 011 1915 US","STIHL FC111 Lawn Edger","T","0","STIHL","Edgers","T","F","FC 111","679.99","Gas","Tool","","0","0","","","","","","","","324","Stick Edger","Gas","T","","","","","","","","","","","","","","","","","","","","","",""
"4140 012 2368 US","STIHL FS38 Trimmer","T","0","STIHL","Trimmers","T","F","FS 38","219.99","Gas","Tool","","0","0","","","","","","","","327","String Trimmer","Gas","T","","","","","","","","","","","","","","","","","","","","","",""
"4144 011 2307 US","STIHL FS40C-E Trimmer","T","0","STIHL","Trimmers","T","F","FS 40 C-E","229.99","Gas","Tool","","0","0","","","","","","","","328","String Trimmer","Gas","T","","","","","","","","","","","","","","","","","","","","","",""
"4144 011 2349 US","STIHL FS50C-E Trimmer","T","0","STIHL","Trimmers","T","F","FS 50 C-E","289.99","Gas","Tool","","0","0","","","","","","","","329","String Trimmer","Gas","T","","","","","","","","","","","","","","","","","","","","","",""
"4144 200 0013 US","STIHL FS56RC-E Trimmer ","T","0","STIHL","Trimmers","T","F","FS 56 RC-E","259.99","Gas","Tool","","1","1","","","","","","","","330","String Trimmer","Gas","T","","","","","","","","","","","","","","","","","","","","","",""
"4144 200 0219 US","STIHL FS56C-E Trimmer ","T","0","STIHL","Trimmers","T","F","FS 56 C-E","349.99","Gas","Tool","","0","0","","","","","","","","331","String Trimmer","Gas","T","","","","","","","","","","","","","","","","","","","","","",""
"4144 200 0137 US","STIHL FS70R Trimmer","T","0","STIHL","Trimmers","T","F","FS 70 R","359.99","Gas","Tool","","0","1","","","","","","","","332","String Trimmer","Gas","T","","","","","","","","","","","","","","","","","","","","","",""
"4180 200 0506 US","STIHL FS91R Trimmer ","T","0","STIHL","Trimmers","T","F","FS 91 R","379.99","Gas","Tool","","1","1","","","","","","","","333","String Trimmer","Gas","T","","","","","","","","","","","","","","","","","","","","","",""
"4149 200 0061 US","STIHL FS94R Trimmer","T","0","STIHL","Trimmers","T","F","FS 94 R","429.99","Gas","Tool","","0","0","","","","","","","","335","String Trimmer","Gas","T","","","","","","","","","","","","","","","","","","","","","",""
"4180 200 0510 US","STIHL FS111RX Trimmer ","T","0","STIHL","Trimmers","T","F","FS 111 RX","519.99","Gas","Tool","","0","0","","","","","","","","336","String Trimmer","Gas","T","","","","","","","","","","","","","","","","","","","","","",""
"4180 200 0509 US","STIHL FS111R Trimmer ","T","0","STIHL","Trimmers","T","F","FS 111 R","519.99","Gas","Tool","","1","0","","","","","","","","337","String Trimmer","Gas","T","","","","","","","","","","","","","","","","","","","","","",""
"4180 200 0777 US","STIHL FS131.0R-Z","T","0","STIHL","Trimmers","T","F","FS 131 R","569.99","Gas","Tool","","0","0","","","","","","","","339","String Trimmer","Gas","T","","","","","","","","","","","","","","","","","","","","","",""
"4147 200 0645 US","STIHL FS461.0C-EM Brushcutter ","T","0","STIHL","Trimmers","T","F","FS 461 C-EM","1609.99","Gas","Tool","","0","0","","","","","","","","345","Brushcutter","Gas","T","","","","","","","","","","","","","","","","","","","","","",""
"4147 200 0646 US","STIHL FS461.0C-EM Brushcutter ","T","0","STIHL","Trimmers","T","F","FS 461 C-EM","1559.99","Gas","Tool","","0","0","","","","","","","","346","Brushcutter","Gas","T","","","","","","","","","","","","","","","","","","","","","",""
"4148 200 0225 US","STIHL FS561.0C-EM Brushcutter ","T","0","STIHL","Trimmers","T","F","FS 561 C-EM","1899.99","Gas","Tool","","0","0","","","","","","","","347","Brushcutter","Gas","T","","","","","","","","","","","","","","","","","","","","","",""
"4252 200 0065","STIHL GS461 RockBoss w/16"" (36GBE)","T","0","STIHL","Concrete Saws","T","F","GS 461","2719.99","Gas","Tool","","0","0","","","","","","","","350","Concrete Saw","Gas","T","","","","","","","","","","","","","","","","","","","","","",""
"4252 200 0050","STIHL GS461 RockBoss w/16"" (36GBM)","T","0","STIHL","Concrete Saws","T","F","GS 461","2819.99","Gas","Tool","","0","0","","","","","","","","351","Concrete Saw","Gas","T","","","","","","","","","","","","","","","","","","","","","",""
"4252 200 0035","STIHL GS461 RockBoss w/18"" (36GGM)","T","0","STIHL","Concrete Saws","T","F","GS 461","2849.99","Gas","Tool","","0","0","","","","","","","","352","Concrete Saw","Gas","T","","","","","","","","","","","","","","","","","","","","","",""
"4236 200 0000 US","STIHL HL56K Hedge Trimmer","T","0","STIHL","Hedge Trimmers","T","F","HL 56K","489.99","Gas","Tool","","0","0","","","","","","","","355","Extended-Reach Hedge Trimmer","Gas","T","","","","","","","","","","","","","","","","","","","","","",""
"4243 200 0020 US","STIHL HL91K Hedge Trimmer","T","0","STIHL","Hedge Trimmers","T","F","HL 91 K","599.99","Gas","Tool","","0","0","","","","","","","","356","Extended-Reach Hedge Trimmer","Gas","T","","","","","","","","","","","","","","","","","","","","","",""
"4243 200 0018 US","STIHL HL94K Hedge Trimmer","T","0","STIHL","Hedge Trimmers","T","F","HL 94 K","659.99","Gas","Tool","","0","0","","","","","","","","357","Extended-Reach Hedge Trimmer","Gas","T","","","","","","","","","","","","","","","","","","","","","",""
"4243 200 0017 US","STIHL HL94K Hedge Trimmer","T","0","STIHL","Hedge Trimmers","T","F","HL 94 K","679.99","Gas","Tool","","0","0","","","","","","","","358","Extended-Reach Hedge Trimmer","Gas","T","","","","","","","","","","","","","","","","","","","","","",""
"4243 200 0025 US","STIHL HL94 Hedge Trimmer","T","0","STIHL","Hedge Trimmers","T","F","HL 94","699.99","Gas","Tool","","0","0","","","","","","","","359","Extended-Reach Hedge Trimmer","Gas","T","","","","","","","","","","","","","","","","","","","","","",""
"4228 011 2944 US","STIHL HS45 - 18"" Hedge Trimmer","T","0","STIHL","Hedge Trimmers","T","F","HS 45","359.99","Gas","Tool","","1","0","","","","","","","","362","Hedge Trimmer","Gas","T","","","","","","","","","","","","","","","","","","","","","",""
"4242 011 2906 US","STIHL HS46C-E - 22"" Hedge Trimmer","T","0","STIHL","Hedge Trimmers","T","F","HS 46 C-E","509.99","Gas","Tool","","0","0","","","","","","","","363","Hedge Trimmer","Gas","T","","","","","","","","","","","","","","","","","","","","","",""
"4242 011 2908 US","STIHL HS56 - 24"" Hedge Trimmer","T","0","STIHL","Hedge Trimmers","T","F","HS 56","529.99","Gas","Tool","","1","1","","","","","","","","364","Hedge Trimmer","Gas","T","","","","","","","","","","","","","","","","","","","","","",""
"4237 011 2980 US","STIHL HS82R - 24"" Hedge Trimmer","T","0","STIHL","Hedge Trimmers","T","F","HS 82 R","719.99","Gas","Tool","","0","0","","","","","","","","365","Hedge Trimmer","Gas","T","","","","","","","","","","","","","","","","","","","","","",""
"4237 011 2981 US","STIHL HS82R - 30"" Hedge Trimmer","T","0","STIHL","Hedge Trimmers","T","F","HS 82 R","729.99","Gas","Tool","","0","0","","","","","","","","366","Hedge Trimmer","Gas","T","","","","","","","","","","","","","","","","","","","","","",""
"4237 011 2987 US","STIHL HS82T - 24"" Hedge Trimmer","T","0","STIHL","Hedge Trimmers","T","F","HS 82 T","719.99","Gas","Tool","","0","1","","","","","","","","367","Hedge Trimmer","Gas","T","","","","","","","","","","","","","","","","","","","","","",""
"4237 011 2988 US","STIHL HS82T - 30"" Hedge Trimmer","T","0","STIHL","Hedge Trimmers","T","F","HS 82 T","779.99","Gas","Tool","","0","0","","","","","","","","368","Hedge Trimmer","Gas","T","","","","","","","","","","","","","","","","","","","","","",""
"4237 011 2992 US","STIHL HS87R - 30"" Hedge Trimmer","T","0","STIHL","Hedge Trimmers","T","F","HS 87 R","779.99","Gas","Tool","","0","0","","","","","","","","369","Hedge Trimmer","Gas","T","","","","","","","","","","","","","","","","","","","","","",""
"4237 011 2997 US","STIHL HS87T - 30"" Hedge Trimmer","T","0","STIHL","Hedge Trimmers","T","F","HS 87 T","779.99","Gas","Tool","","0","0","","","","","","","","370","Hedge Trimmer","Gas","T","","","","","","","","","","","","","","","","","","","","","",""
"4237 011 2998 US","STIHL HS87T - 40"" Hedge Trimmer","T","0","STIHL","Hedge Trimmers","T","F","HS 87 T","789.99","Gas","Tool","","0","0","","","","","","","","371","Hedge Trimmer","Gas","T","","","","","","","","","","","","","","","","","","","","","",""
"4139 200 0011 US","STIHL HT56C-E Pole Pruner","T","0","STIHL","Pole Pruners","T","F","HT 56 C-E","489.99","Gas","Tool","","0","0","","","","","","","","374","Pole Pruner","Gas","T","","","","","","","","","","","","","","","","","","","","","",""
"4182 200 0195 US","STIHL HT105 Pole Pruner w/12""","T","0","STIHL","Pole Pruners","T","F","HS 105","839.99","Gas","Tool","","0","0","","","","","","","","375","Pole Pruner","Gas","T","","","","","","","","","","","","","","","","","","","","","",""
"4182 200 0196 US","STIHL HT134 Pole Pruner w/14""","T","0","STIHL","Pole Pruners","T","F","HT 134","729.99","Gas","Tool","","0","0","","","","","","","","376","Pole Pruner","Gas","T","","","","","","","","","","","","","","","","","","","","","",""
"4182 200 0201 US","STIHL HT135 Pole Pruner w/14""","T","0","STIHL","Pole Pruners","T","F","HT 135","799.99","Gas","Tool","","0","1","","","","","","","","377","Pole Pruner","Gas","T","","","","","","","","","","","","","","","","","","","","","",""
"4134 200 0457 US","STIHL HT250 Pole Pruner w/14""","T","0","STIHL","Pole Pruners","T","F","HT 250","869.99","Gas","Tool","","0","0","","","","","","","","378","Pole Pruner","Gas","T","","","","","","","","","","","","","","","","","","","","","",""
"4144 200 0017 US","STIHL KM56RC-E KombiSystem ","T","0","STIHL","KombiSystem","T","F","KM 56 RC-E","269.99","Gas","Tool","","1","1","","","","","","","","381","KombiMotor","KombiSystem","T","","","","","","","","","","","","","","","","","","","","","",""
"4180 200 0503 US","STIHL KM91R KombiSystem ","T","0","STIHL","KombiSystem","T","F","KM 91 R","429.99","Gas","Tool","","1","1","","","","","","","","382","KombiMotor","KombiSystem","T","","","","","","","","","","","","","","","","","","","","","",""
"4149 200 0062 US","STIHL KM94R KombiSystem ","T","0","STIHL","KombiSystem","T","F","KM 94 R","469.99","Gas","Tool","","0","0","","","","","","","","383","KombiMotor","KombiSystem","T","","","","","","","","","","","","","","","","","","","","","",""
"4180 200 0505 US","STIHL KM131R KombiSystem ","T","0","STIHL","KombiSystem","T","F","KM 131 R","539.99","Gas","Tool","","0","1","","","","","","","","385","KombiMotor","KombiSystem","T","","","","","","","","","","","","","","","","","","","","","",""
"4604 011 5403 US","STIHL MM56C-E Yard Boss","T","0","STIHL","Tillers","T","F","MM 56 C-E","529.99","Gas","Tool","","0","1","","","","","","","","388","Yard Boss","Gas","T","","","","","","","","","","","","","","","","","","","","","",""
"4604 200 0004","STIHL MM56C-E Yard Boss w/Wheel Kit","T","0","STIHL","Tillers","T","F","MM 56 C-E","569.99","Gas","Tool","","0","1","","","","","","","","389","Yard Boss","Gas","T","","","","","","","","","","","","","","","","","","","","","",""
"4789 012 4606 US","STIHL RB200.0 High-Pressure Washer","T","0","STIHL","Pressure Washers","T","T","RB 200","749.99","Gas","Tool","","0","0","","","","","","","","745","Pressure Washer","Gas","T","","","","","","","","","","","","","","","","","","","","","",""
"4790 012 4600 US","STIHL RB400 Pressure Washer","T","0","STIHL","Pressure Washers","T","T","RB 400","979.99","Gas","Tool","","0","0","","","","","","","","746","Pressure Washer","Gas","T","","","","","","","","","","","","","","","","","","","","","",""
"4791 012 4600 US","STIHL RB600 Pressure Washer","T","0","STIHL","Pressure Washers","T","T","RB 600","1499.99","Gas","Tool","","0","0","","","","","","","","747","Pressure Washer","Gas","T","","","","","","","","","","","","","","","","","","","","","",""
"4792 012 4600 US","STIHL RB800 Pressure Washer","T","0","STIHL","Pressure Washers","T","T","RB 800","2119.99","Gas","Tool","","0","0","","","","","","","","748","Pressure Washer","Gas","T","","","","","","","","","","","","","","","","","","","","","",""
"WB42 011 3420 US","STIHL RM453.3T Lawn Mower","T","0","STIHL","Lawn Mowers","T","T","RM 453 T","649.99","Gas","Tool","","0","0","","","","","","","","751","Walk-Behind Mower","Gas","T","","","","","","","","","","","","","","","","","","","","","",""
"WB42 011 3431 US","STIHL RM453.3V Lawn Mower","T","0","STIHL","Lawn Mowers","T","T","RM 453 V","699.99","Gas","Tool","","0","1","","","","","","","","752","Walk-Behind Mower","Gas","T","","","","","","","","","","","","","","","","","","","","","",""
"WB42 011 3430 US","STIHL RM453.3V Lawn Mower","T","0","STIHL","Lawn Mowers","T","T","RM 453 V","699.99","Gas","Tool","","0","1","","","","","","","","753","Walk-Behind Mower","Gas","T","","","","","","","","","","","","","","","","","","","","","",""
"6374 011 3450 US","STIHL RM655.0V Lawn Mower","T","0","STIHL","Lawn Mowers","T","T","RM 655 V","1149.99","Gas","Tool","","0","0","","","","","","","","754","Walk-Behind Mower","Gas","T","","","","","","","","","","","","","","","","","","","","","",""
"6374 011 3451 US","STIHL RM655.1VS Lawn Mower w/BBC","T","0","STIHL","Lawn Mowers","T","T","RM 655 VS","1389.99","Gas","Tool","","0","0","","","","","","","","755","Walk-Behind Mower","Gas","T","","","","","","","","","","","","","","","","","","","","","",""
"6374 011 3452 US","STIHL RM655.1YS Lawn Mower","T","0","STIHL","Lawn Mowers","T","T","RM 655 YS","1849.99","Gas","Tool","","0","0","","","","","","","","756","Walk-Behind Mower","Gas","T","","","","","","","","","","","","","","","","","","","","","",""
"6378 011 3440 US","STIHL RM756.1YC Lawn Mower","T","0","STIHL","Lawn Mowers","T","T","RM 765 YC","2289.99","Gas","Tool","","0","0","","","","","","","","757","Walk-Behind Mower","Gas","T","","","","","","","","","","","","","","","","","","","","","",""
"4247 019 4902","STIHL SG20 Manual Sprayer","T","0","STIHL","Sprayers","T","F","SG 20","149.99","Manual","Tool","","0","1","","","","","","","","760","Sprayer","Manual","T","","","","","","","","","","","","","","","","","","","","","",""
"4241 011 0934 US","STIHL SH56C-E Shredder / Vacuum","T","0","STIHL","Shredder Vacs","T","F","SH 56 C-E","289.99","Gas","Tool","","0","0","","","","","","","","763","Shredder Vac","Gas","T","","","","","","","","","","","","","","","","","","","","","",""
"4241 011 0939 US","STIHL SH86C-E Shredder / Vacuum","T","0","STIHL","Shredder Vacs","T","F","SH 86 C-E","399.99","Gas","Tool","","0","1","","","","","","","","764","Shredder Vac","Gas","T","","","","","","","","","","","","","","","","","","","","","",""
"4241 011 2602 US","STIHL SR200 Back-Pack Sprayer","T","0","STIHL","Sprayers","T","F","SR 200","519.99","Gas","Tool","","0","1","","","","","","","","767","Sprayer","Gas","T","","","","","","","","","","","","","","","","","","","","","",""
"4244 011 2601 US","STIHL SR430 Back-Pack Sprayer","T","0","STIHL","Sprayers","T","F","SR 430","749.99","Gas","Tool","","0","0","","","","","","","","768","Sprayer","Gas","T","","","","","","","","","","","","","","","","","","","","","",""
"4244 011 2643 US","STIHL SR450 Back-Pack Sprayer","T","0","STIHL","Sprayers","T","F","SR 450","859.99","Gas","Tool","","0","0","","","","","","","","769","Sprayer","Gas","T","","","","","","","","","","","","","","","","","","","","","",""
"4238 011 2823 US","STIHL TS410 - 12"" Cutquik","T","0","STIHL","Cut-Off Saws","T","F","TS 410","1449.99","Gas","Tool","","0","0","","","","","","","","772","Cut-Off Saw","Gas","T","","","","","","","","","","","","","","","","","","","","","",""
"4238 011 2821 US","STIHL TS420 - 14"" Cutquik","T","0","STIHL","Cut-Off Saws","T","F","TS 420","1449.99","Gas","Tool","","0","1","","","","","","","","773","Cut-Off Saw","Gas","T","","","","","","","","","","","","","","","","","","","","","",""
"4238 011 2828 US","STIHL TS440 - 14"" Cutquik","T","0","STIHL","Cut-Off Saws","T","F","TS 440","1849.99","Gas","Tool","","0","0","","","","","","","","774","Cut-Off Saw","Gas","T","","","","","","","","","","","","","","","","","","","","","",""
"4250 011 2811 US","STIHL TS500i - 14"" Cutquik","T","0","STIHL","Cut-Off Saws","T","F","TS 500 i","2099.99","Gas","Tool","","0","1","","","","","","","","775","Cut-Off Saw","Gas","T","","","","","","","","","","","","","","","","","","","","","",""
"TB01 011 2801 US","STIHL TS710i - 14"" Cutquik","T","0","STIHL","Cut-Off Saws","T","F","TS 710 i","2249.99","Gas","Tool","","0","1","","","","","","","","776","Cut-Off Saw","Gas","T","","","","","","","","","","","","","","","","","","","","","",""
"TB01 011 2821 US","STIHL TS910i - 16"" Cutquik","T","0","STIHL","Cut-Off Saws","T","F","TS 910 i","2449.99","Gas","Tool","","0","0","","","","","","","","777","Cut-Off Saw","Gas","T","","","","","","","","","","","","","","","","","","","","","",""
"VB03 011 2010 US","STIHL WP300.0","T","0","STIHL","Water Pumps","T","F","WP 300","429.99","Gas","Tool","","0","0","","","","","","","","780","Water Pump","Gas","T","","","","","","","","","","","","","","","","","","","","","",""
"VB04 011 2010 US","STIHL WP600.0","T","0","STIHL","Water Pumps","T","F","WP 600","489.99","Gas","Tool","","0","0","","","","","","","","781","Water Pump","Gas","T","","","","","","","","","","","","","","","","","","","","","",""
"VB05 011 2010 US","STIHL WP900.0","T","0","STIHL","Water Pumps","T","F","WP 900","749.99","Gas","Tool","","0","0","","","","","","","","782","Water Pump","Gas","T","","","","","","","","","","","","","","","","","","","","","",""
"IA01 011 1413 US","STIHL iMow 5.0 EVO Robot Mower","T","0","STIHL","Lawn Mowers","T","F","iMow 5.0 EVO","2529.99","Battery","Tool","","0","0","","","","","","","","785","Robotic Mower","Battery","F","","","","","","","","","","","","","","","","","","","","","",""
"IA01 011 1447 US","STIHL iMow 6.0 EVO Robot Mower","T","0","STIHL","Lawn Mowers","T","F","iMow 6.0 EVO","3099.99","Battery","Tool","","0","0","","","","","","","","786","Robotic Mower","Battery","F","","","","","","","","","","","","","","","","","","","","","",""
"IA01 011 1477 US","STIHL iMow 7.0 EVO Robot Mower","T","0","STIHL","Lawn Mowers","T","F","iMow 7.0 EVO","4019.99","Battery","Tool","","0","0","","","","","","","","787","Robotic Mower","Battery","F","","","","","","","","","","","","","","","","","","","","","",""
"WB01 011 3605 US","STIHL RZ152.0 Zero-Turn Mower","T","0","STIHL","Zero-Turns","T","T","RZ 152","5799.99","Gas","Zero-Turn Mower","","0","0","2026-12-31","2026-07-17","1300","","","","","855","Zero-Turn Mower","Gas","F","","","Engine","25 hp Briggs & Stratton","Mower Deck","52"" Fabricated","Mowing Height","1.5"" to 4.5""","Transaxles","Hydro-Gear ZT-2800","Top Speed","8 mph","Fuel Capacity","3 Gallons","","","","","","","",""
"WB02 011 3610 US","STIHL RZ261.0 Zero-Turn Mower","T","0","STIHL","Zero-Turns","T","T","RZ 261","7499.99","Gas","Zero-Turn Mower","","0","0","2026-12-31","2026-07-17","2000","","","","","856","Zero-Turn Mower","Gas","F","","","Engine","25 hp Briggs & Stratton","Mower Deck","61"" Fabricated","Mowing Height","1.5"" to 4.5""","Transaxles","Hydro-Gear ZT-3100","Top Speed","8.5 mph","Fuel Capacity","3 Gallons","","","","","","","",""
"WB03 011 3600 US","STIHL RZ552.0 Zero-Turn Mower","T","0","STIHL","Zero-Turns","T","T","RZ 552","9499.99","Gas","Zero-Turn Mower","","0","0","2026-12-31","2026-07-17","500","","","","","857","Zero-Turn Mower","Gas","F","","","Engine","27 hp Briggs & Stratton","Mower Deck","52"" Fabricated","Mowing Height","1.5"" to 5.0""","Transaxles","Hydro-Gear ZT-3400","Top Speed","10 mph","Fuel Capacity","5.5 Gallons","","","","","","","",""
"WB03 011 3610 US","STIHL RZ560.0 Zero-Turn Mower","T","0","STIHL","Zero-Turns","T","T","RZ 560","9999.99","Gas","Zero-Turn Mower","","0","0","2026-12-31","2026-07-17","500","","","","","858","Zero-Turn Mower","Gas","F","","","Engine","27 hp Briggs & Stratton","Mower Deck","60"" Fabricated","Mowing Height","1.5"" to 5.0""","Transaxles","Hydro-Gear ZT-3400","Top Speed","10 mph","Fuel Capacity","5.5 Gallons","","","","","","","",""
"WB03 011 3611 US","STIHL RZ560.0 K Zero-Turn Mower","T","0","STIHL","Zero-Turns","T","T","RZ 560 K","11499.99","Gas","Zero-Turn Mower","","1","1","2026-12-31","2026-07-17","500","","","","","859","Zero-Turn Mower","Gas","F","","","Engine","24 hp Kawasaki FT730V","Mower Deck","60"" Fabricated","Mowing Height","1.5"" to 5.0""","Transaxles","Hydro-Gear ZT-3400","Top Speed","10 mph","Fuel Capacity","5.5 Gallons","","","","","","","",""
"WB04 011 3600 US","STIHL RZ752.0 i Zero-Turn Mower","T","0","STIHL","Zero-Turns","T","T","RZ 752 i","11499.99","Gas","Zero-Turn Mower","","0","0","2026-12-31","2026-07-17","1500","","","","","860","Zero-Turn Mower","Gas","F","","","Engine","28 hp Vanguard EFI","Mower Deck","52"" Fabricated","Mowing Height","1.5"" to 5.0""","Transaxles","Hydro-Gear ZT-4400","Top Speed","10 mph","Fuel Capacity","11 Gallons","","","","","","","",""
"WB04 011 3607 US","STIHL RZ752.0 K Zero-Turn Mower","T","0","STIHL","Zero-Turns","T","T","RZ 752 K","11999.99","Gas","Zero-Turn Mower","","0","0","2026-12-31","2026-07-17","1500","","","","","861","Zero-Turn Mower","Gas","F","","","Engine","25.5 hp Kawasaki FX801V","Mower Deck","52"" Fabricated","Mowing Height","1.5"" to 5.0""","Transaxles","Hydro-Gear ZT-4400","Top Speed","10 mph","Fuel Capacity","11 Gallons","","","","","","","",""
"WB04 011 3605 US","STIHL RZ752.0 Ki Zero-Turn Mower","T","0","STIHL","Zero-Turns","T","T","RZ 752 Ki","11999.99","Gas","Zero-Turn Mower","","0","0","2026-12-31","2026-07-17","1500","","","","","862","Zero-Turn Mower","Gas","F","","","Engine","26 hp Kawasaki FT730V EFI","Mower Deck","52"" Fabricated","Mowing Height","1.5"" to 5.0""","Transaxles","Hydro-Gear ZT-4400","Top Speed","10 mph","Fuel Capacity","11 Gallons","","","","","","","",""
"WB04 011 3610 US","STIHL RZ760.0 i Zero-Turn Mower","T","0","STIHL","Zero-Turns","T","T","RZ 760 i","13499.99","Gas","Zero-Turn Mower","","0","0","2026-12-31","2026-07-17","750","","","","","863","Zero-Turn Mower","Gas","F","","","Engine","28 hp Vanguard EFI","Mower Deck","60"" Fabricated","Mowing Height","1.5"" to 5.0""","Transaxles","Hydro-Gear ZT-4400","Top Speed","10 mph","Fuel Capacity","11 Gallons","","","","","","","",""
"WB04 011 3615 US","STIHL RZ760.0 Ki Zero-Turn Mower","T","0","STIHL","Zero-Turns","T","T","RZ 760 Ki","14499.99","Gas","Zero-Turn Mower","","1","1","2026-12-31","2026-07-17","750","","","","","864","Zero-Turn Mower","Gas","F","","","Engine","26 hp Kawasaki FT730V EFI","Mower Deck","60"" Fabricated","Mowing Height","1.5"" to 5.0""","Transaxles","Hydro-Gear ZT-4400","Top Speed","10 mph","Fuel Capacity","11 Gallons","","","","","","","",""
"WB05 011 3600 US","STIHL RZ960.0 i Zero-Turn Mower","T","0","STIHL","Zero-Turns","T","T","RZ 960 i","17999.99","Gas","Zero-Turn Mower","","0","0","2026-12-31","2026-07-17","1000","","","","","865","Zero-Turn Mower","Gas","F","","","Engine","40 hp Vanguard EFI w/Oil Guard","Mower Deck","60"" Fabricated","Mowing Height","1.5"" to 5.0""","Transaxles","Hydro-Gear ZT-5400","Top Speed","12 mph","Fuel Capacity","11 Gallons","","","","","","","",""
"WB05 011 3605 US","STIHL RZ960.0 Ki Zero-Turn Mower","T","0","STIHL","Zero-Turns","T","T","RZ 960 Ki","18499.99","Gas","Zero-Turn Mower","","1","1","2026-12-31","2026-07-17","1000","","","","","866","Zero-Turn Mower","Gas","F","","","Engine","38.5 hp Kawasaki FX1000V EFI","Mower Deck","60"" Fabricated","Mowing Height","1.5"" to 5.0""","Transaxles","Hydro-Gear ZT-5400","Top Speed","12 mph","Fuel Capacity","11 Gallons","","","","","","","",""
"WB05 011 3610 US","STIHL RZ972.0 i Zero-Turn Mower","T","0","STIHL","Zero-Turns","T","T","RZ 972 i","18999.99","Gas","Zero-Turn Mower","","0","0","2026-12-31","2026-07-17","1000","","","","","867","Zero-Turn Mower","Gas","F","","","Engine","40 hp Vanguard EFI w/Oil Guard","Mower Deck","72"" Fabricated ","Mowing Height","1.5"" to 5.0""","Transaxles","Hydro-Gear ZT-5400","Top Speed","12 mph","Fuel Capacity","11 Gallons","","","","","","","",""
"WB05 011 3615 US","STIHL RZ972.0 Ki Zero-Turn Mower","T","0","STIHL","Zero-Turns","T","T","RZ 972 Ki","19999.99","Gas","Zero-Turn Mower","","0","0","2026-12-31","2026-07-17","1000","","","","","869","Zero-Turn Mower","Gas","F","","","Engine","38.5 hp Kawasaki FX1000V EFI","Mower Deck","72"" Fabricated ","Mowing Height","1.5"" to 5.0""","Transaxles","Hydro-Gear ZT-5400","Top Speed","12 mph","Fuel Capacity","11 Gallons","","","","","","","",""
"WB01 011 3600 US","STIHL RZ142.0 Zero-Turn Mower","T","0","STIHL","Zero-Turns","T","T","RZ 142","4399.99","Gas","Zero-Turn Mower","","1","1","2026-12-31","2026-07-17","400","","","","","854","Zero-Turn Mower","Gas","F","","","Engine","23 hp Briggs & Stratton","Mower Deck","42"" Fabricated","Mowing Height","1.5"" to 4.5""","Transaxles","Hydro-Gear ZT-2200","Top Speed","7 mph","Fuel Capacity","3 Gallons","","","","","","","",""
"4811 011 1513 US","STIHL BGE61 Hand-Held Blower","T","0","STIHL","Blowers","T","F","BGE 61","189.99","Electric","Tool","","0","0","","","","","","","","6","Handheld Blower","Electric","T","","","","","","","","","","","","","","","","","","","","","",""
"4811 011 1540 US","STIHL BGE71 Hand-Held Blower","T","0","STIHL","Blowers","T","F","BGE 71","209.99","Electric","Tool","","0","0","","","","","","","","7","Handheld Blower","Electric","T","","","","","","","","","","","","","","","","","","","","","",""
"4809 011 4130 US","STIHL FSE60 Trimmer","T","0","STIHL","Trimmers","T","F","FSE 60","209.99","Electric","Tool","","0","0","","","","","","","","10","String Trimmer","Electric","T","","","","","","","","","","","","","","","","","","","","","",""
"4818 011 3535 US","STIHL HSE52 - 20"" Hedge Trimmer","T","0","STIHL","Hedge Trimmers","T","F","HSE 52","219.99","Electric","Tool","","0","0","","","","","","","","13","Hedge Trimmer","Electric","T","","","","","","","","","","","","","","","","","","","","","",""
"4812 011 3541 US","STIHL HSE70 - 24"" Hedge Trimmer","T","0","STIHL","Hedge Trimmers","T","F","HSE 70","239.99","Electric","Tool","","0","0","","","","","","","","14","Hedge Trimmer","Electric","T","","","","","","","","","","","","","","","","","","","","","",""
"1209 222 4500","STIHL MSE170C-BQ Chainsaw w/12""","T","0","STIHL","Chainsaws","T","F","MSE 170 C-BQ","549.99","Electric","Tool","","0","0","","","","","","","","17","Chainsaw","Electric","T","","","","","","","","","","","","","","","","","","","","","",""
"1209 222 4501","STIHL MSE170C-BQ Chainsaw w/14""","T","0","STIHL","Chainsaws","T","F","MSE 170 C-BQ","559.99","Electric","Tool","","0","0","","","","","","","","18","Chainsaw","Electric","T","","","","","","","","","","","","","","","","","","","","","",""
"1209 200 0060","STIHL MSE170C-BQ Chainsaw w/16""","T","0","STIHL","Chainsaws","T","F","MSE 170 C-BQ","569.99","Electric","Tool","","0","0","","","","","","","","19","Chainsaw","Electric","T","","","","","","","","","","","","","","","","","","","","","",""
"1210 200 0031","STIHL MSE250C-Q Chainsaw w/16""","T","0","STIHL","Chainsaws","T","F","MSE 250 C-Q","659.99","Electric","Tool","","0","0","","","","","","","","20","Chainsaw","Electric","T","","","","","","","","","","","","","","","","","","","","","",""
"1210 200 0020","STIHL MSE250C-Q Chainsaw w/18""","T","0","STIHL","Chainsaws","T","F","MSE 250 C-Q","669.99","Electric","Tool","","0","0","","","","","","","","21","Chainsaw","Electric","T","","","","","","","","","","","","","","","","","","","","","",""
"1210 200 0021","STIHL MSE250C-Q Chainsaw w/20""","T","0","STIHL","Chainsaws","T","F","MSE 250 C-Q","679.99","Electric","Tool","","0","0","","","","","","","","22","Chainsaw","Electric","T","","","","","","","","","","","","","","","","","","","","","",""
"RE02 011 4511 US","STIHL RE80.0 High-Pressure Washer","T","0","STIHL","Pressure Washers","T","F","RE 80","199.99","Electric","Tool","","0","0","","","","","","","","25","Pressure Washer","Electric","T","","","","","","","","","","","","","","","","","","","","","",""
"RE02 011 4523 US","STIHL RE90 PLUS High-Pressure Washer","T","0","STIHL","Pressure Washers","T","F","RE 90","259.99","Electric","Tool","","0","0","","","","","","","","26","Pressure Washer","Electric","T","","","","","","","","","","","","","","","","","","","","","",""
"RE02 011 4555 US","STIHL RE100.0 PLUS High-Pressure Washer","T","0","STIHL","Pressure Washers","T","F","RE 100","359.99","Electric","Tool","","0","0","","","","","","","","27","Pressure Washer","Electric","T","","","","","","","","","","","","","","","","","","","","","",""
"4950 011 4537 US","STIHL RE110 Pressure Washer","T","0","STIHL","Pressure Washers","T","F","RE 110","429.99","Electric","Tool","","0","1","","","","","","","","28","Pressure Washer","Electric","T","","","","","","","","","","","","","","","","","","","","","",""
"SE01 012 4410 US","STIHL SE33 Vacuum","T","0","STIHL","Vacuums","T","F","SE 33","119.99","Electric","Tool","","0","0","","","","","","","","31","Vacuum","Electric","T","","","","","","","","","","","","","","","","","","","","","",""
"4784 012 4406 US","STIHL SE62 Vacuum Cleaner","T","0","STIHL","Vacuums","T","F","SE 62","239.99","Electric","Tool","","0","0","","","","","","","","32","Vacuum","Electric","T","","","","","","","","","","","","","","","","","","","","","",""
"4774 012 4407 US","STIHL SE122 Vacuum Cleaner","T","0","STIHL","Vacuums","T","F","SE 122","469.99","Electric","Tool","","0","0","","","","","","","","33","Vacuum","Electric","T","","","","","","","","","","","","","","","","","","","","","",""
"UA01 011 9202 US","STIHL BTA140 Auger","T","0","STIHL","Augers","T","F","BTA 140","749.99","Battery","Tool","","0","0","","","","","","","","65","Earth Auger","AP","T","","","","","","","","","","","","","","","","","","","","","",""
"FA08 011 7810 US","STIHL FCA80.0 w/AK30 Battery & AL101","T","0","STIHL","Edgers","T","F","FCA 80","559.99","Battery","Kit","","0","0","","","","","","","","69","Stick Edger","AK","T","","https://www.westendpower.com/new-models/stihl-fca-80-battery-edger-set-wbattery-charger-29386288b","","","","","","","","","","","","","","","","","","","",""
"FA02 011 7802 US","STIHL FCA135 Lawn Edger","T","0","STIHL","Edgers","T","F","FCA 135","429.99","Battery","Tool","","0","0","","","","","","","","70","Stick Edger","AP","T","","https://www.westendpower.com/new-models/stihl-fca-135-unit-only-battery-powered-edger-29386302b","","","","","","","","","","","","","","","","","","","",""
"FA02 011 7800 US","STIHL FCA140 Lawn Edger","T","0","STIHL","Edgers","T","F","FCA 140","529.99","Battery","Tool","","0","0","","","","","","","","71","Stick Edger","AP","T","","https://www.westendpower.com/new-models/stihl-fca-140-unit-only-battery-powered-edger-29386306b","","","","","","","","","","","","","","","","","","","",""
"4867 011 5721 US","STIHL FSA130R Trimmer ","F","0","STIHL","Trimmers","T","F","FSA 130 R","579.99","Battery","Tool","","0","0","","","","","","","","97","String Trimmer","AP","T","","","","","","","","","","","","","","","","","","","","","",""
"4244 011 1608 US","STIHL BR350 Back-Pack Blower","T","0","STIHL","Blowers","T","F","BR 350","489.99","Gas","Tool","","0","0","","","","","","","","305","Backpack Blower","Gas","T","","","","","","","","","","","","","","","","","","","","","",""
"4282 011 1641 US","STIHL BR700X Back-Pack Blower","T","0","STIHL","Blowers","T","F","BR 700 X","729.99","Gas","Tool","","0","0","","","","","","","","309","Backpack Blower","Gas","T","","","","","","","","","","","","","","","","","","","","","",""
"4180 200 0504 US","STIHL KM111R KombiSystem ","T","0","STIHL","KombiSystem","T","F","KM 111 R","489.99","Gas","Tool","","0","0","","","","","","","","384","KombiMotor","KombiSystem","T","","","","","","","","","","","","","","","","","","","","","",""
"1146 200 0062","STIHL MS151C-E Saw w/10"" (71PM3 / 3403)","T","0","STIHL","Chainsaws","T","F","MS 151 C-E","849.99","Gas","Tool","","0","0","","","","","","","","400","Chainsaw","Gas","T","","","","","","","","","","","","","","","","","","","","","",""
"1146 200 0061","STIHL MS151TC-E Saw w/12"" (71PM3 / 3405)","T","0","STIHL","Chainsaws","T","F","MS 151 TC-E","759.99","Gas","Tool","","0","0","","","","","","","","402","In-Tree Chainsaw","Gas","T","","","","","","","","","","","","","","","","","","","","","",""
"1148 200 0212 US","STIHL MS162 Chainsaw w/16""","T","0","STIHL","Chainsaws","T","F","MS 162","219.99","Gas","Tool","","0","1","","","","2026-12-31","189.99","2026-08-01","","404","Chainsaw","Gas","T","","","","","","","","","","","","","","","","","","","","","",""
"1148 200 0213 US","STIHL MS172C-E Chainsaw w/16""","T","0","STIHL","Chainsaws","T","F","MS 172 C-E","249.99","Gas","Tool","","0","1","","","","2026-12-31","219.99","2026-08-01","","406","Chainsaw","Gas","T","","","","","","","","","","","","","","","","","","","","","",""
"1148 200 0216 US","STIHL MS182 Chainsaw w/16""","T","0","STIHL","Chainsaws","T","F","MS 182","269.99","Gas","Tool","","0","0","","","","2026-12-31","239.99","2026-08-01","","408","Chainsaw","Gas","T","","","","","","","","","","","","","","","","","","","","","",""
"1148 200 0215 US","STIHL MS182C-BE Chainsaw w/16""","T","0","STIHL","Chainsaws","T","F","MS 182 C-BE","319.99","Gas","Tool","","0","1","","","","2026-12-31","289.99","2026-08-01","","410","Chainsaw","Gas","T","","","","","","","","","","","","","","","","","","","","","",""
"1137 200 0355","STIHL MS194C-E Chainsaw w/12""","T","0","STIHL","Chainsaws","T","F","MS 194 C-E","539.99","Gas","Tool","","0","0","","","","","","","","412","Chainsaw","Gas","T","","","","","","","","","","","","","","","","","","","","","",""
"1137 200 0354","STIHL MS194C-E Chainsaw w/12""","T","0","STIHL","Chainsaws","T","F","MS 194 C-E","539.99","Gas","Tool","","0","0","","","","","","","","413","Chainsaw","Gas","T","","","","","","","","","","","","","","","","","","","","","",""
"1137 200 0356","STIHL MS194C-E Chainsaw w/12"" Light Bar","T","0","STIHL","Chainsaws","T","F","MS 194 C-E","569.99","Gas","Tool","","0","0","","","","","","","","414","Chainsaw","Gas","T","","","","","","","","","","","","","","","","","","","","","",""
"1137 200 0362","STIHL MS194C-E Chainsaw w/14"" ","T","0","STIHL","Chainsaws","T","F","MS 194 C-E","549.99","Gas","Tool","","0","0","","","","","","","","415","Chainsaw","Gas","T","","","","","","","","","","","","","","","","","","","","","",""
"1137 200 0357","STIHL MS194C-E Chainsaw w/14"" ","T","0","STIHL","Chainsaws","T","F","MS 194 C-E","549.99","Gas","Tool","","0","0","","","","","","","","416","Chainsaw","Gas","T","","","","","","","","","","","","","","","","","","","","","",""
"1137 200 0401","STIHL MS194C-E Chainsaw w/14"" Light Bar","T","0","STIHL","Chainsaws","T","F","MS 194 C-E","549.99","Gas","Tool","","0","0","","","","","","","","417","Chainsaw","Gas","T","","","","","","","","","","","","","","","","","","","","","",""
"1137 200 0358","STIHL MS194C-E Chainsaw w/14"" Light Bar","T","0","STIHL","Chainsaws","T","F","MS 194 C-E","579.99","Gas","Tool","","0","0","","","","","","","","418","Chainsaw","Gas","T","","","","","","","","","","","","","","","","","","","","","",""
"1137 200 0373","STIHL MS194C-E Chainsaw w/16"" ","T","0","STIHL","Chainsaws","T","F","MS 194 C-E","559.99","Gas","Tool","","0","0","","","","","","","","419","Chainsaw","Gas","T","","","","","","","","","","","","","","","","","","","","","",""
"1137 200 0359","STIHL MS194C-E Chainsaw w/16""","T","0","STIHL","Chainsaws","T","F","MS 194 C-E","559.99","Gas","Tool","","0","0","","","","","","","","420","Chainsaw","Gas","T","","","","","","","","","","","","","","","","","","","","","",""
"1137 200 0360","STIHL MS194C-E Chainsaw w/16"" Light Bar","T","0","STIHL","Chainsaws","T","F","MS 194 C-E","589.99","Gas","Tool","","0","0","","","","","","","","421","Chainsaw","Gas","T","","","","","","","","","","","","","","","","","","","","","",""
"1137 200 0391","STIHL MS194T Chainsaw w/12""","T","0","STIHL","Chainsaws","T","F","MS 194 T","489.99","Gas","Tool","","0","0","","","","","","","","423","In-Tree Chainsaw","Gas","T","","","","","","","","","","","","","","","","","","","","","",""
"1137 200 0349","STIHL MS194T Chainsaw w/12""","T","0","STIHL","Chainsaws","T","F","MS 194 T","489.99","Gas","Tool","","0","0","","","","","","","","424","In-Tree Chainsaw","Gas","T","","","","","","","","","","","","","","","","","","","","","",""
"1137 200 0350","STIHL MS194T Chainsaw w/12"" Light Bar","T","0","STIHL","Chainsaws","T","F","MS 194 T","519.99","Gas","Tool","","0","0","","","","","","","","425","In-Tree Chainsaw","Gas","T","","","","","","","","","","","","","","","","","","","","","",""
"1137 200 0352","STIHL MS194T Chainsaw w/14""","T","0","STIHL","Chainsaws","T","F","MS 194 T","499.99","Gas","Tool","","0","1","","","","","","","","426","In-Tree Chainsaw","Gas","T","","","","","","","","","","","","","","","","","","","","","",""
"1137 200 0353","STIHL MS194T Chainsaw w/14""","T","0","STIHL","Chainsaws","T","F","MS 194 T","529.99","Gas","Tool","","0","0","","","","","","","","427","In-Tree Chainsaw","Gas","T","","","","","","","","","","","","","","","","","","","","","",""
"1137 200 0374","STIHL MS194T Chainsaw w/14""","T","0","STIHL","Chainsaws","T","F","MS 194 T","499.99","Gas","Tool","","0","0","","","","","","","","428","In-Tree Chainsaw","Gas","T","","","","","","","","","","","","","","","","","","","","","",""
"1137 200 0402","STIHL MS194T Chainsaw w/14"" Light Bar","T","0","STIHL","Chainsaws","T","F","MS 194 T","499.99","Gas","Tool","","0","0","","","","","","","","429","In-Tree Chainsaw","Gas","T","","","","","","","","","","","","","","","","","","","","","",""
"1137 200 0346","STIHL MS194T Chainsaw w/16""","T","0","STIHL","Chainsaws","T","F","MS 194 T","509.99","Gas","Tool","","0","0","","","","","","","","430","In-Tree Chainsaw","Gas","T","","","","","","","","","","","","","","","","","","","","","",""
"1137 200 0345","STIHL MS194T Chainsaw w/16""","T","0","STIHL","Chainsaws","T","F","MS 194 T","509.99","Gas","Tool","","0","0","","","","","","","","431","In-Tree Chainsaw","Gas","T","","","","","","","","","","","","","","","","","","","","","",""
"1137 200 0344","STIHL MS194T Chainsaw w/16"" Light Bar","T","0","STIHL","Chainsaws","T","F","MS 194 T","539.99","Gas","Tool","","0","0","","","","","","","","432","In-Tree Chainsaw","Gas","T","","","","","","","","","","","","","","","","","","","","","",""
"1137 200 0403","STIHL MS194T Chainsaw","T","0","STIHL","Chainsaws","T","F","MS 194 T","459.99","Gas","Tool","","0","0","","","","","","","","433","In-Tree Chainsaw","Gas","T","","","","","","","","","","","","","","","","","","","","","",""
"1145 200 0288","STIHL MS201C-EM Chainsaw w/12""","T","0","STIHL","Chainsaws","T","F","MS 201 C-EM","1049.99","Gas","Tool","","0","0","","","","","","","","435","Chainsaw","Gas","T","","","","","","","","","","","","","","","","","","","","","",""
"1145 200 0286","STIHL MS201C-EM Chainsaw w/12"" ","T","0","STIHL","Chainsaws","T","F","MS 201 C-EM","1049.99","Gas","Tool","","0","0","","","","","","","","436","Chainsaw","Gas","T","","","","","","","","","","","","","","","","","","","","","",""
"1145 200 0287","STIHL MS201C-EM Chainsaw w/12"" Light Bar","T","0","STIHL","Chainsaws","T","F","MS 201 C-EM","1079.99","Gas","Tool","","0","0","","","","","","","","437","Chainsaw","Gas","T","","","","","","","","","","","","","","","","","","","","","",""
"1145 200 0291","STIHL MS201C-EM Chainsaw w/14"" ","T","0","STIHL","Chainsaws","T","F","MS 201 C-EM","1059.99","Gas","Tool","","0","1","","","","","","","","438","Chainsaw","Gas","T","","","","","","","","","","","","","","","","","","","","","",""
"1145 200 0289","STIHL MS201C-EM Chainsaw w/14"" ","T","0","STIHL","Chainsaws","T","F","MS 201 C-EM","1059.99","Gas","Tool","","0","1","","","","","","","","439","Chainsaw","Gas","T","","","","","","","","","","","","","","","","","","","","","",""
"1145 200 0292","STIHL MS201C-EM Chainsaw w/14"" Light Bar","T","0","STIHL","Chainsaws","T","F","MS 201 C-EM","1089.99","Gas","Tool","","0","1","","","","","","","","440","Chainsaw","Gas","T","","","","","","","","","","","","","","","","","","","","","",""
"1145 200 0290","STIHL MS201C-EM Chainsaw w/14"" Light Bar","T","0","STIHL","Chainsaws","T","F","MS 201 C-EM","1089.99","Gas","Tool","","0","1","","","","","","","","441","Chainsaw","Gas","T","","","","","","","","","","","","","","","","","","","","","",""
"1145 200 0323","STIHL MS201C-EM Chainsaw w/14"" Light Bar","T","0","STIHL","Chainsaws","T","F","MS 201 C-EM","1059.99","Gas","Tool","","0","1","","","","","","","","442","Chainsaw","Gas","T","","","","","","","","","","","","","","","","","","","","","",""
"1145 200 0285","STIHL MS201C-EM Chainsaw w/16""","T","0","STIHL","Chainsaws","T","F","MS 201 C-EM","1069.99","Gas","Tool","","0","1","","","","","","","","443","Chainsaw","Gas","T","","","","","","","","","","","","","","","","","","","","","",""
"1145 200 0283","STIHL MS201C-EM Chainsaw w/16""","T","0","STIHL","Chainsaws","T","F","MS 201 C-EM","1069.99","Gas","Tool","","0","1","","","","","","","","444","Chainsaw","Gas","T","","","","","","","","","","","","","","","","","","","","","",""
"1145 200 0325","STIHL MS201C-EM Chainsaw w/16"" Light Bar","T","0","STIHL","Chainsaws","T","F","MS 201 C-EM","1069.99","Gas","Tool","","0","1","","","","","","","","445","Chainsaw","Gas","T","","","","","","","","","","","","","","","","","","","","","",""
"1145 200 0284","STIHL MS201C-EM Chainsaw w/16"" Light Bar","T","0","STIHL","Chainsaws","T","F","MS 201 C-EM","1099.99","Gas","Tool","","0","1","","","","","","","","446","Chainsaw","Gas","T","","","","","","","","","","","","","","","","","","","","","",""
"1145 200 0297","STIHL MS201TC-M Chainsaw w/12""","T","0","STIHL","Chainsaws","T","F","MS 201 TC-M","949.99","Gas","Tool","","0","0","","","","","","","","448","In-Tree Chainsaw","Gas","T","","","","","","","","","","","","","","","","","","","","","",""
"1145 200 0296","STIHL MS201TC-M Chainsaw w/12""","T","0","STIHL","Chainsaws","T","F","MS 201 TC-M","949.99","Gas","Tool","","0","0","","","","","","","","449","In-Tree Chainsaw","Gas","T","","","","","","","","","","","","","","","","","","","","","",""
"1145 200 0298","STIHL MS201TC-M Chainsaw w/12"" Light Bar","T","0","STIHL","Chainsaws","T","F","MS 201 TC-M","979.99","Gas","Tool","","0","0","","","","","","","","450","In-Tree Chainsaw","Gas","T","","","","","","","","","","","","","","","","","","","","","",""
"1145 200 0300","STIHL MS201TC-M Chainsaw w/14""","T","0","STIHL","Chainsaws","T","F","MS 201 TC-M","959.99","Gas","Tool","","0","1","","","","","","","","451","In-Tree Chainsaw","Gas","T","","","","","","","","","","","","","","","","","","","","","",""
"1145 200 0302","STIHL MS201TC-M Chainsaw w/14""","T","0","STIHL","Chainsaws","T","F","MS 201 TC-M","909.99","Gas","Tool","","0","1","","","","","","","","452","In-Tree Chainsaw","Gas","T","","","","","","","","","","","","","","","","","","","","","",""
"1145 200 0299","STIHL MS201TC-M Chainsaw w/14""","T","0","STIHL","Chainsaws","T","F","MS 201 TC-M","959.99","Gas","Tool","","0","1","","","","","","","","453","In-Tree Chainsaw","Gas","T","","","","","","","","","","","","","","","","","","","","","",""
"1145 200 0327","STIHL MS201TC-M Chainsaw ","T","0","STIHL","Chainsaws","T","F","MS 201 TC-M","859.99","Gas","Tool","","0","0","","","","","","","","454","In-Tree Chainsaw","Gas","T","","","","","","","","","","","","","","","","","","","","","",""
"1145 200 0301","STIHL MS201TC-M Chainsaw w/14""","T","0","STIHL","Chainsaws","T","F","MS 201 TC-M","909.99","Gas","Tool","","0","1","","","","","","","","455","In-Tree Chainsaw","Gas","T","","","","","","","","","","","","","","","","","","","","","",""
"1145 200 0324","STIHL MS201TC-M Chainsaw w/14"" Light Bar","T","0","STIHL","Chainsaws","T","F","MS 201 TC-M","959.99","Gas","Tool","","0","1","","","","","","","","456","In-Tree Chainsaw","Gas","T","","","","","","","","","","","","","","","","","","","","","",""
"1145 200 0304","STIHL MS201TC-M Chainsaw w/14"" Light Bar","T","0","STIHL","Chainsaws","T","F","MS 201 TC-M","989.99","Gas","Tool","","0","1","","","","","","","","457","In-Tree Chainsaw","Gas","T","","","","","","","","","","","","","","","","","","","","","",""
"1145 200 0303","STIHL MS201TC-M Chainsaw w/14"" Light Bar","T","0","STIHL","Chainsaws","T","F","MS 201 TC-M","989.99","Gas","Tool","","0","1","","","","","","","","458","In-Tree Chainsaw","Gas","T","","","","","","","","","","","","","","","","","","","","","",""
"1145 200 0305","STIHL MS201TC-M Chainsaw w/16""","T","0","STIHL","Chainsaws","T","F","MS 201 TC-M","969.99","Gas","Tool","","0","1","","","","","","","","459","In-Tree Chainsaw","Gas","T","","","","","","","","","","","","","","","","","","","","","",""
"1145 200 0306","STIHL MS201TC-M Chainsaw w/16""","T","0","STIHL","Chainsaws","T","F","MS 201 TC-M","969.99","Gas","Tool","","0","1","","","","","","","","460","In-Tree Chainsaw","Gas","T","","","","","","","","","","","","","","","","","","","","","",""
"1145 200 0308","STIHL MS201TC-M Chainsaw w/16""","T","0","STIHL","Chainsaws","T","F","MS 201 TC-M","969.99","Gas","Tool","","0","1","","","","","","","","461","In-Tree Chainsaw","Gas","T","","","","","","","","","","","","","","","","","","","","","",""
"1145 200 0326","STIHL MS201TC-M Chainsaw w/16"" Light Bar","T","0","STIHL","Chainsaws","T","F","MS 201 TC-M","969.99","Gas","Tool","","0","1","","","","","","","","462","In-Tree Chainsaw","Gas","T","","","","","","","","","","","","","","","","","","","","","",""
"1145 200 0307","STIHL MS201TC-M Chainsaw w/16"" Light Bar","T","0","STIHL","Chainsaws","T","F","MS 201 TC-M","999.99","Gas","Tool","","0","1","","","","","","","","463","In-Tree Chainsaw","Gas","T","","","","","","","","","","","","","","","","","","","","","",""
"1145 200 0309","STIHL MS201TC-M Chainsaw w/16"" Light Bar","T","0","STIHL","Chainsaws","T","F","MS 201 TC-M","999.99","Gas","Tool","","0","1","","","","","","","","464","In-Tree Chainsaw","Gas","T","","","","","","","","","","","","","","","","","","","","","",""
"1148 200 0214 US","STIHL MS212C-BE Chainsaw w/18""","T","0","STIHL","Chainsaws","T","F","MS 212 C-BE","409.99","Gas","Tool","","0","0","","","","2026-12-31","379.99","2026-08-01","","466","Chainsaw","Gas","T","","","","","","","","","","","","","","","","","","","","","",""
"1123 200 0881 US","STIHL MS250 Chainsaw w/18""","T","0","STIHL","Chainsaws","T","F","MS 250","429.99","Gas","Tool","","1","1","","","","","","","","468","Chainsaw","Gas","T","","","","","","","","","","","","","","","","","","","","","",""
"1143 200 0700 US","STIHL MS251 Chainsaw w/18""","T","0","STIHL","Chainsaws","T","F","MS 251","429.99","Gas","Tool","","1","1","","","","2026-12-31","399.99","2026-08-01","","470","Chainsaw","Gas","T","","","","","","","","","","","","","","","","","","","","","",""
"1143 200 0699 US","STIHL MS251C-BE Chainsaw w/18""","T","0","STIHL","Chainsaws","T","F","MS 251 C-BE","479.99","Gas","Tool","","0","1","","","","","","","","472","Chainsaw","Gas","T","","","","","","","","","","","","","","","","","","","","","",""
"1141 200 0678","STIHL MS261 Saw w/16"" Light (23RM3 / 3313)","T","0","STIHL","Chainsaws","T","F","MS 261","759.99","Gas","Tool","","0","0","","","","","","","","474","Chainsaw","Gas","T","","","","","","","","","","","","","","","","","","","","","",""
"1141 200 0679","STIHL MS261 Saw w/18"" Light (23RM3 / 3317)","T","0","STIHL","Chainsaws","T","F","MS 261","769.99","Gas","Tool","","0","0","","","","","","","","475","Chainsaw","Gas","T","","","","","","","","","","","","","","","","","","","","","",""
"1141 200 0680","STIHL MS261 Saw w/20"" Light (23RM3 / 3321)","T","0","STIHL","Chainsaws","T","F","MS 261","779.99","Gas","Tool","","0","0","","","","","","","","476","Chainsaw","Gas","T","","","","","","","","","","","","","","","","","","","","","",""
"1141 200 0675","STIHL MS261C-M Chainsaw w/16"" Light Bar","T","0","STIHL","Chainsaws","T","F","MS 261 C-M","759.99","Gas","Tool","","0","0","","","","","","","","478","Chainsaw","Gas","T","","","","","","","","","","","","","","","","","","","","","",""
"1141 200 0676","STIHL MS261C-M Chainsaw w/18"" Light Bar","T","0","STIHL","Chainsaws","T","F","MS 261 C-M","769.99","Gas","Tool","","0","1","","","","","","","","479","Chainsaw","Gas","T","","","","","","","","","","","","","","","","","","","","","",""
"1141 200 0677","STIHL MS261C-M Chainsaw w/20"" Light Bar","T","0","STIHL","Chainsaws","T","F","MS 261 C-M","779.99","Gas","Tool","","0","1","","","","","","","","480","Chainsaw","Gas","T","","","","","","","","","","","","","","","","","","","","","",""
"1141 200 0681 US","STIHL MS271 Chainsaw w/18""","T","0","STIHL","Chainsaws","T","F","MS 271 ","529.99","Gas","Tool","","1","1","","","","2026-12-31","479.99","2026-08-01","","482","Chainsaw","Gas","T","","","","","","","","","","","","","","","","","","","","","",""
"1141 200 0682 US","STIHL MS271 Chainsaw w/20""","T","0","STIHL","Chainsaws","T","F","MS 271 ","539.99","Gas","Tool","","0","1","","","","2026-12-31","489.99","2026-08-01","","483","Chainsaw","Gas","T","","","","","","","","","","","","","","","","","","","","","",""
"1141 200 0779 US","STIHL MS271 ","T","0","STIHL","Chainsaws","T","F","MS 271 ","539.99","Gas","Tool","","0","0","","","","","","","","484","Chainsaw","Gas","T","","","","","","","","","","","","","","","","","","","","","",""
"1141 200 0673 US","STIHL MS291 Chainsaw w/18"" ","T","0","STIHL","Chainsaws","T","F","MS 291","609.99","Gas","Tool","","0","0","","","","","","","","486","Chainsaw","Gas","T","","","","","","","","","","","","","","","","","","","","","",""
"1141 200 0674 US","STIHL MS291 Chainsaw w/20""","T","0","STIHL","Chainsaws","T","F","MS 291","619.99","Gas","Tool","","1","1","","","","","","","","487","Chainsaw","Gas","T","","","","","","","","","","","","","","","","","","","","","",""
"1140 200 0594","STIHL MS311 Chainsaw w/18""","T","0","STIHL","Chainsaws","T","F","MS 311","759.99","Gas","Tool","","0","0","","","","","","","","489","Chainsaw","Gas","T","","","","","","","","","","","","","","","","","","","","","",""
"1140 200 0595","STIHL MS311 Chainsaw w/20""","T","0","STIHL","Chainsaws","T","F","MS 311","769.99","Gas","Tool","","0","1","","","","","","","","490","Chainsaw","Gas","T","","","","","","","","","","","","","","","","","","","","","",""
"1140 200 0754","STIHL MS311 Chainsaw w/20""","T","0","STIHL","Chainsaws","T","F","M3S 311","779.99","Gas","Tool","","0","1","","","","","","","","491","Chainsaw","Gas","T","","","","","","","","","","","","","","","","","","","","","",""
"1140 200 0650","STIHL MS311 Chainsaw w/25""","T","0","STIHL","Chainsaws","T","F","MS 311","779.99","Gas","Tool","","0","1","","","","","","","","492","Chainsaw","Gas","T","","","","","","","","","","","","","","","","","","","","","",""
"1140 200 0755","STIHL MS311 Chainsaw w/25""","T","0","STIHL","Chainsaws","T","F","MS 311","789.99","Gas","Tool","","0","0","","","","","","","","493","Chainsaw","Gas","T","","","","","","","","","","","","","","","","","","","","","",""
"1140 200 0641","STIHL MS362 Saw w/18"" (33RS3 / 8917)","T","0","STIHL","Chainsaws","T","F","MS 362","1109.99","Gas","Tool","","0","0","","","","","","","","495","Chainsaw","Gas","T","","","","","","","","","","","","","","","","","","","","","",""
"1140 200 0642","STIHL MS362 Saw w/20"" (33RS3 / 8921)","T","0","STIHL","Chainsaws","T","F","MS 362","1119.99","Gas","Tool","","0","0","","","","","","","","496","Chainsaw","Gas","T","","","","","","","","","","","","","","","","","","","","","",""
"1140 200 0759","STIHL MS362 Saw w/20"" (33RH3 / 8921)","T","0","STIHL","Chainsaws","T","F","MS 362","1129.99","Gas","Tool","","0","0","","","","","","","","497","Chainsaw","Gas","T","","","","","","","","","","","","","","","","","","","","","",""
"1140 200 0643","STIHL MS362 Saw w/25"" (33RS3 / 8830)","T","0","STIHL","Chainsaws","T","F","MS 362","1129.99","Gas","Tool","","0","0","","","","","","","","498","Chainsaw","Gas","T","","","","","","","","","","","","","","","","","","","","","",""
"1140 200 0761","STIHL MS362 Saw w/25"" (33RH3 / 8830)","T","0","STIHL","Chainsaws","T","F","MS 362","1139.99","Gas","Tool","","0","0","","","","","","","","499","Chainsaw","Gas","T","","","","","","","","","","","","","","","","","","","","","",""
"1140 200 0628","STIHL MS362C-M Chainsaw w/18""","T","0","STIHL","Chainsaws","T","F","MS 362 C-M","1109.99","Gas","Tool","","0","0","","","","","","","","501","Chainsaw","Gas","T","","","","","","","","","","","","","","","","","","","","","",""
"1140 200 0629","STIHL MS362C-M Chainsaw w/20""","T","0","STIHL","Chainsaws","T","F","MS 362 C-M","1119.99","Gas","Tool","","0","1","","","","","","","","502","Chainsaw","Gas","T","","","","","","","","","","","","","","","","","","","","","",""
"1140 200 0758","STIHL MS362C-M Chainsaw w/20""","T","0","STIHL","Chainsaws","T","F","MS 362 C-M","1129.99","Gas","Tool","","0","1","","","","","","","","503","Chainsaw","Gas","T","","","","","","","","","","","","","","","","","","","","","",""
"1140 200 0631","STIHL MS362C-M Chainsaw w/25""","T","0","STIHL","Chainsaws","T","F","MS 362 C-M","1129.99","Gas","Tool","","0","1","","","","","","","","504","Chainsaw","Gas","T","","","","","","","","","","","","","","","","","","","","","",""
"1140 200 0760","STIHL MS362C-M Chainsaw w/25""","T","0","STIHL","Chainsaws","T","F","MS 362 C-M","1139.99","Gas","Tool","","0","1","","","","","","","","505","Chainsaw","Gas","T","","","","","","","","","","","","","","","","","","","","","",""
"1140 200 0764","STIHL MS362C-M Chainsaw w/25"" Light Bar","T","0","STIHL","Chainsaws","T","F","MS 362 C-M","1189.99","Gas","Tool","","0","1","","","","","","","","506","Chainsaw","Gas","T","","","","","","","","","","","","","","","","","","","","","",""
"1140 200 0636","STIHL MS362RC-M Saw w/18"" (33RS3 / 8917)","T","0","STIHL","Chainsaws","T","F","MS 362 RC-M","1159.99","Gas","Tool","","0","0","","","","","","","","508","Chainsaw","Gas","T","","","","","","","","","","","","","","","","","","","","","",""
"1140 200 0637","STIHL MS362RC-M Saw w/20"" (33RS3 / 8921)","T","0","STIHL","Chainsaws","T","F","MS 362 RC-M","1169.99","Gas","Tool","","0","0","","","","","","","","509","Chainsaw","Gas","T","","","","","","","","","","","","","","","","","","","","","",""
"1140 200 0686","STIHL MS362RC-M Saw w/25"" (33RS3 / 8830)","T","0","STIHL","Chainsaws","T","F","MS 362 RC-M","1179.99","Gas","Tool","","0","0","","","","","","","","510","Chainsaw","Gas","T","","","","","","","","","","","","","","","","","","","","","",""
"1140 200 0590","STIHL MS391 Chainsaw w/18""","T","0","STIHL","Chainsaws","T","F","MS 391","839.99","Gas","Tool","","0","0","","","","","","","","512","Chainsaw","Gas","T","","","","","","","","","","","","","","","","","","","","","",""
"1140 200 0591","STIHL MS391 Chainsaw w/20""","T","0","STIHL","Chainsaws","T","F","MS 391","849.99","Gas","Tool","","0","1","","","","","","","","513","Chainsaw","Gas","T","","","","","","","","","","","","","","","","","","","","","",""
"1140 200 0756","STIHL MS391 Chainsaw w/20""","T","0","STIHL","Chainsaws","T","F","MS 391","859.99","Gas","Tool","","0","1","","","","","","","","514","Chainsaw","Gas","T","","","","","","","","","","","","","","","","","","","","","",""
"1140 200 0592","STIHL MS391 Chainsaw w/25""","T","0","STIHL","Chainsaws","T","F","MS 391","859.99","Gas","Tool","","0","1","","","","","","","","515","Chainsaw","Gas","T","","","","","","","","","","","","","","","","","","","","","",""
"1140 200 0600","STIHL MS391 Chainsaw w/25""","T","0","STIHL","Chainsaws","T","F","MS 391","859.99","Gas","Tool","","0","1","","","","","","","","516","Chainsaw","Gas","T","","","","","","","","","","","","","","","","","","","","","",""
"1140 200 0757","STIHL MS391 Chainsaw w/25""","T","0","STIHL","Chainsaws","T","F","MS 391","869.99","Gas","Tool","","0","0","","","","","","","","517","Chainsaw","Gas","T","","","","","","","","","","","","","","","","","","","","","",""
"1140 200 0704","STIHL MS400C-M Saw w/16"" (33RS3 / 8813)","T","0","STIHL","Chainsaws","T","F","MS 400 C-M","1239.99","Gas","Tool","","0","0","","","","","","","","519","Chainsaw","Gas","T","","","","","","","","","","","","","","","","","","","","","",""
"1140 200 0705","STIHL MS400C-M Saw w/18"" (33RS3 / 8817)","T","0","STIHL","Chainsaws","T","F","MS 400 C-M","1249.99","Gas","Tool","","0","0","","","","","","","","520","Chainsaw","Gas","T","","","","","","","","","","","","","","","","","","","","","",""
"1140 200 0482","STIHL MS400C-M Saw w/20"" (33RS3 / 8921)","T","0","STIHL","Chainsaws","T","F","MS 400 C-M","1259.99","Gas","Tool","","0","0","","","","","","","","521","Chainsaw","Gas","T","","","","","","","","","","","","","","","","","","","","","",""
"1140 200 0706","STIHL MS400C-M Saw w/20"" (33RS3 / 8822)","T","0","STIHL","Chainsaws","T","F","MS 400 C-M","1259.99","Gas","Tool","","0","0","","","","","","","","522","Chainsaw","Gas","T","","","","","","","","","","","","","","","","","","","","","",""
"1140 200 0708","STIHL MS400C-M Saw w/20"" (33RM3 / 8822)","T","0","STIHL","Chainsaws","T","F","MS 400 C-M","1259.99","Gas","Tool","","0","0","","","","","","","","523","Chainsaw","Gas","T","","","","","","","","","","","","","","","","","","","","","",""
"1140 200 0707","STIHL MS400C-M Saw w/20"" Light (33RS3 / 2221)","T","0","STIHL","Chainsaws","T","F","MS 400 C-M","1309.99","Gas","Tool","","0","0","","","","","","","","524","Chainsaw","Gas","T","","","","","","","","","","","","","","","","","","","","","",""
"1140 200 0483","STIHL MS400C-M Saw w/25"" (33RS3 / 4030)","T","0","STIHL","Chainsaws","T","F","MS 400 C-M","1269.99","Gas","Tool","","0","0","","","","","","","","525","Chainsaw","Gas","T","","","","","","","","","","","","","","","","","","","","","",""
"1140 200 0709","STIHL MS400C-M Saw w/25"" (33RS3 / 8830)","T","0","STIHL","Chainsaws","T","F","MS 400 C-M","1269.99","Gas","Tool","","0","0","","","","","","","","526","Chainsaw","Gas","T","","","","","","","","","","","","","","","","","","","","","",""
"1140 200 0710","STIHL MS400C-M Saw w/25"" (33RS / 8830)","T","0","STIHL","Chainsaws","T","F","MS 400 C-M","1269.99","Gas","Tool","","0","0","","","","","","","","527","Chainsaw","Gas","T","","","","","","","","","","","","","","","","","","","","","",""
"1140 200 0765","STIHL MS400C-M Saw w/25"" (33RH3 / 4030)","T","0","STIHL","Chainsaws","T","F","MS 400 C-M","1279.99","Gas","Tool","","0","0","","","","","","","","528","Chainsaw","Gas","T","","","","","","","","","","","","","","","","","","","","","",""
"1140 200 0762","STIHL MS400C-M Saw w/25"" (33RH / 8830)","T","0","STIHL","Chainsaws","T","F","MS 400 C-M","1279.99","Gas","Tool","","0","0","","","","","","","","529","Chainsaw","Gas","T","","","","","","","","","","","","","","","","","","","","","",""
"1140 200 0728","STIHL MS400C-M Saw w/25"" Light (33RS3 / 2231)","T","0","STIHL","Chainsaws","T","F","MS 400 C-M","1319.99","Gas","Tool","","0","0","","","","","","","","530","Chainsaw","Gas","T","","","","","","","","","","","","","","","","","","","","","",""
"1140 200 0763","STIHL MS400C-M Saw w/25"" Light (33RH / 2231)","T","0","STIHL","Chainsaws","T","F","MS 400 C-M","1329.99","Gas","Tool","","0","0","","","","","","","","531","Chainsaw","Gas","T","","","","","","","","","","","","","","","","","","","","","",""
"1142 200 0192","STIHL MS462 Saw w/16"" (33RS / 8813)","T","0","STIHL","Chainsaws","T","F","MS 462","1589.99","Gas","Tool","","0","0","","","","","","","","533","Chainsaw","Gas","T","","","","","","","","","","","","","","","","","","","","","",""
"1142 200 0193","STIHL MS462 Saw w/18"" (33RS / 8817)","T","0","STIHL","Chainsaws","T","F","MS 462","1599.99","Gas","Tool","","0","0","","","","","","","","534","Chainsaw","Gas","T","","","","","","","","","","","","","","","","","","","","","",""
"1142 200 0194","STIHL MS462 Saw w/20"" (33RS / 8822)","T","0","STIHL","Chainsaws","T","F","MS 462","1609.99","Gas","Tool","","0","0","","","","","","","","535","Chainsaw","Gas","T","","","","","","","","","","","","","","","","","","","","","",""
"1142 200 0236","STIHL MS462 Saw w/20"" (33RH / 8822)","T","0","STIHL","Chainsaws","T","F","MS 462","1619.99","Gas","Tool","","0","0","","","","","","","","536","Chainsaw","Gas","T","","","","","","","","","","","","","","","","","","","","","",""
"1142 200 0203","STIHL MS462 Saw w/20"" Light (33RS / 2221)","T","0","STIHL","Chainsaws","T","F","MS 462","1659.99","Gas","Tool","","0","0","","","","","","","","537","Chainsaw","Gas","T","","","","","","","","","","","","","","","","","","","","","",""
"1142 200 0195","STIHL MS462 Saw w/25"" (33RS3 / 4030)","T","0","STIHL","Chainsaws","T","F","MS 462","1619.99","Gas","Tool","","0","0","","","","","","","","538","Chainsaw","Gas","T","","","","","","","","","","","","","","","","","","","","","",""
"1142 200 0196","STIHL MS462 Saw w/25"" (33RS3 / 8830)","T","0","STIHL","Chainsaws","T","F","MS 462","1619.99","Gas","Tool","","0","0","","","","","","","","539","Chainsaw","Gas","T","","","","","","","","","","","","","","","","","","","","","",""
"1142 200 0197","STIHL MS462 Saw w/25"" (33RS / 8830)","T","0","STIHL","Chainsaws","T","F","MS 462","1619.99","Gas","Tool","","0","0","","","","","","","","540","Chainsaw","Gas","T","","","","","","","","","","","","","","","","","","","","","",""
"1142 200 0237","STIHL MS462 Saw w/25"" (33RH / 8830)","T","0","STIHL","Chainsaws","T","F","MS 462","1629.99","Gas","Tool","","0","0","","","","","","","","541","Chainsaw","Gas","T","","","","","","","","","","","","","","","","","","","","","",""
"1142 200 0204","STIHL MS462 Saw w/25"" Light (33RS / 2231)","T","0","STIHL","Chainsaws","T","F","MS 462","1669.99","Gas","Tool","","0","0","","","","","","","","542","Chainsaw","Gas","T","","","","","","","","","","","","","","","","","","","","","",""
"1142 200 0198","STIHL MS462 Saw w/28"" (33RS / 8838)","T","0","STIHL","Chainsaws","T","F","MS 462","1629.99","Gas","Tool","","0","0","","","","","","","","543","Chainsaw","Gas","T","","","","","","","","","","","","","","","","","","","","","",""
"1142 200 0199","STIHL MS462 Saw w/28"" (33RSF / 8838)","T","0","STIHL","Chainsaws","T","F","MS 462","1629.99","Gas","Tool","","0","0","","","","","","","","544","Chainsaw","Gas","T","","","","","","","","","","","","","","","","","","","","","",""
"1142 200 0200","STIHL MS462 Saw w/28"" (36RSLF / 6038)","T","0","STIHL","Chainsaws","T","F","MS 462","1629.99","Gas","Tool","","0","0","","","","","","","","545","Chainsaw","Gas","T","","","","","","","","","","","","","","","","","","","","","",""
"1142 200 0205","STIHL MS462 Saw w/28"" Light (33RS / 2238)","T","0","STIHL","Chainsaws","T","F","MS 462","1679.99","Gas","Tool","","0","0","","","","","","","","546","Chainsaw","Gas","T","","","","","","","","","","","","","","","","","","","","","",""
"1142 200 0267","STIHL MS462 Saw w/28"" Light (33RHF / 2238)","T","0","STIHL","Chainsaws","T","F","MS 462","1689.99","Gas","Tool","","0","0","","","","","","","","547","Chainsaw","Gas","T","","","","","","","","","","","","","","","","","","","","","",""
"1142 200 0201","STIHL MS462 Saw w/32"" (33RS / 8846)","T","0","STIHL","Chainsaws","T","F","MS 462","1639.99","Gas","Tool","","0","0","","","","","","","","548","Chainsaw","Gas","T","","","","","","","","","","","","","","","","","","","","","",""
"1142 200 0206","STIHL MS462 Saw w/32"" Light (33RS / 2246)","T","0","STIHL","Chainsaws","T","F","MS 462","1689.99","Gas","Tool","","0","0","","","","","","","","549","Chainsaw","Gas","T","","","","","","","","","","","","","","","","","","","","","",""
"1142 200 0202","STIHL MS462 Saw w/36"" (33RS / 8853)","T","0","STIHL","Chainsaws","T","F","MS 462","1649.99","Gas","Tool","","0","0","","","","","","","","550","Chainsaw","Gas","T","","","","","","","","","","","","","","","","","","","","","",""
"1142 200 0207","STIHL MS462 Saw w/36"" Light (33RS / 2253)","T","0","STIHL","Chainsaws","T","F","MS 462","1699.99","Gas","Tool","","0","0","","","","","","","","551","Chainsaw","Gas","T","","","","","","","","","","","","","","","","","","","","","",""
"1142 200 0134","STIHL MS462C-M Chainsaw w/16""","T","0","STIHL","Chainsaws","T","F","MS 462 C-M","1589.99","Gas","Tool","","0","0","","","","","","","","553","Chainsaw","Gas","T","","","","","","","","","","","","","","","","","","","","","",""
"1142 200 0135","STIHL MS462C-M Chainsaw w/18""","T","0","STIHL","Chainsaws","T","F","MS 462 C-M","1599.99","Gas","Tool","","0","0","","","","","","","","554","Chainsaw","Gas","T","","","","","","","","","","","","","","","","","","","","","",""
"1142 200 0136","STIHL MS462C-M Chainsaw w/20""","T","0","STIHL","Chainsaws","T","F","MS 462 C-M","1609.99","Gas","Tool","","0","0","","","","","","","","555","Chainsaw","Gas","T","","","","","","","","","","","","","","","","","","","","","",""
"1142 200 0229","STIHL MS462C-M Chainsaw w/20""","T","0","STIHL","Chainsaws","T","F","MS 462 C-M","1619.99","Gas","Tool","","0","0","","","","","","","","556","Chainsaw","Gas","T","","","","","","","","","","","","","","","","","","","","","",""
"1142 200 0137","STIHL MS462C-M Chainsaw w/25""","T","0","STIHL","Chainsaws","T","F","MS 462 C-M","1619.99","Gas","Tool","","0","1","","","","","","","","557","Chainsaw","Gas","T","","","","","","","","","","","","","","","","","","","","","",""
"1142 200 0138","STIHL MS462C-M Chainsaw w/25""","T","0","STIHL","Chainsaws","T","F","MS 462 C-M","1619.99","Gas","Tool","","0","0","","","","","","","","558","Chainsaw","Gas","T","","","","","","","","","","","","","","","","","","","","","",""
"1142 200 0139","STIHL MS462C-M Chainsaw w/25""","T","0","STIHL","Chainsaws","T","F","MS 462 C-M","1619.99","Gas","Tool","","0","0","","","","","","","","559","Chainsaw","Gas","T","","","","","","","","","","","","","","","","","","","","","",""
"1142 200 0230","STIHL MS462C-M Chainsaw w/25""","T","0","STIHL","Chainsaws","T","F","MS 462 C-M","1629.99","Gas","Tool","","0","0","","","","","","","","560","Chainsaw","Gas","T","","","","","","","","","","","","","","","","","","","","","",""
"1142 200 0130","STIHL MS462C-M Chainsaw w/25"" Light Bar","T","0","STIHL","Chainsaws","T","F","MS 462 C-M","1669.99","Gas","Tool","","0","1","","","","","","","","561","Chainsaw","Gas","T","","","","","","","","","","","","","","","","","","","","","",""
"1142 200 0235","STIHL MS462C-M Chainsaw w/25"" Light Bar","T","0","STIHL","Chainsaws","T","F","MS 462 C-M","1679.99","Gas","Tool","","0","0","","","","","","","","562","Chainsaw","Gas","T","","","","","","","","","","","","","","","","","","","","","",""
"1142 200 0140","STIHL MS462C-M Chainsaw w/28""","T","0","STIHL","Chainsaws","T","F","MS 462 C-M","1629.99","Gas","Tool","","0","1","","","","","","","","563","Chainsaw","Gas","T","","","","","","","","","","","","","","","","","","","","","",""
"1142 200 0141","STIHL MS462C-M Chainsaw w/28""","T","0","STIHL","Chainsaws","T","F","MS 462 C-M","1629.99","Gas","Tool","","0","0","","","","","","","","564","Chainsaw","Gas","T","","","","","","","","","","","","","","","","","","","","","",""
"1142 200 0158","STIHL MS462C-M Chainsaw w/28""","T","0","STIHL","Chainsaws","T","F","MS 462 C-M","1629.99","Gas","Tool","","0","0","","","","","","","","565","Chainsaw","Gas","T","","","","","","","","","","","","","","","","","","","","","",""
"1142 200 0231","STIHL MS462C-M Chainsaw w/28""","T","0","STIHL","Chainsaws","T","F","MS 462 C-M","1639.99","Gas","Tool","","0","0","","","","","","","","566","Chainsaw","Gas","T","","","","","","","","","","","","","","","","","","","","","",""
"1142 200 0131","STIHL MS462C-M Chainsaw w/28"" Light Bar","T","0","STIHL","Chainsaws","T","F","MS 462 C-M","1679.99","Gas","Tool","","0","1","","","","","","","","567","Chainsaw","Gas","T","","","","","","","","","","","","","","","","","","","","","",""
"1142 200 0265","STIHL MS462C-M Chainsaw w/28"" Light Bar","T","0","STIHL","Chainsaws","T","F","MS 462 C-M","1689.99","Gas","Tool","","0","0","","","","","","","","568","Chainsaw","Gas","T","","","","","","","","","","","","","","","","","","","","","",""
"1142 200 0176","STIHL MS462C-M Chainsaw w/32""","T","0","STIHL","Chainsaws","T","F","MS 462 C-M","1639.99","Gas","Tool","","0","0","","","","","","","","569","Chainsaw","Gas","T","","","","","","","","","","","","","","","","","","","","","",""
"1142 200 0178","STIHL MS462C-M Chainsaw w/32"" Light Bar","T","0","STIHL","Chainsaws","T","F","MS 462 C-M","1689.99","Gas","Tool","","0","0","","","","","","","","570","Chainsaw","Gas","T","","","","","","","","","","","","","","","","","","","","","",""
"1142 200 0177","STIHL MS462C-M Chainsaw w/36""","T","0","STIHL","Chainsaws","T","F","MS 462 C-M","1649.99","Gas","Tool","","0","1","","","","","","","","571","Chainsaw","Gas","T","","","","","","","","","","","","","","","","","","","","","",""
"1142 200 0186","STIHL MS462C-M Chainsaw w/36"" Light Bar","T","0","STIHL","Chainsaws","T","F","MS 462 C-M","1699.99","Gas","Tool","","0","1","","","","","","","","572","Chainsaw","Gas","T","","","","","","","","","","","","","","","","","","","","","",""
"1142 200 0208","STIHL MS462R Saw w/16"" (33RS / 8813)","T","0","STIHL","Chainsaws","T","F","MS 462 R","1639.99","Gas","Tool","","0","0","","","","","","","","574","Chainsaw","Gas","T","","","","","","","","","","","","","","","","","","","","","",""
"1142 200 0209","STIHL MS462R Saw w/18"" (33RS / 8817)","T","0","STIHL","Chainsaws","T","F","MS 462 R","1649.99","Gas","Tool","","0","0","","","","","","","","575","Chainsaw","Gas","T","","","","","","","","","","","","","","","","","","","","","",""
"1142 200 0210","STIHL MS462R Saw w/20"" (33RS / 8822)","T","0","STIHL","Chainsaws","T","F","MS 462 R","1659.99","Gas","Tool","","0","0","","","","","","","","576","Chainsaw","Gas","T","","","","","","","","","","","","","","","","","","","","","",""
"1142 200 0238","STIHL MS462R Saw w/20"" (33RH / 8822)","T","0","STIHL","Chainsaws","T","F","MS 462 R","1669.99","Gas","Tool","","0","0","","","","","","","","577","Chainsaw","Gas","T","","","","","","","","","","","","","","","","","","","","","",""
"1142 200 0219","STIHL MS462R Saw w/20"" Light (33RS / 2221)","T","0","STIHL","Chainsaws","T","F","MS 462 R","1709.99","Gas","Tool","","0","0","","","","","","","","578","Chainsaw","Gas","T","","","","","","","","","","","","","","","","","","","","","",""
"1142 200 0211","STIHL MS462R Saw w/25"" (33RS3 / 4030)","T","0","STIHL","Chainsaws","T","F","MS 462 R","1669.99","Gas","Tool","","0","0","","","","","","","","579","Chainsaw","Gas","T","","","","","","","","","","","","","","","","","","","","","",""
"1142 200 0212","STIHL MS462R Saw w/25"" (33RS / 8830)","T","0","STIHL","Chainsaws","T","F","MS 462 R","1669.99","Gas","Tool","","0","0","","","","","","","","580","Chainsaw","Gas","T","","","","","","","","","","","","","","","","","","","","","",""
"1142 200 0239","STIHL MS462R Saw w/25"" (33RH / 8830)","T","0","STIHL","Chainsaws","T","F","MS 462 R","1679.99","Gas","Tool","","0","0","","","","","","","","581","Chainsaw","Gas","T","","","","","","","","","","","","","","","","","","","","","",""
"1142 200 0220","STIHL MS462R Saw w/25"" Light (33RS / 2231)","T","0","STIHL","Chainsaws","T","F","MS 462 R","1719.99","Gas","Tool","","0","0","","","","","","","","582","Chainsaw","Gas","T","","","","","","","","","","","","","","","","","","","","","",""
"1142 200 0213","STIHL MS462R Saw w/28"" (33RS / 8838)","T","0","STIHL","Chainsaws","T","F","MS 462 R","1679.99","Gas","Tool","","0","0","","","","","","","","583","Chainsaw","Gas","T","","","","","","","","","","","","","","","","","","","","","",""
"1142 200 0215","STIHL MS462R Saw w/28"" (33RSF / 8838)","T","0","STIHL","Chainsaws","T","F","MS 462 R","1679.99","Gas","Tool","","0","0","","","","","","","","584","Chainsaw","Gas","T","","","","","","","","","","","","","","","","","","","","","",""
"1142 200 0214","STIHL MS462R Saw w/28"" (36RSLF / 6038)","T","0","STIHL","Chainsaws","T","F","MS 462 R","1679.99","Gas","Tool","","0","0","","","","","","","","585","Chainsaw","Gas","T","","","","","","","","","","","","","","","","","","","","","",""
"1142 200 0221","STIHL MS462R Saw w/28"" Light (33RS / 2238)","T","0","STIHL","Chainsaws","T","F","MS 462 R","1729.99","Gas","Tool","","0","0","","","","","","","","586","Chainsaw","Gas","T","","","","","","","","","","","","","","","","","","","","","",""
"1142 200 0223","STIHL MS462R Saw w/28"" Light (33RSF / 2238)","T","0","STIHL","Chainsaws","T","F","MS 462 R","1729.99","Gas","Tool","","0","0","","","","","","","","587","Chainsaw","Gas","T","","","","","","","","","","","","","","","","","","","","","",""
"1142 200 0222","STIHL MS462R Saw w/28"" Light (36RSLF / 2038)","T","0","STIHL","Chainsaws","T","F","MS 462 R","1729.99","Gas","Tool","","0","0","","","","","","","","588","Chainsaw","Gas","T","","","","","","","","","","","","","","","","","","","","","",""
"1142 200 0268","STIHL MS462R Saw w/28"" Light (33RHF / 2238)","T","0","STIHL","Chainsaws","T","F","MS 462 R","1739.99","Gas","Tool","","0","0","","","","","","","","589","Chainsaw","Gas","T","","","","","","","","","","","","","","","","","","","","","",""
"1142 200 0216","STIHL MS462R Saw w/32"" (33RS / 8846)","T","0","STIHL","Chainsaws","T","F","MS 462 R","1689.99","Gas","Tool","","0","0","","","","","","","","590","Chainsaw","Gas","T","","","","","","","","","","","","","","","","","","","","","",""
"1142 200 0217","STIHL MS462R Saw w/32"" (33RSLF / 8846)","T","0","STIHL","Chainsaws","T","F","MS 462 R","1689.99","Gas","Tool","","0","0","","","","","","","","591","Chainsaw","Gas","T","","","","","","","","","","","","","","","","","","","","","",""
"1142 200 0224","STIHL MS462R Saw w/32"" Light (33RS / 2246)","T","0","STIHL","Chainsaws","T","F","MS 462 R","1739.99","Gas","Tool","","0","0","","","","","","","","592","Chainsaw","Gas","T","","","","","","","","","","","","","","","","","","","","","",""
"1142 200 0225","STIHL MS462R Saw w/32"" Light (33RSLF / 2246)","T","0","STIHL","Chainsaws","T","F","MS 462 R","1739.99","Gas","Tool","","0","0","","","","","","","","593","Chainsaw","Gas","T","","","","","","","","","","","","","","","","","","","","","",""
"1142 200 0226","STIHL MS462R Saw w/32"" Light (36RSLF / 2046)","T","0","STIHL","Chainsaws","T","F","MS 462 R","1739.99","Gas","Tool","","0","0","","","","","","","","594","Chainsaw","Gas","T","","","","","","","","","","","","","","","","","","","","","",""
"1142 200 0218","STIHL MS462R Saw w/36"" (33RS / 8853)","T","0","STIHL","Chainsaws","T","F","MS 462 R","1699.99","Gas","Tool","","0","0","","","","","","","","595","Chainsaw","Gas","T","","","","","","","","","","","","","","","","","","","","","",""
"1142 200 0227","STIHL MS462R Saw w/36"" Light (33RS / 2253)","T","0","STIHL","Chainsaws","T","F","MS 462 R","1749.99","Gas","Tool","","0","0","","","","","","","","596","Chainsaw","Gas","T","","","","","","","","","","","","","","","","","","","","","",""
"1142 200 0228","STIHL MS462R Saw w/36"" Light (36RSLF / 2053)","T","0","STIHL","Chainsaws","T","F","MS 462 R","1749.99","Gas","Tool","","0","0","","","","","","","","597","Chainsaw","Gas","T","","","","","","","","","","","","","","","","","","","","","",""
"1142 200 0142","STIHL MS462RC-M Saw w/16"" (33RS / 8813)","T","0","STIHL","Chainsaws","T","F","MS 462 RC-M","1689.99","Gas","Tool","","0","0","","","","","","","","599","Chainsaw","Gas","T","","","","","","","","","","","","","","","","","","","","","",""
"1142 200 0143","STIHL MS462RC-M Saw w/18"" (33RS / 8817)","T","0","STIHL","Chainsaws","T","F","MS 462 RC-M","1699.99","Gas","Tool","","0","0","","","","","","","","600","Chainsaw","Gas","T","","","","","","","","","","","","","","","","","","","","","",""
"1142 200 0155","STIHL MS462RC-M Saw w/20"" (33RS / 8822)","T","0","STIHL","Chainsaws","T","F","MS 462 RC-M","1709.99","Gas","Tool","","0","0","","","","","","","","601","Chainsaw","Gas","T","","","","","","","","","","","","","","","","","","","","","",""
"1142 200 0232","STIHL MS462RC-M Saw w/20"" (33RH / 8822)","T","0","STIHL","Chainsaws","T","F","MS 462 RC-M","1719.99","Gas","Tool","","0","0","","","","","","","","602","Chainsaw","Gas","T","","","","","","","","","","","","","","","","","","","","","",""
"1142 200 0162","STIHL MS462RC-M Saw w/20"" Light (33RS / 2221)","T","0","STIHL","Chainsaws","T","F","MS 462 RC-M","1759.99","Gas","Tool","","0","0","","","","","","","","603","Chainsaw","Gas","T","","","","","","","","","","","","","","","","","","","","","",""
"1142 200 0168","STIHL MS462RC-M Saw w/25"" (33RS / 4030)","T","0","STIHL","Chainsaws","T","F","MS 462 RC-M","1719.99","Gas","Tool","","0","0","","","","","","","","604","Chainsaw","Gas","T","","","","","","","","","","","","","","","","","","","","","",""
"1142 200 0144","STIHL MS462RC-M Saw w/25"" (33RS / 8830)","T","0","STIHL","Chainsaws","T","F","MS 462 RC-M","1719.99","Gas","Tool","","0","0","","","","","","","","605","Chainsaw","Gas","T","","","","","","","","","","","","","","","","","","","","","",""
"1142 200 0233","STIHL MS462RC-M Saw w/25"" (33RH / 8830)","T","0","STIHL","Chainsaws","T","F","MS 462 RC-M","1729.99","Gas","Tool","","0","0","","","","","","","","606","Chainsaw","Gas","T","","","","","","","","","","","","","","","","","","","","","",""
"1142 200 0149","STIHL MS462RC-M Saw w/25"" Light (33RS / 2231)","T","0","STIHL","Chainsaws","T","F","MS 462 RC-M","1769.99","Gas","Tool","","0","0","","","","","","","","607","Chainsaw","Gas","T","","","","","","","","","","","","","","","","","","","","","",""
"1142 200 0159","STIHL MS462RC-M Saw w/28"" (33RS / 8838)","T","0","STIHL","Chainsaws","T","F","MS 462 RC-M","1729.99","Gas","Tool","","0","0","","","","","","","","608","Chainsaw","Gas","T","","","","","","","","","","","","","","","","","","","","","",""
"1142 200 0150","STIHL MS462RC-M Saw w/28"" (33RSF / 8838)","T","0","STIHL","Chainsaws","T","F","MS 462 RC-M","1729.99","Gas","Tool","","0","0","","","","","","","","609","Chainsaw","Gas","T","","","","","","","","","","","","","","","","","","","","","",""
"1142 200 0234","STIHL MS462RC-M Saw w/28"" (33RH / 8838)","T","0","STIHL","Chainsaws","T","F","MS 462 RC-M","1739.99","Gas","Tool","","0","0","","","","","","","","610","Chainsaw","Gas","T","","","","","","","","","","","","","","","","","","","","","",""
"1142 200 0160","STIHL MS462RC-M Saw w/28"" (36RSLF / 6038)","T","0","STIHL","Chainsaws","T","F","MS 462 RC-M","1729.99","Gas","Tool","","0","0","","","","","","","","611","Chainsaw","Gas","T","","","","","","","","","","","","","","","","","","","","","",""
"1142 200 0153","STIHL MS462RC-M Saw w/28"" Light (33RS / 2238)","T","0","STIHL","Chainsaws","T","F","MS 462 RC-M","1779.99","Gas","Tool","","0","0","","","","","","","","612","Chainsaw","Gas","T","","","","","","","","","","","","","","","","","","","","","",""
"1142 200 0151","STIHL MS462RC-M Saw w/28"" Light (33RSF / 2238)","T","0","STIHL","Chainsaws","T","F","MS 462 RC-M","1779.99","Gas","Tool","","0","0","","","","","","","","613","Chainsaw","Gas","T","","","","","","","","","","","","","","","","","","","","","",""
"1142 200 0266","STIHL MS462RC-M Saw w/28"" Light (33RHF / 2238)","T","0","STIHL","Chainsaws","T","F","MS 462 RC-M","1789.99","Gas","Tool","","0","0","","","","","","","","614","Chainsaw","Gas","T","","","","","","","","","","","","","","","","","","","","","",""
"1142 200 0152","STIHL MS462RC-M Saw w/28"" Light (36RSLF / 2038)","T","0","STIHL","Chainsaws","T","F","MS 462 RC-M","1779.99","Gas","Tool","","0","0","","","","","","","","615","Chainsaw","Gas","T","","","","","","","","","","","","","","","","","","","","","",""
"1142 200 0179","STIHL MS462RC-M Saw w/32"" (33RS / 8846)","T","0","STIHL","Chainsaws","T","F","MS 462 RC-M","1739.99","Gas","Tool","","0","0","","","","","","","","616","Chainsaw","Gas","T","","","","","","","","","","","","","","","","","","","","","",""
"1142 200 0187","STIHL MS462RC-M Saw w/32"" (33RSLF / 8846)","T","0","STIHL","Chainsaws","T","F","MS 462 RC-M","1739.99","Gas","Tool","","0","0","","","","","","","","617","Chainsaw","Gas","T","","","","","","","","","","","","","","","","","","","","","",""
"1142 200 0181","STIHL MS462RC-M Saw w/32"" Light (33RS / 2246)","T","0","STIHL","Chainsaws","T","F","MS 462 RC-M","1789.99","Gas","Tool","","0","0","","","","","","","","618","Chainsaw","Gas","T","","","","","","","","","","","","","","","","","","","","","",""
"1142 200 0182","STIHL MS462RC-M Saw w/32"" Light (33RSLF/2046)","T","0","STIHL","Chainsaws","T","F","MS 462 RC-M","1789.99","Gas","Tool","","0","0","","","","","","","","619","Chainsaw","Gas","T","","","","","","","","","","","","","","","","","","","","","",""
"1142 200 0184","STIHL MS462RC-M Saw w/32"" Light (33RSLF/2246)","T","0","STIHL","Chainsaws","T","F","MS 462 RC-M","1789.99","Gas","Tool","","0","0","","","","","","","","620","Chainsaw","Gas","T","","","","","","","","","","","","","","","","","","","","","",""
"1142 200 0180","STIHL MS462RC-M Saw w/36"" (33RS / 8853)","T","0","STIHL","Chainsaws","T","F","MS 462 RC-M","1749.99","Gas","Tool","","0","0","","","","","","","","621","Chainsaw","Gas","T","","","","","","","","","","","","","","","","","","","","","",""
"1142 200 0183","STIHL MS462RC-M Saw w/36"" Light (33RS / 2253)","T","0","STIHL","Chainsaws","T","F","MS 462 RC-M","1799.99","Gas","Tool","","0","0","","","","","","","","622","Chainsaw","Gas","T","","","","","","","","","","","","","","","","","","","","","",""
"1142 200 0185","STIHL MS462RC-M Saw w/36"" Light (33RSLF/2053)","T","0","STIHL","Chainsaws","T","F","MS 462 RC-M","1799.99","Gas","Tool","","0","0","","","","","","","","623","Chainsaw","Gas","T","","","","","","","","","","","","","","","","","","","","","",""
"1142 200 0148","STIHL MS462RC-M Rescue w/20"" (36RDR / 9421)","T","0","STIHL","Chainsaws","T","F","MS 462 RC-M RESCUE","1849.99","Gas","Tool","","0","0","","","","","","","","625","Rescue Saw","Gas","T","","","","","","","","","","","","","","","","","","","","","",""
"1142 200 0156","STIHL MS462RC-M Rescue w/20"" (36RDR / 9421)","T","0","STIHL","Chainsaws","T","F","MS 462 RC-M RESCUE","2039.99","Gas","Tool","","0","0","","","","","","","","626","Rescue Saw","Gas","T","","","","","","","","","","","","","","","","","","","","","",""
"1147 200 0049","STIHL MS500i Chainsaw w/16""","T","0","STIHL","Chainsaws","T","F","MS 500 i","1749.99","Gas","Tool","","0","0","","","","","","","","628","Chainsaw","Gas","T","","","","","","","","","","","","","","","","","","","","","",""
"1147 200 0029","STIHL MS500i Chainsaw w/18""","T","0","STIHL","Chainsaws","T","F","MS 500 i","1759.99","Gas","Tool","","0","0","","","","","","","","629","Chainsaw","Gas","T","","","","","","","","","","","","","","","","","","","","","",""
"1147 200 0030","STIHL MS500i Chainsaw w/20""","T","0","STIHL","Chainsaws","T","F","MS 500 i","1769.99","Gas","Tool","","0","0","","","","","","","","630","Chainsaw","Gas","T","","","","","","","","","","","","","","","","","","","","","",""
"1147 200 0058","STIHL MS500i Chainsaw w/20""","T","0","STIHL","Chainsaws","T","F","MS 500 i","1779.99","Gas","Tool","","0","0","","","","","","","","631","Chainsaw","Gas","T","","","","","","","","","","","","","","","","","","","","","",""
"1147 200 0052","STIHL MS500i Chainsaw w/25""","T","0","STIHL","Chainsaws","T","F","MS 500 i","1779.99","Gas","Tool","","0","0","","","","","","","","632","Chainsaw","Gas","T","","","","","","","","","","","","","","","","","","","","","",""
"1147 200 0031","STIHL MS500i Chainsaw w/25""","T","0","STIHL","Chainsaws","T","F","MS 500 i","1779.99","Gas","Tool","","0","0","","","","","","","","633","Chainsaw","Gas","T","","","","","","","","","","","","","","","","","","","","","",""
"1147 200 0059","STIHL MS500i Chainsaw w/25""","T","0","STIHL","Chainsaws","T","F","MS 500 i","1789.99","Gas","Tool","","0","0","","","","","","","","634","Chainsaw","Gas","T","","","","","","","","","","","","","","","","","","","","","",""
"1147 200 0032","STIHL MS500i Chainsaw w/25"" Light Bar","T","0","STIHL","Chainsaws","T","F","MS 500 i","1829.99","Gas","Tool","","0","0","","","","","","","","635","Chainsaw","Gas","T","","","","","","","","","","","","","","","","","","","","","",""
"1147 200 0062","STIHL MS500i Chainsaw w/25"" Light Bar","T","0","STIHL","Chainsaws","T","F","MS 500 i","1839.99","Gas","Tool","","0","0","","","","","","","","636","Chainsaw","Gas","T","","","","","","","","","","","","","","","","","","","","","",""
"1147 200 0033","STIHL MS500i Chainsaw w/28""","T","0","STIHL","Chainsaws","T","F","MS 500 i","1789.99","Gas","Tool","","0","0","","","","","","","","637","Chainsaw","Gas","T","","","","","","","","","","","","","","","","","","","","","",""
"1147 200 0034","STIHL MS500i Chainsaw w/28"" Light Bar","T","0","STIHL","Chainsaws","T","F","MS 500 i","1839.99","Gas","Tool","","0","0","","","","","","","","638","Chainsaw","Gas","T","","","","","","","","","","","","","","","","","","","","","",""
"1147 200 0063","STIHL MS500I Chainsaw w/28"" Light Bar","T","0","STIHL","Chainsaws","T","F","MS 500 i","1849.99","Gas","Tool","","0","0","","","","","","","","639","Chainsaw","Gas","T","","","","","","","","","","","","","","","","","","","","","",""
"1147 200 0094","STIHL MS500i Chainsaw w/28"" Light Bar","T","0","STIHL","Chainsaws","T","F","MS 500 i","1849.99","Gas","Tool","","0","0","","","","","","","","640","Chainsaw","Gas","T","","","","","","","","","","","","","","","","","","","","","",""
"1147 200 0035","STIHL MS500i Chainsaw w/30""","T","0","STIHL","Chainsaws","T","F","MS 500 i","1799.99","Gas","Tool","","0","0","","","","","","","","641","Chainsaw","Gas","T","","","","","","","","","","","","","","","","","","","","","",""
"1147 200 0036","STIHL MS500i Chainsaw w/32"" Light Bar","T","0","STIHL","Chainsaws","T","F","MS 500 i","1849.99","Gas","Tool","","0","0","","","","","","","","642","Chainsaw","Gas","T","","","","","","","","","","","","","","","","","","","","","",""
"1147 200 0037","STIHL MS500i Chainsaw w/36"" Light Bar","T","0","STIHL","Chainsaws","T","F","MS 500 i","1859.99","Gas","Tool","","0","0","","","","","","","","643","Chainsaw","Gas","T","","","","","","","","","","","","","","","","","","","","","",""
"1147 200 0043","STIHL MS500iR Saw w/16"" (33RS / 8813)","T","0","STIHL","Chainsaws","T","F","MS 500 iR","1789.99","Gas","Tool","","0","0","","","","","","","","645","Chainsaw","Gas","T","","","","","","","","","","","","","","","","","","","","","",""
"1147 200 0038","STIHL MS500iR Saw w/18"" (33RS / 8817)","T","0","STIHL","Chainsaws","T","F","MS 500 iR","1799.99","Gas","Tool","","0","0","","","","","","","","646","Chainsaw","Gas","T","","","","","","","","","","","","","","","","","","","","","",""
"1147 200 0039","STIHL MS500iR Saw w/20"" (33RS / 8822)","T","0","STIHL","Chainsaws","T","F","MS 500 iR","1809.99","Gas","Tool","","0","0","","","","","","","","647","Chainsaw","Gas","T","","","","","","","","","","","","","","","","","","","","","",""
"1147 200 0060","STIHL MS500iR Saw w/20"" (33RH / 8822)","T","0","STIHL","Chainsaws","T","F","MS 500 iR","1819.99","Gas","Tool","","0","0","","","","","","","","648","Chainsaw","Gas","T","","","","","","","","","","","","","","","","","","","","","",""
"1147 200 0053","STIHL MS500iR Saw w/25"" (33RS / 4030)","T","0","STIHL","Chainsaws","T","F","MS 500 iR","1819.99","Gas","Tool","","0","0","","","","","","","","649","Chainsaw","Gas","T","","","","","","","","","","","","","","","","","","","","","",""
"1147 200 0040","STIHL MS500iR Saw w/25"" (33RS / 8830)","T","0","STIHL","Chainsaws","T","F","MS 500 iR","1819.99","Gas","Tool","","0","0","","","","","","","","650","Chainsaw","Gas","T","","","","","","","","","","","","","","","","","","","","","",""
"1147 200 0061","STIHL MS500iR Saw w/25"" (33RH / 8830)","T","0","STIHL","Chainsaws","T","F","MS 500 iR","1829.99","Gas","Tool","","0","0","","","","","","","","651","Chainsaw","Gas","T","","","","","","","","","","","","","","","","","","","","","",""
"1147 200 0050","STIHL MS500iR Saw w/25"" Light (33RS / 2231)","T","0","STIHL","Chainsaws","T","F","MS 500 iR","1869.99","Gas","Tool","","0","0","","","","","","","","652","Chainsaw","Gas","T","","","","","","","","","","","","","","","","","","","","","",""
"1147 200 0041","STIHL MS500iR Saw w/28"" (33RS / 8838)","T","0","STIHL","Chainsaws","T","F","MS 500 iR","1829.99","Gas","Tool","","0","0","","","","","","","","653","Chainsaw","Gas","T","","","","","","","","","","","","","","","","","","","","","",""
"1147 200 0042","STIHL MS500iR Saw w/28"" (33RSF / 8838)","T","0","STIHL","Chainsaws","T","F","MS 500 iR","1829.99","Gas","Tool","","0","0","","","","","","","","654","Chainsaw","Gas","T","","","","","","","","","","","","","","","","","","","","","",""
"1147 200 0051","STIHL MS500iR Saw w/28"" Light (33RS / 2238)","T","0","STIHL","Chainsaws","T","F","MS 500 iR","1879.99","Gas","Tool","","0","0","","","","","","","","655","Chainsaw","Gas","T","","","","","","","","","","","","","","","","","","","","","",""
"1147 200 0095","STIHL MS500iR Saw w/28"" Light (33RHF / 2238)","T","0","STIHL","Chainsaws","T","F","MS 500 iR","1889.99","Gas","Tool","","0","0","","","","","","","","656","Chainsaw","Gas","T","","","","","","","","","","","","","","","","","","","","","",""
"1147 200 0044","STIHL MS500iR Saw w/32"" Light (33RS / 2246)","T","0","STIHL","Chainsaws","T","F","MS 500 iR","1889.99","Gas","Tool","","0","0","","","","","","","","657","Chainsaw","Gas","T","","","","","","","","","","","","","","","","","","","","","",""
"1147 200 0046","STIHL MS500iR Saw w/32"" Light (33RSLF / 2046)","T","0","STIHL","Chainsaws","T","F","MS 500 iR","1889.99","Gas","Tool","","0","0","","","","","","","","658","Chainsaw","Gas","T","","","","","","","","","","","","","","","","","","","","","",""
"1147 200 0096","STIHL MS500iR Saw w/32"" Light (33RHF / 2246)","T","0","STIHL","Chainsaws","T","F","MS 500 iR","1899.99","Gas","Tool","","0","0","","","","","","","","659","Chainsaw","Gas","T","","","","","","","","","","","","","","","","","","","","","",""
"1147 200 0048","STIHL MS500iR Saw w/36"" Light (33RSF / 2253)","T","0","STIHL","Chainsaws","T","F","MS 500 iR","1899.99","Gas","Tool","","0","0","","","","","","","","660","Chainsaw","Gas","T","","","","","","","","","","","","","","","","","","","","","",""
"1147 200 0045","STIHL MS500iR Saw w/36"" Light (36RSLF / 2053)","T","0","STIHL","Chainsaws","T","F","MS 500 iR","1899.99","Gas","Tool","","0","0","","","","","","","","661","Chainsaw","Gas","T","","","","","","","","","","","","","","","","","","","","","",""
"1147 200 0097","STIHL MS500iR Saw w/36"" Light (33RHF / 2253)","T","0","STIHL","Chainsaws","T","F","MS 500 iR","1909.99","Gas","Tool","","0","0","","","","","","","","662","Chainsaw","Gas","T","","","","","","","","","","","","","","","","","","","","","",""
"1144 200 0376","STIHL MS661 Saw w/16"" (33RS / 8813)","T","0","STIHL","Chainsaws","T","F","MS 661","1839.99","Gas","Tool","","0","0","","","","","","","","664","Chainsaw","Gas","T","","","","","","","","","","","","","","","","","","","","","",""
"1144 200 0377","STIHL MS661 Saw w/18"" (33RS / 8817)","T","0","STIHL","Chainsaws","T","F","MS 661","1849.99","Gas","Tool","","0","0","","","","","","","","665","Chainsaw","Gas","T","","","","","","","","","","","","","","","","","","","","","",""
"1144 200 0378","STIHL MS661 Saw w/20"" (33RS / 8822)","T","0","STIHL","Chainsaws","T","F","MS 661","1859.99","Gas","Tool","","0","0","","","","","","","","666","Chainsaw","Gas","T","","","","","","","","","","","","","","","","","","","","","",""
"1144 200 0380","STIHL MS661 Saw w/25"" (33RS3 / 4030)","T","0","STIHL","Chainsaws","T","F","MS 661","1869.99","Gas","Tool","","0","0","","","","","","","","667","Chainsaw","Gas","T","","","","","","","","","","","","","","","","","","","","","",""
"1144 200 0379","STIHL MS661 Saw w/25"" (33RS / 8830)","T","0","STIHL","Chainsaws","T","F","MS 661","1869.99","Gas","Tool","","0","0","","","","","","","","668","Chainsaw","Gas","T","","","","","","","","","","","","","","","","","","","","","",""
"1144 200 0456","STIHL MS661 Saw w/25"" (33RH / 8830)","T","0","STIHL","Chainsaws","T","F","MS 661","1879.99","Gas","Tool","","0","0","","","","","","","","669","Chainsaw","Gas","T","","","","","","","","","","","","","","","","","","","","","",""
"1144 200 0434","STIHL MS661 Saw w/25"" Light (33RS / 2231)","T","0","STIHL","Chainsaws","T","F","MS 661","1919.99","Gas","Tool","","0","0","","","","","","","","670","Chainsaw","Gas","T","","","","","","","","","","","","","","","","","","","","","",""
"1144 200 0421","STIHL MS661 Saw w/28"" (33RS / 8838)","T","0","STIHL","Chainsaws","T","F","MS 661","1879.99","Gas","Tool","","0","0","","","","","","","","671","Chainsaw","Gas","T","","","","","","","","","","","","","","","","","","","","","",""
"1144 200 0381","STIHL MS661 Saw w/28"" Light (33RS / 2238)","T","0","STIHL","Chainsaws","T","F","MS 661","1929.99","Gas","Tool","","0","0","","","","","","","","672","Chainsaw","Gas","T","","","","","","","","","","","","","","","","","","","","","",""
"1144 200 0422","STIHL MS661 Saw w/32"" (33RS / 8846)","T","0","STIHL","Chainsaws","T","F","MS 661","1889.99","Gas","Tool","","0","0","","","","","","","","673","Chainsaw","Gas","T","","","","","","","","","","","","","","","","","","","","","",""
"1144 200 0382","STIHL MS661 Saw w/32"" Light (33RS / 2246)","T","0","STIHL","Chainsaws","T","F","MS 661","1939.99","Gas","Tool","","0","0","","","","","","","","674","Chainsaw","Gas","T","","","","","","","","","","","","","","","","","","","","","",""
"1144 200 0423","STIHL MS661 Saw w/36"" (33RS / 8853)","T","0","STIHL","Chainsaws","T","F","MS 661","1899.99","Gas","Tool","","0","0","","","","","","","","675","Chainsaw","Gas","T","","","","","","","","","","","","","","","","","","","","","",""
"1144 200 0457","STIHL MS661 Saw w/36"" (33RH / 8853)","T","0","STIHL","Chainsaws","T","F","MS 661","1909.99","Gas","Tool","","0","0","","","","","","","","676","Chainsaw","Gas","T","","","","","","","","","","","","","","","","","","","","","",""
"1144 200 0383","STIHL MS661 Saw w/36"" Light (33RS / 2253)","T","0","STIHL","Chainsaws","T","F","MS 661","1949.99","Gas","Tool","","0","0","","","","","","","","677","Chainsaw","Gas","T","","","","","","","","","","","","","","","","","","","","","",""
"1144 200 0458","STIHL MS661 Saw w/36"" Light (33RH / 2253)","T","0","STIHL","Chainsaws","T","F","MS 661","1959.99","Gas","Tool","","0","0","","","","","","","","678","Chainsaw","Gas","T","","","","","","","","","","","","","","","","","","","","","",""
"1144 200 0400","STIHL MS661C-M Saw w/16"" (33RS / 8813)","T","0","STIHL","Chainsaws","T","F","MS 661 C-M","1839.99","Gas","Tool","","0","0","","","","","","","","680","Chainsaw","Gas","T","","","","","","","","","","","","","","","","","","","","","",""
"1144 200 0401","STIHL MS661C-M Saw w/18"" (33RS / 8817)","T","0","STIHL","Chainsaws","T","F","MS 661 C-M","1849.99","Gas","Tool","","0","0","","","","","","","","681","Chainsaw","Gas","T","","","","","","","","","","","","","","","","","","","","","",""
"1144 200 0402","STIHL MS661C-M Saw w/20"" (33RS / 8822)","T","0","STIHL","Chainsaws","T","F","MS 661 C-M","1859.99","Gas","Tool","","0","0","","","","","","","","682","Chainsaw","Gas","T","","","","","","","","","","","","","","","","","","","","","",""
"1144 200 0403","STIHL MS661C-M Saw w/25"" (33RS3 / 4030)","T","0","STIHL","Chainsaws","T","F","MS 661 C-M","1869.99","Gas","Tool","","0","0","","","","","","","","683","Chainsaw","Gas","T","","","","","","","","","","","","","","","","","","","","","",""
"1144 200 0337","STIHL MS661C-M Saw w/25"" (33RS / 8830)","T","0","STIHL","Chainsaws","T","F","MS 661 C-M","1869.99","Gas","Tool","","0","0","","","","","","","","684","Chainsaw","Gas","T","","","","","","","","","","","","","","","","","","","","","",""
"1144 200 0462","STIHL MS661C-M Saw w/25"" (33RH / 8830)","T","0","STIHL","Chainsaws","T","F","MS 661 C-M","1879.99","Gas","Tool","","0","0","","","","","","","","685","Chainsaw","Gas","T","","","","","","","","","","","","","","","","","","","","","",""
"1144 200 0432","STIHL MS661C-M Saw w/25"" Light (33RS / 2231)","T","0","STIHL","Chainsaws","T","F","MS 661 C-M","1919.99","Gas","Tool","","0","0","","","","","","","","686","Chainsaw","Gas","T","","","","","","","","","","","","","","","","","","","","","",""
"1144 200 0339","STIHL MS661C-M Saw w/28"" (33RS / 8838)","T","0","STIHL","Chainsaws","T","F","MS 661 C-M","1879.99","Gas","Tool","","0","0","","","","","","","","687","Chainsaw","Gas","T","","","","","","","","","","","","","","","","","","","","","",""
"1144 200 0463","STIHL MS661C-M Saw w/28"" (33RH / 8838)","T","0","STIHL","Chainsaws","T","F","MS 661 C-M","1889.99","Gas","Tool","","0","0","","","","","","","","688","Chainsaw","Gas","T","","","","","","","","","","","","","","","","","","","","","",""
"1144 200 0404","STIHL MS661C-M Saw w/28"" Light (33RS / 2238)","T","0","STIHL","Chainsaws","T","F","MS 661 C-M","1929.99","Gas","Tool","","0","0","","","","","","","","689","Chainsaw","Gas","T","","","","","","","","","","","","","","","","","","","","","",""
"1144 200 0338","STIHL MS661C-M Saw w/32"" (33RS / 8846)","T","0","STIHL","Chainsaws","T","F","MS 661 C-M","1889.99","Gas","Tool","","0","0","","","","","","","","690","Chainsaw","Gas","T","","","","","","","","","","","","","","","","","","","","","",""
"1144 200 0464","STIHL MS661C-M Saw w/32"" (33RH / 8846)","T","0","STIHL","Chainsaws","T","F","MS 661 C-M","1899.99","Gas","Tool","","0","0","","","","","","","","691","Chainsaw","Gas","T","","","","","","","","","","","","","","","","","","","","","",""
"1144 200 0405","STIHL MS661C-M Saw w/32"" Light (33RS / 2246)","T","0","STIHL","Chainsaws","T","F","MS 661 C-M","1939.99","Gas","Tool","","0","0","","","","","","","","692","Chainsaw","Gas","T","","","","","","","","","","","","","","","","","","","","","",""
"1144 200 0336","STIHL MS661C-M Saw w/36"" (33RS / 8853)","T","0","STIHL","Chainsaws","T","F","MS 661 C-M","1899.99","Gas","Tool","","0","0","","","","","","","","693","Chainsaw","Gas","T","","","","","","","","","","","","","","","","","","","","","",""
"1144 200 0465","STIHL MS661C-M Saw w/36"" (33RH / 8853)","T","0","STIHL","Chainsaws","T","F","MS 661 C-M","1909.99","Gas","Tool","","0","0","","","","","","","","694","Chainsaw","Gas","T","","","","","","","","","","","","","","","","","","","","","",""
"1144 200 0406","STIHL MS661C-M Saw w/36"" Light (33RS / 2253)","T","0","STIHL","Chainsaws","T","F","MS 661 C-M","1949.99","Gas","Tool","","0","0","","","","","","","","695","Chainsaw","Gas","T","","","","","","","","","","","","","","","","","","","","","",""
"1144 200 0466","STIHL MS661C-M Saw w/36"" Light (33RH / 2253)","T","0","STIHL","Chainsaws","T","F","MS 661 C-M","1959.99","Gas","Tool","","0","0","","","","","","","","696","Chainsaw","Gas","T","","","","","","","","","","","","","","","","","","","","","",""
"1144 200 0384","STIHL MS661R Saw w/16"" (33RS / 8813)","T","0","STIHL","Chainsaws","T","F","MS 661 R","1889.99","Gas","Tool","","0","0","","","","","","","","698","Chainsaw","Gas","T","","","","","","","","","","","","","","","","","","","","","",""
"1144 200 0385","STIHL MS661R Saw w/18"" (33RS / 8817)","T","0","STIHL","Chainsaws","T","F","MS 661 R","1899.99","Gas","Tool","","0","0","","","","","","","","699","Chainsaw","Gas","T","","","","","","","","","","","","","","","","","","","","","",""
"1144 200 0386","STIHL MS661R Saw w/20"" (33RS / 8822)","T","0","STIHL","Chainsaws","T","F","MS 661 R","1909.99","Gas","Tool","","0","0","","","","","","","","700","Chainsaw","Gas","T","","","","","","","","","","","","","","","","","","","","","",""
"1144 200 0388","STIHL MS661R Saw w/25"" (33RS3 / 4030)","T","0","STIHL","Chainsaws","T","F","MS 661 R","1919.99","Gas","Tool","","0","0","","","","","","","","701","Chainsaw","Gas","T","","","","","","","","","","","","","","","","","","","","","",""
"1144 200 0387","STIHL MS661R Saw w/25"" (33RS / 8830)","T","0","STIHL","Chainsaws","T","F","MS 661 R","1919.99","Gas","Tool","","0","0","","","","","","","","702","Chainsaw","Gas","T","","","","","","","","","","","","","","","","","","","","","",""
"1144 200 0459","STIHL MS661R Saw w/25"" (33RH / 8830)","T","0","STIHL","Chainsaws","T","F","MS 661 R","1929.99","Gas","Tool","","0","0","","","","","","","","703","Chainsaw","Gas","T","","","","","","","","","","","","","","","","","","","","","",""
"1144 200 0435","STIHL MS661R Saw w/25"" Light (33RS / 2231)","T","0","STIHL","Chainsaws","T","F","MS 661 R","1969.99","Gas","Tool","","0","0","","","","","","","","704","Chainsaw","Gas","T","","","","","","","","","","","","","","","","","","","","","",""
"1144 200 0424","STIHL MS661R Saw w/28"" (33RS / 8838)","T","0","STIHL","Chainsaws","T","F","MS 661 R","1929.99","Gas","Tool","","0","0","","","","","","","","705","Chainsaw","Gas","T","","","","","","","","","","","","","","","","","","","","","",""
"1144 200 0389","STIHL MS661R Saw w/28"" Light (33RS / 2238)","T","0","STIHL","Chainsaws","T","F","MS 661 R","1979.99","Gas","Tool","","0","0","","","","","","","","706","Chainsaw","Gas","T","","","","","","","","","","","","","","","","","","","","","",""
"1144 200 0425","STIHL MS661R Saw w/32"" (33RS / 8846)","T","0","STIHL","Chainsaws","T","F","MS 661 R","1939.99","Gas","Tool","","0","0","","","","","","","","707","Chainsaw","Gas","T","","","","","","","","","","","","","","","","","","","","","",""
"1144 200 0390","STIHL MS661R Saw w/32"" Light (33RS / 2246)","T","0","STIHL","Chainsaws","T","F","MS 661 R","1989.99","Gas","Tool","","0","0","","","","","","","","708","Chainsaw","Gas","T","","","","","","","","","","","","","","","","","","","","","",""
"1144 200 0426","STIHL MS661R Saw w/36"" (33RS / 8853)","T","0","STIHL","Chainsaws","T","F","MS 661 R","1949.99","Gas","Tool","","0","0","","","","","","","","709","Chainsaw","Gas","T","","","","","","","","","","","","","","","","","","","","","",""
"1144 200 0460","STIHL MS661R Saw w/36"" (33RH / 8853)","T","0","STIHL","Chainsaws","T","F","MS 661 R","1959.99","Gas","Tool","","0","0","","","","","","","","710","Chainsaw","Gas","T","","","","","","","","","","","","","","","","","","","","","",""
"1144 200 0391","STIHL MS661R Saw w/36"" Light (33RS / 2253)","T","0","STIHL","Chainsaws","T","F","MS 661 R","1999.99","Gas","Tool","","0","0","","","","","","","","711","Chainsaw","Gas","T","","","","","","","","","","","","","","","","","","","","","",""
"1144 200 0461","STIHL MS661R Saw w/36"" Light (33RH / 2253)","T","0","STIHL","Chainsaws","T","F","MS 661 R","2009.99","Gas","Tool","","0","0","","","","","","","","712","Chainsaw","Gas","T","","","","","","","","","","","","","","","","","","","","","",""
"1144 200 0407","STIHL MS661RC-M Saw w/16"" (33RS / 8813)","T","0","STIHL","Chainsaws","T","F","MS 661 RC-M","1889.99","Gas","Tool","","0","0","","","","","","","","714","Chainsaw","Gas","T","","","","","","","","","","","","","","","","","","","","","",""
"1144 200 0408","STIHL MS661RC-M Saw w/18"" (33RS / 8817)","T","0","STIHL","Chainsaws","T","F","MS 661 RC-M","1899.99","Gas","Tool","","0","0","","","","","","","","715","Chainsaw","Gas","T","","","","","","","","","","","","","","","","","","","","","",""
"1144 200 0411","STIHL MS661RC-M Saw w/25"" (33RS3 / 4030)","T","0","STIHL","Chainsaws","T","F","MS 661 RC-M","1919.99","Gas","Tool","","0","0","","","","","","","","716","Chainsaw","Gas","T","","","","","","","","","","","","","","","","","","","","","",""
"1144 200 0410","STIHL MS661RC-M Saw w/25"" (33RS / 8830)","T","0","STIHL","Chainsaws","T","F","MS 661 RC-M","1919.99","Gas","Tool","","0","0","","","","","","","","717","Chainsaw","Gas","T","","","","","","","","","","","","","","","","","","","","","",""
"1144 200 0467","STIHL MS661RC-M Saw w/25"" (33RH / 8830)","T","0","STIHL","Chainsaws","T","F","MS 661 RC-M","1929.99","Gas","Tool","","0","0","","","","","","","","718","Chainsaw","Gas","T","","","","","","","","","","","","","","","","","","","","","",""
"1144 200 0433","STIHL MS661RC-M Saw w/25"" Light (33RS / 2231)","T","0","STIHL","Chainsaws","T","F","MS 661 RC-M","1969.99","Gas","Tool","","0","0","","","","","","","","719","Chainsaw","Gas","T","","","","","","","","","","","","","","","","","","","","","",""
"1144 200 0420","STIHL MS661RC-M Saw w/28"" (33RS / 8838)","T","0","STIHL","Chainsaws","T","F","MS 661 RC-M","1929.99","Gas","Tool","","0","0","","","","","","","","720","Chainsaw","Gas","T","","","","","","","","","","","","","","","","","","","","","",""
"1144 200 0430","STIHL MS661RC-M Saw w/28"" (33RSF / 8838)","T","0","STIHL","Chainsaws","T","F","MS 661 RC-M","1929.99","Gas","Tool","","0","0","","","","","","","","721","Chainsaw","Gas","T","","","","","","","","","","","","","","","","","","","","","",""
"1144 200 0468","STIHL MS661RC-M Saw w/28"" (33RH / 8838)","T","0","STIHL","Chainsaws","T","F","MS 661 RC-M","1939.99","Gas","Tool","","0","0","","","","","","","","722","Chainsaw","Gas","T","","","","","","","","","","","","","","","","","","","","","",""
"1144 200 0412","STIHL MS661RC-M Saw w/28"" Light (33RS / 2238)","T","0","STIHL","Chainsaws","T","F","MS 661 RC-M","1979.99","Gas","Tool","","0","0","","","","","","","","723","Chainsaw","Gas","T","","","","","","","","","","","","","","","","","","","","","",""
"1144 200 0342","STIHL MS661RC-M Saw w/32"" (33RS / 8846)","T","0","STIHL","Chainsaws","T","F","MS 661 RC-M","1939.99","Gas","Tool","","0","0","","","","","","","","724","Chainsaw","Gas","T","","","","","","","","","","","","","","","","","","","","","",""
"1144 200 0469","STIHL MS661RC-M Saw w/32"" (33RH / 8846)","T","0","STIHL","Chainsaws","T","F","MS 661 RC-M","1949.99","Gas","Tool","","0","0","","","","","","","","725","Chainsaw","Gas","T","","","","","","","","","","","","","","","","","","","","","",""
"1144 200 0343","STIHL MS661RC-M Saw w/32"" (36RSLF / 6046)","T","0","STIHL","Chainsaws","T","F","MS 661 RC-M","1939.99","Gas","Tool","","0","0","","","","","","","","726","Chainsaw","Gas","T","","","","","","","","","","","","","","","","","","","","","",""
"1144 200 0413","STIHL MS661RC-M Saw w/32"" Light (33RS / 2246)","T","0","STIHL","Chainsaws","T","F","MS 661 RC-M","1989.99","Gas","Tool","","0","0","","","","","","","","727","Chainsaw","Gas","T","","","","","","","","","","","","","","","","","","","","","",""
"1144 200 0470","STIHL MS661RC-M Saw w/36"" (33RH / 8853)","T","0","STIHL","Chainsaws","T","F","MS 661 RC-M","1959.99","Gas","Tool","","0","0","","","","","","","","728","Chainsaw","Gas","T","","","","","","","","","","","","","","","","","","","","","",""
"1144 200 0431","STIHL MS661RC-M Saw w/36"" (33RSLF / 8853)","T","0","STIHL","Chainsaws","T","F","MS 661 RC-M","1949.99","Gas","Tool","","0","0","","","","","","","","729","Chainsaw","Gas","T","","","","","","","","","","","","","","","","","","","","","",""
"1144 200 0341","STIHL MS661RC-M Saw w/36"" (36RSLF / 6053)","T","0","STIHL","Chainsaws","T","F","MS 661 RC-M","1949.99","Gas","Tool","","0","0","","","","","","","","730","Chainsaw","Gas","T","","","","","","","","","","","","","","","","","","","","","",""
"1144 200 0340","STIHL MS661RC-M Saw w/36"" (33RS / 8853)","T","0","STIHL","Chainsaws","T","F","MS 661 RC-M","1949.99","Gas","Tool","","0","0","","","","","","","","731","Chainsaw","Gas","T","","","","","","","","","","","","","","","","","","","","","",""
"1144 200 0414","STIHL MS661RC-M Saw w/36"" Light (33RS / 2253)","T","0","STIHL","Chainsaws","T","F","MS 661 RC-M","1999.99","Gas","Tool","","0","0","","","","","","","","732","Chainsaw","Gas","T","","","","","","","","","","","","","","","","","","","","","",""
"1144 200 0471","STIHL MS661RC-M Saw w/36"" Light (33RH / 2253)","T","0","STIHL","Chainsaws","T","F","MS 661 RC-M","2009.99","Gas","Tool","","0","0","","","","","","","","733","Chainsaw","Gas","T","","","","","","","","","","","","","","","","","","","","","",""
"1144 200 0494","STIHL MS661RC-M Saw w/36"" Light (33RHF / 2253)","T","0","STIHL","Chainsaws","T","F","MS 661 RC-M","2009.99","Gas","Tool","","0","0","","","","","","","","734","Chainsaw","Gas","T","","","","","","","","","","","","","","","","","","","","","",""
"1124 200 0221","STIHL MS881 Saw w/25"" (46RS / 9731)","T","0","STIHL","Chainsaws","T","F","MS 881","2659.99","Gas","Tool","","0","0","","","","","","","","736","Chainsaw","Gas","T","","","","","","","","","","","","","","","","","","","","","",""
"1124 200 0211","STIHL MS881 Saw w/36"" (46RS / 9753)","T","0","STIHL","Chainsaws","T","F","MS 881","2679.99","Gas","Tool","","0","0","","","","","","","","737","Chainsaw","Gas","T","","","","","","","","","","","","","","","","","","","","","",""
"1124 200 0218","STIHL MS881 Saw w/41"" (46RS / 9757)","T","0","STIHL","Chainsaws","T","F","MS 881","2689.99","Gas","Tool","","0","0","","","","","","","","738","Chainsaw","Gas","T","","","","","","","","","","","","","","","","","","","","","",""
"1124 200 0222","STIHL MS881R Saw w/25"" (46RS / 9731)","T","0","STIHL","Chainsaws","T","F","MS 881 R","2709.99","Gas","Tool","","0","0","","","","","","","","740","Chainsaw","Gas","T","","","","","","","","","","","","","","","","","","","","","",""
"1124 200 0219","STIHL MS881R Saw w/36"" (46RS / 9753)","T","0","STIHL","Chainsaws","T","F","MS 881 R","2729.99","Gas","Tool","","0","0","","","","","","","","741","Chainsaw","Gas","T","","","","","","","","","","","","","","","","","","","","","",""
"1124 200 0220","STIHL MS881R Saw w/41"" (46RS / 9757)","T","0","STIHL","Chainsaws","T","F","MS 881 R","2739.99","Gas","Tool","","0","0","","","","","","","","742","Chainsaw","Gas","T","","","","","","","","","","","","","","","","","","","","","",""
"6301 011 1449 US","STIHL RMI422PC-L Lawn Mower","T","0","STIHL","Lawn Mowers","T","F","RMI 422 PC-L","1399.99","Battery","Tool","","0","0","","","","","","","","790","","","F","","","","","","","","","","","","","","","","","","","","","",""
"WA81 011 8400 US","STIHL AZA748.0 Stand-On Mower","T","0","STIHL","Stand-Ons","T","T","AZA 748","31999.99","Battery","Stand-On Mower","","0","0","2026-12-31","2026-07-16","9000","","","","","844","Stand-On Mower","Battery","F","","","","","","","","","","","","","","","","","","","","","",""
"WA81 011 8410 US","STIHL AZA752.0 Stand-On Mower","T","0","STIHL","Stand-Ons","T","T","AZA 752","32499.99","Battery","Stand-On Mower","","0","0","2026-12-31","2026-07-16","9000","","","","","845","","Battery","F","","","","","","","","","","","","","","","","","","","","","",""
"WA81 011 8420 US","STIHL AZA760.0 Stand-On Mower","T","0","STIHL","Stand-Ons","T","T","AZA 760","32999.99","Battery","Stand-On Mower","","0","0","2026-12-31","2026-07-16","9000","","","","","846","","Battery","F","","","","","","","","","","","","","","","","","","","","","",""
"WA04 011 8600 US","STIHL RZA748.0 Zero-Turn Mower","T","0","STIHL","Zero-Turns","T","T","RZA 748","28999.99","Battery","Zero-Turn Mower","","0","0","2026-12-31","2026-07-16","9000","","","","","849","Zero-Turn Mower","Battery","F","","","","","","","","","","","","","","","","","","","","","",""
"WA04 011 8610 US","STIHL RZA752.0 Zero-Turn Mower","T","0","STIHL","Zero-Turns","T","T","RZA 752","29499.99","Battery","Zero-Turn Mower","","0","0","2026-12-31","2026-07-16","9000","","","","","850","Zero-Turn Mower","Battery","F","","","","","","","","","","","","","","","","","","","","","",""
"WA04 011 8620 US","STIHL RZA760.0 Zero-Turn Mower","T","0","STIHL","Zero-Turns","T","T","RZA 760","30999.99","Battery","Zero-Turn Mower","","0","0","2026-12-31","2026-07-16","9000","","","","","851","Zero-Turn Mower","Battery","F","","","","","","","","","","","","","","","","","","","","","",""
"4255 019 4911","STIHL SG11 Hand Sprayer","T","0","STIHL","Sprayers","T","","SG 11","26.99","","","","0","0","","","","","","","","935","Sprayer","Manual","T","","","","","","","","","","","","","","","","","","","","","",""
"4255 019 4931","STIHL SG31 Manual Sprayer","T","0","STIHL","Sprayers","T","","SG 31","74.99","","","","0","0","","","","","","","","936","Sprayer","Manual","T","","","","","","","","","","","","","","","","","","","","","",""
"4255 019 4951","STIHL SG51 Manual Back-Pack Sprayer","T","0","STIHL","Sprayers","T","","SG 51","139.99","","","","0","0","","","","","","","","937","Sprayer","Manual","T","","","","","","","","","","","","","","","","","","","","","",""
"4255 019 4971","STIHL SG71 Manual Back-Pack Sprayer","T","0","STIHL","Sprayers","T","","SG 71","155.99","","","","0","0","","","","","","","","938","Sprayer","Manual","T","","","","","","","","","","","","","","","","","","","","","",""
"4869 011 3505 US","STIHL HSA94R - 24"" Hedge Trimmer","T","0","STIHL","Hedge Trimmers","T","F","HSA 94 R","589.99","Battery","Tool","","0","0","","","","","","","","138","Hedge Trimmer","AP","T","","","","","","","","","","","","","","","","","","","","","",""
"4869 011 3562 US","STIHL HSA130.0R - 30"" Hedge Trimmer","T","0","STIHL","Hedge Trimmers","T","F","HSA 130 R","639.99","Battery","Tool","","0","0","","","","","","","","140","Hedge Trimmer","AP","T","","","","","","","","","","","","","","","","","","","","","",""
"4869 011 3568 US","STIHL HSA130.0T - 30"" Hedge Trimmer","T","0","STIHL","Hedge Trimmers","T","F","HSA 130 T","639.99","Battery","Tool","","0","0","","","","","","","","141","Hedge Trimmer","AP","T","","","","","","","","","","","","","","","","","","","","","",""
