SKU,Description,Active,AssemblyAmount,AssemblyOption,AssemblyTime,BrandID,Category,DeliveryGroup,DiscountEligible,DisplayAvailability,FinancingEligible,FreightGroup,LocalDelivery,Model,MSRP,PowerType,ProductType,PromoName,QtyDanbury,QtyNewMilford,RebateEligible,RebateEndDate,RebateStartDate,RebateToCustomer,SaleEndDate,SalePrice,SaleStartDate,Series,SortOrder,SpecialFinancingEligible,SubCategory,System,Taxable,AllowBackorder,BuyOnlineEligible,MaximumOnLineQty,AvailabilityRequestEligible,ShippingEligible,ShippingRateType,ShipWeight,ShipLength,ShipWidth,ShipHeight,ShippingCarrierRule,ShippingRestriction,ShipsSeparately,WarrantyResidentialUse,WarrantyCommercialUse,WeightLb,WeightKg,Weight,WeightUnit,SpecLabel1,SpecValue1,SpecLabel2,SpecValue2,SpecLabel3,SpecValue3,SpecLabel4,SpecValue4,SpecLabel5,SpecValue5,SpecLabel6,SpecValue6,SpecLabel7,SpecValue7,SpecLabel8,SpecValue8,SpecLabel9,SpecValue9,SpecLabel10,SpecValue10,ImageURL,InventoryURL,ManualURL,ProductURL,Notes,FactoryInstalled1,FactoryInstalled2,FactoryInstalled3,B1,B2,B3,B4,B5,B6,B7,B8,B9,B10,F1,F2,F3,F4,F5,F6,F7,F8,F9,F10,P1,P2,P3,ItemType,SpecLabel1 SpecValue1,SpecLabel2 SpecValue2,SpecLabel3 SpecValue3,SpecLabel4 SpecValue4,SpecLabel5 SpecValue5,SpecLabel6 SpecValue6,SpecLabel7 SpecValue7,SpecLabel8 SpecValue8,SpecLabel9 SpecValue9,SpecLabel10 SpecValue10
CM-1400-1MEH,Mi-T-M CM-1400-1MEH Pressure Washer,T,0,,0,MITM,Cold Water Pressure Washers,,FALSE,F,F,0,,CM-1400-1MEH,925,Electric,Equipment,,0,0,F,,,0,,619,,ChoreMaster Series - Electric / Direct Drive,10,F,ChoreMaster Series - Electric / Direct Drive,,TRUE,,F,,,,,,,,,,,,,,,,,,,,,,,,,,,,,,,,,,,,,,,,,,,,,,,,,,,,,,,,,,,,,,,,,,,,,PRODUCT,,,,,,,,,,
CM-1400-0MEC,Mi-T-M CM-1400-0MEC Pressure Washer,T,0,,0,MITM,Cold Water Pressure Washers,,FALSE,F,F,0,,CM-1400-0MEC,1220,Electric,Equipment,,0,0,F,,,0,,819,,ChoreMaster Series - Electric / Direct Drive,20,F,ChoreMaster Series - Electric / Direct Drive,,TRUE,,F,,,F,,,,,,,,,,,,,,,,,,,,,,,,,,,,,,,,,,,,,,,,,,,,,,,,,,,,,,,,,,,,,,,,,,PRODUCT,,,,,,,,,,
CV-2600-3MMC,Mi-T-M CV-2600-3MMC Pressure Washer,T,0,,0,MITM,Cold Water Pressure Washers,,FALSE,F,F,0,,CV-2600-3MMC,847,Gas,Equipment,,0,0,F,,,0,,569,,ChoreMaster Series - Gasoline / Direct Drive / Vertical,30,F,ChoreMaster Series - Gasoline / Direct Drive / Vertical,,TRUE,,F,,,F,,,,,,,,,,,,,,,,,,,,,,,,,,,,,,,,,,,,,,,,,,,,,,,,,,,,,,,,,,,,,,,,,,PRODUCT,,,,,,,,,,
CV-2600-4MMC,Mi-T-M CV-2600-4MMC Pressure Washer,T,0,,0,MITM,Cold Water Pressure Washers,,FALSE,F,F,0,,CV-2600-4MMC,858,Gas,Equipment,,0,0,F,,,0,,579,,ChoreMaster Series - Gasoline / Direct Drive / Vertical,40,F,ChoreMaster Series - Gasoline / Direct Drive / Vertical,,TRUE,,F,,,F,,,,,,,,,,,,,,,,,,,,,,,,,,,,,,,,,,,,,,,,,,,,,,,,,,,,,,,,,,,,,,,,,,PRODUCT,,,,,,,,,,
CM-3000-4MMC,Mi-T-M CM-3000-4MMC Pressure Washer,T,0,,0,MITM,Cold Water Pressure Washers,,FALSE,F,F,0,,CM-3000-4MMC,1027,Gas,Equipment,,0,0,F,,,0,,689,,ChoreMaster Series - Gasoline / Direct Drive / Horizontal,50,F,ChoreMaster Series - Gasoline / Direct Drive / Horizontal,,TRUE,,F,,,F,,,,,,,,,,,,,,,,,,,,,,,,,,,,,,,,,,,,,,,,,,,,,,,,,,,,,,,,,,,,,,,,,,PRODUCT,,,,,,,,,,
CM-3000-0MMB,Mi-T-M CM-3000-0MMB Pressure Washer,T,0,,0,MITM,Cold Water Pressure Washers,,FALSE,F,F,0,,CM-3000-0MMB,1143,Gas,Equipment,,0,0,F,,,0,,769,,ChoreMaster Series - Gasoline / Direct Drive,60,F,ChoreMaster Series - Gasoline / Direct Drive,,TRUE,,F,,,F,,,,,,,,,,,,,,,,,,,,,,,,,,,,,,,,,,,,,,,,,,,,,,,,,,,,,,,,,,,,,,,,,,PRODUCT,,,,,,,,,,
CM-3200-0MMB,Mi-T-M CM-3200-0MMB Pressure Washer,T,0,,0,MITM,Cold Water Pressure Washers,,FALSE,F,F,0,,CM-3200-0MMB,1318,Gas,Equipment,,0,0,F,,,0,,879,,ChoreMaster Series - Gasoline / Direct Drive,70,F,ChoreMaster Series - Gasoline / Direct Drive,,TRUE,,F,,,F,,,,,,,,,,,,,,,,,,,,,,,,,,,,,,,,,,,,,,,,,,,,,,,,,,,,,,,,,,,,,,,,,,PRODUCT,,,,,,,,,,
CM-3600-0MMB,Mi-T-M CM-3600-0MMB Pressure Washer,T,0,,0,MITM,Cold Water Pressure Washers,,FALSE,F,F,0,,CM-3600-0MMB,1845,Gas,Equipment,,0,0,F,,,0,,1229,,ChoreMaster Series - Gasoline / Direct Drive,80,F,ChoreMaster Series - Gasoline / Direct Drive,,TRUE,,F,,,F,,,,,,,,,,,,,,,,,,,,,,,,,,,,,,,,,,,,,,,,,,,,,,,,,,,,,,,,,,,,,,,,,,PRODUCT,,,,,,,,,,
CM-4200-0MMB,Mi-T-M CM-4200-0MMB Pressure Washer,T,0,,0,MITM,Cold Water Pressure Washers,,FALSE,F,F,0,,CM-4200-0MMB,1989,Gas,Equipment,,0,0,F,,,0,,1329,,ChoreMaster Series - Gasoline / Direct Drive,90,F,ChoreMaster Series - Gasoline / Direct Drive,,TRUE,,F,,,F,,,,,,,,,,,,,,,,,,,,,,,,,,,,,,,,,,,,,,,,,,,,,,,,,,,,,,,,,,,,,,,,,,PRODUCT,,,,,,,,,,
WP-3200-0MHB,Mi-T-M WP-3200-0MHB Pressure Washer,T,0,,0,MITM,Cold Water Pressure Washers,,FALSE,F,F,0,,WP-3200-0MHB,1651,Gas,Equipment,,0,0,F,,,0,,1179,,Work Pro Series - Gasoline / Direct Drive,100,F,Work Pro Series - Gasoline / Direct Drive,,TRUE,,F,,,F,,,,,,,,,,,,,,,,,,,,,,,,,,,,,,,,,,,,,,,,,,,,,,,,,,,,,,,,,,,,,,,,,,PRODUCT,,,,,,,,,,
WP-3200-0MKB,Mi-T-M WP-3200-0MKB Pressure Washer,T,0,,0,MITM,Cold Water Pressure Washers,,FALSE,F,F,0,,WP-3200-0MKB,1618,Gas,Equipment,,0,0,F,,,0,,1159,,Work Pro Series - Gasoline / Direct Drive,110,F,Work Pro Series - Gasoline / Direct Drive,,TRUE,,F,,,F,,,,,,,,,,,,,,,,,,,,,,,,,,,,,,,,,,,,,,,,,,,,,,,,,,,,,,,,,,,,,,,,,,PRODUCT,,,,,,,,,,
WP-3600-0MHB,Mi-T-M WP-3600-0MHB Pressure Washer,T,0,,0,MITM,Cold Water Pressure Washers,,FALSE,F,F,0,,WP-3600-0MHB,2347,Gas,Equipment,,0,0,F,,,0,,1679,,Work Pro Series - Gasoline / Direct Drive,120,F,Work Pro Series - Gasoline / Direct Drive,,TRUE,,F,,,F,,,,,,,,,,,,,,,,,,,,,,,,,,,,,,,,,,,,,,,,,,,,,,,,,,,,,,,,,,,,,,,,,,PRODUCT,,,,,,,,,,
WP-3600-0MKB,Mi-T-M WP-3600-0MKB Pressure Washer,T,0,,0,MITM,Cold Water Pressure Washers,,FALSE,F,F,0,,WP-3600-0MKB,2343,Gas,Equipment,,0,0,F,,,0,,1679,,Work Pro Series - Gasoline / Direct Drive,130,F,Work Pro Series - Gasoline / Direct Drive,,TRUE,,F,,,F,,,,,,,,,,,,,,,,,,,,,,,,,,,,,,,,,,,,,,,,,,,,,,,,,,,,,,,,,,,,,,,,,,PRODUCT,,,,,,,,,,
WP-4200-0MHB,Mi-T-M WP-4200-0MHB Pressure Washer,T,0,,0,MITM,Cold Water Pressure Washers,,FALSE,F,F,0,,WP-4200-0MHB,2668,Gas,Equipment,,0,0,F,,,0,,1899,,Work Pro Series - Gasoline / Direct Drive,140,F,Work Pro Series - Gasoline / Direct Drive,,TRUE,,F,,,F,,,,,,,,,,,,,,,,,,,,,,,,,,,,,,,,,,,,,,,,,,,,,,,,,,,,,,,,,,,,,,,,,,PRODUCT,,,,,,,,,,
WP-4200-0MKB,Mi-T-M WP-4200-0MKB Pressure Washer,T,0,,0,MITM,Cold Water Pressure Washers,,FALSE,F,F,0,,WP-4200-0MKB,2376,Gas,Equipment,,0,0,F,,,0,,1699,,Work Pro Series - Gasoline / Direct Drive,150,F,Work Pro Series - Gasoline / Direct Drive,,TRUE,,F,,,F,,,,,,,,,,,,,,,,,,,,,,,,,,,,,,,,,,,,,,,,,,,,,,,,,,,,,,,,,,,,,,,,,,PRODUCT,,,,,,,,,,
CD-2003-3MHH,Mi-T-M CD-2003-3MHH Pressure Washer,T,0,,0,MITM,Cold Water Pressure Washers,,FALSE,F,F,0,,CD-2003-3MHH,2060,,Equipment,,0,0,F,,,0,,1379,,CD Series - Industrial Gasoline / Direct Drive,160,F,CD Series - Industrial Gasoline / Direct Drive,,TRUE,,F,,,F,,,,,,,,,,,,,,,,,,,,,,,,,,,,,,,,,,,,,,https://www.westendpower.com/new-models/2026-mi-t-m-cd-2003-3mhh-cd-series-gas-direct-drive-29427909b,,,,,,,,,,,,,,,,,,,,,,,,,,,,PRODUCT,,,,,,,,,,
CD-2003-3MMH,Mi-T-M CD-2003-3MMH Pressure Washer,T,0,,0,MITM,Cold Water Pressure Washers,,FALSE,F,F,0,,CD-2003-3MMH,1635,,Equipment,,0,0,F,,,0,,1089,,CD Series - Industrial Gasoline / Direct Drive,170,F,CD Series - Industrial Gasoline / Direct Drive,,TRUE,,F,,,F,,,,,,,,,,,,,,,,,,,,,,,,,,,,,,,,,,,,,,https://www.westendpower.com/new-models/2026-mi-t-m-cd-2003-3mmh-cd-series-gas-direct-drive-29427911b,,,,,,,,,,,,,,,,,,,,,,,,,,,,PRODUCT,,,,,,,,,,
JP-2403-3MHB,Mi-T-M JP-2403-3MHB Pressure Washer,T,0,,0,MITM,Cold Water Pressure Washers,,FALSE,F,F,0,,JP-2403-3MHB,2253,,Equipment,,0,0,F,,,0,,1609,,JP Series - Industrial Gasoline / Direct Drive,180,F,JP Series - Industrial Gasoline / Direct Drive,,TRUE,,F,,,F,,,,,,,,,,,,,,,,,,,,,,,,,,,,,,,,,,,,,,https://www.westendpower.com/new-models/2026-mi-t-m-jp-2403-3mhb-jp-series-gasoline-direct-drive-29428011b,,,,,,,,,,,,,,,,,,,,,,,,,,,,PRODUCT,,,,,,,,,,
JP-2703-3MHB,Mi-T-M JP-2703-3MHB Pressure Washer,T,0,,0,MITM,Cold Water Pressure Washers,,FALSE,F,F,0,,JP-2703-3MHB,2361,,Equipment,,0,0,F,,,0,,1689,,JP Series - Industrial Gasoline / Direct Drive,190,F,JP Series - Industrial Gasoline / Direct Drive,,TRUE,,F,,,F,,,,,,,,,,,,,,,,,,,,,,,,,,,,,,,,,,,,,,https://www.westendpower.com/new-models/2026-mi-t-m-jp-2703-3mhb-jp-series-gasoline-direct-drive-29428012b,,,,,,,,,,,,,,,,,,,,,,,,,,,,PRODUCT,,,,,,,,,,
JP-2703-3MKB,Mi-T-M JP-2703-3MKB Pressure Washer,T,0,,0,MITM,Cold Water Pressure Washers,,FALSE,F,F,0,,JP-2703-3MKB,2200,,Equipment,,0,0,F,,,0,,1579,,JP Series - Industrial Gasoline / Direct Drive,200,F,JP Series - Industrial Gasoline / Direct Drive,,TRUE,,F,,,F,,,,,,,,,,,,,,,,,,,,,,,,,,,,,,,,,,,,,,,,,,,,,,,,,,,,,,,,,,,,,,,,,,PRODUCT,,,,,,,,,,
JP-2703-3MMB,Mi-T-M JP-2703-3MMB Pressure Washer,T,0,,0,MITM,Cold Water Pressure Washers,,FALSE,F,F,0,,JP-2703-3MMB,2006,,Equipment,,0,0,F,,,0,,1439,,JP Series - Industrial Gasoline / Direct Drive,210,F,JP Series - Industrial Gasoline / Direct Drive,,TRUE,,F,,,F,,,,,,,,,,,,,,,,,,,,,,,,,,,,,,,,,,,,,,https://www.westendpower.com/new-models/2026-mi-t-m-jp-2703-3mmb-jp-series-gasoline-direct-drive-29428013b,,,,,,,,,,,,,,,,,,,,,,,,,,,,PRODUCT,,,,,,,,,,
JP-3003-3MHB,Mi-T-M JP-3003-3MHB Pressure Washer,T,0,,0,MITM,Cold Water Pressure Washers,,FALSE,F,F,0,,JP-3003-3MHB,3159,,Equipment,,0,0,F,,,0,,2259,,JP Series - Industrial Gasoline / Direct Drive,220,F,JP Series - Industrial Gasoline / Direct Drive,,TRUE,,F,,,F,,,,,,,,,,,,,,,,,,,,,,,,,,,,,,,,,,,,,,https://www.westendpower.com/new-models/2026-mi-t-m-jp-3003-3mhb-jp-series-gasoline-direct-drive-29428016b,,,,,,,,,,,,,,,,,,,,,,,,,,,,PRODUCT,,,,,,,,,,
JP-3003-3MKB,Mi-T-M JP-3003-3MKB Pressure Washer,T,0,,0,MITM,Cold Water Pressure Washers,,FALSE,F,F,0,,JP-3003-3MKB,3352,,Equipment,,0,0,F,,,0,,2399,,JP Series - Industrial Gasoline / Direct Drive,230,F,JP Series - Industrial Gasoline / Direct Drive,,TRUE,,F,,,F,,,,,,,,,,,,,,,,,,,,,,,,,,,,,,,,,,,,,,,,,,,,,,,,,,,,,,,,,,,,,,,,,,PRODUCT,,,,,,,,,,
JP-3003-3MMB,Mi-T-M JP-3003-3MMB Pressure Washer,T,0,,0,MITM,Cold Water Pressure Washers,,FALSE,F,F,0,,JP-3003-3MMB,2700,,Equipment,,0,0,F,,,0,,1929,,JP Series - Industrial Gasoline / Direct Drive,240,F,JP Series - Industrial Gasoline / Direct Drive,,TRUE,,F,,,F,,,,,,,,,,,,,,,,,,,,,,,,,,,,,,,,,,,,,,https://www.westendpower.com/new-models/2026-mi-t-m-jp-3003-3mmb-jp-series-gasoline-direct-drive-29428017b,,,,,,,,,,,,,,,,,,,,,,,,,,,,PRODUCT,,,,,,,,,,
JP-3504-3MHB,Mi-T-M JP-3504-3MHB Pressure Washer,T,0,,0,MITM,Cold Water Pressure Washers,,FALSE,F,F,0,,JP-3504-3MHB,3707,,Equipment,,0,0,F,,,0,,2649,,JP Series - Industrial Gasoline / Direct Drive,250,F,JP Series - Industrial Gasoline / Direct Drive,,TRUE,,F,,,F,,,,,,,,,,,,,,,,,,,,,,,,,,,,,,,,,,,,,,https://www.westendpower.com/new-models/2026-mi-t-m-jp-3504-3mhb-jp-series-gasoline-direct-drive-29428018b,,,,,,,,,,,,,,,,,,,,,,,,,,,,PRODUCT,,,,,,,,,,
JP-3504-3MKB,Mi-T-M JP-3504-3MKB Pressure Washer,T,0,,0,MITM,Cold Water Pressure Washers,,FALSE,F,F,0,,JP-3504-3MKB,3468,,Equipment,,0,0,F,,,0,,2479,,JP Series - Industrial Gasoline / Direct Drive,260,F,JP Series - Industrial Gasoline / Direct Drive,,TRUE,,F,,,F,,,,,,,,,,,,,,,,,,,,,,,,,,,,,,,,,,,,,,,,,,,,,,,,,,,,,,,,,,,,,,,,,,PRODUCT,,,,,,,,,,
JP-3504-3MMB,Mi-T-M JP-3504-3MMB Pressure Washer,T,0,,0,MITM,Cold Water Pressure Washers,,FALSE,F,F,0,,JP-3504-3MMB,3007,,Equipment,,0,0,F,,,0,,2149,,JP Series - Industrial Gasoline / Direct Drive,270,F,JP Series - Industrial Gasoline / Direct Drive,,TRUE,,F,,,F,,,,,,,,,,,,,,,,,,,,,,,,,,,,,,,,,,,,,,https://www.westendpower.com/new-models/2026-mi-t-m-jp-3504-3mmb-jp-series-gasoline-direct-drive-29428019b,,,,,,,,,,,,,,,,,,,,,,,,,,,,PRODUCT,,,,,,,,,,
JP-4004-3MHB,Mi-T-M JP-4004-3MHB Pressure Washer,T,0,,0,MITM,Cold Water Pressure Washers,,FALSE,F,F,0,,JP-4004-3MHB,4051,,Equipment,,0,0,F,,,0,,2899,,JP Series - Industrial Gasoline / Direct Drive,280,F,JP Series - Industrial Gasoline / Direct Drive,,TRUE,,F,,,F,,,,,,,,,,,,,,,,,,,,,,,,,,,,,,,,,,,,,,https://www.westendpower.com/new-models/2026-mi-t-m-jp-4004-3mhb-jp-series-gasoline-direct-drive-29428020b,,,,,,,,,,,,,,,,,,,,,,,,,,,,PRODUCT,,,,,,,,,,
CA-2403-1MMH,Mi-T-M CA-2403-1MMH Pressure Washer,T,0,,0,MITM,Cold Water Pressure Washers,,FALSE,F,F,0,,CA-2403-1MMH,2332,,Equipment,,0,0,F,,,0,,1669,,CA Aluminum Series - Gasoline / Direct Drive,290,F,CA Aluminum Series - Gasoline / Direct Drive,,TRUE,,F,,,F,,,,,,,,,,,,,,,,,,,,,,,,,,,,,,,,,,,,,,https://www.westendpower.com/new-models/2026-mi-t-m-ca-2403-1mmh-ca-aluminum-series-gas-direct-drive-29427422b,,,,,,,,,,,,,,,,,,,,,,,,,,,,PRODUCT,,,,,,,,,,
CA-2703-1MMH,Mi-T-M CA-2703-1MMH Pressure Washer,T,0,,0,MITM,Cold Water Pressure Washers,,FALSE,F,F,0,,CA-2703-1MMH,2434,,Equipment,,0,0,F,,,0,,1739,,CA Aluminum Series - Gasoline / Direct Drive,300,F,CA Aluminum Series - Gasoline / Direct Drive,,TRUE,,F,,,F,,,,,,,,,,,,,,,,,,,,,,,,,,,,,,,,,,,,,,https://www.westendpower.com/new-models/2026-mi-t-m-ca-2703-1mmh-ca-aluminum-series-gas-direct-drive-29427426b,,,,,,,,,,,,,,,,,,,,,,,,,,,,PRODUCT,,,,,,,,,,
CA-2703-1MMK,Mi-T-M CA-2703-1MMK Pressure Washer,T,0,,0,MITM,Cold Water Pressure Washers,,FALSE,F,F,0,,CA-2703-1MMK,2338,,Equipment,,0,0,F,,,0,,1669,,CA Aluminum Series - Gasoline / Direct Drive,310,F,CA Aluminum Series - Gasoline / Direct Drive,,TRUE,,F,,,F,,,,,,,,,,,,,,,,,,,,,,,,,,,,,,,,,,,,,,https://www.westendpower.com/new-models/2026-mi-t-m-ca-2703-1mmk-ca-aluminum-series-gas-direct-drive-29427427b,,,,,,,,,,,,,,,,,,,,,,,,,,,,PRODUCT,,,,,,,,,,
CA-2703-1MMM,Mi-T-M CA-2703-1MMM Pressure Washer,T,0,,0,MITM,Cold Water Pressure Washers,,FALSE,F,F,0,,CA-2703-1MMM,2091,,Equipment,,0,0,F,,,0,,2989,,CA Aluminum Series - Gasoline / Direct Drive,320,F,CA Aluminum Series - Gasoline / Direct Drive,,TRUE,,F,,,F,,,,,,,,,,,,,,,,,,,,,,,,,,,,,,,,,,,,,,https://www.westendpower.com/new-models/2026-mi-t-m-ca-2703-1mmm-ca-aluminum-series-gas-direct-drive-29427428b,,,,,,,,,,,,,,,,,,,,,,,,,,,,PRODUCT,,,,,,,,,,
CA-2703-1MMV,Mi-T-M CA-2703-1MMV Pressure Washer,T,0,,0,MITM,Cold Water Pressure Washers,,FALSE,F,F,0,,CA-2703-1MMV,2515,,Equipment,,0,0,F,,,0,,1799,,CA Aluminum Series - Gasoline / Direct Drive,330,F,CA Aluminum Series - Gasoline / Direct Drive,,TRUE,,F,,,F,,,,,,,,,,,,,,,,,,,,,,,,,,,,,,,,,,,,,,https://www.westendpower.com/new-models/2026-mi-t-m-ca-2703-1mmv-ca-aluminum-series-gas-direct-drive-29427430b,,,,,,,,,,,,,,,,,,,,,,,,,,,,PRODUCT,,,,,,,,,,
CA-3003-1MAH,Mi-T-M CA-3003-1MAH Pressure Washer,T,0,,0,MITM,Cold Water Pressure Washers,,FALSE,F,F,0,,CA-3003-1MAH,3365,,Equipment,,0,0,F,,,0,,2409,,CA Aluminum Series - Gasoline / Direct Drive,340,F,CA Aluminum Series - Gasoline / Direct Drive,,TRUE,,F,,,F,,,,,,,,,,,,,,,,,,,,,,,,,,,,,,,,,,,,,,https://www.westendpower.com/new-models/2026-mi-t-m-ca-3003-1mah-ca-aluminum-series-gas-direct-drive-29427433b,,,,,,,,,,,,,,,,,,,,,,,,,,,,PRODUCT,,,,,,,,,,
CA-3003-1MAK,Mi-T-M CA-3003-1MAK Pressure Washer,T,0,,0,MITM,Cold Water Pressure Washers,,FALSE,F,F,0,,CA-3003-1MAK,3405,,Equipment,,0,0,F,,,0,,2439,,CA Aluminum Series - Gasoline / Direct Drive,350,F,CA Aluminum Series - Gasoline / Direct Drive,,TRUE,,F,,,F,,,,,,,,,,,,,,,,,,,,,,,,,,,,,,,,,,,,,,,,,,,,,,,,,,,,,,,,,,,,,,,,,,PRODUCT,,,,,,,,,,
CA-3003-1MAM,Mi-T-M CA-3003-1MAM Pressure Washer,T,0,,0,MITM,Cold Water Pressure Washers,,FALSE,F,F,0,,CA-3003-1MAM,2853,,Equipment,,0,0,F,,,0,,2039,,CA Aluminum Series - Gasoline / Direct Drive,360,F,CA Aluminum Series - Gasoline / Direct Drive,,TRUE,,F,,,F,,,,,,,,,,,,,,,,,,,,,,,,,,,,,,,,,,,,,,https://www.westendpower.com/new-models/2026-mi-t-m-ca-3003-1mam-ca-aluminum-series-gas-direct-drive-29427435b,,,,,,,,,,,,,,,,,,,,,,,,,,,,PRODUCT,,,,,,,,,,
CA-3504-1MAH,Mi-T-M CA-3504-1MAH Pressure Washer,T,0,,0,MITM,Cold Water Pressure Washers,,FALSE,F,F,0,,CA-3504-1MAH,3719,,Equipment,,0,0,F,,,0,,2659,,CA Aluminum Series - Gasoline / Direct Drive,370,F,CA Aluminum Series - Gasoline / Direct Drive,,TRUE,,F,,,F,,,,,,,,,,,,,,,,,,,,,,,,,,,,,,,,,,,,,,https://www.westendpower.com/new-models/2026-mi-t-m-ca-3504-1mah-ca-aluminum-series-gas-direct-drive-29427764b,,,,,,,,,,,,,,,,,,,,,,,,,,,,PRODUCT,,,,,,,,,,
CA-3504-1MAK,Mi-T-M CA-3504-1MAK Pressure Washer,T,0,,0,MITM,Cold Water Pressure Washers,,FALSE,F,F,0,,CA-3504-1MAK,3777,,Equipment,,0,0,F,,,0,,2699,,CA Aluminum Series - Gasoline / Direct Drive,380,F,CA Aluminum Series - Gasoline / Direct Drive,,TRUE,,F,,,F,,,,,,,,,,,,,,,,,,,,,,,,,,,,,,,,,,,,,,,,,,,,,,,,,,,,,,,,,,,,,,,,,,PRODUCT,,,,,,,,,,
CA-3504-1MAM,Mi-T-M CA-3504-1MAM Pressure Washer,T,0,,0,MITM,Cold Water Pressure Washers,,FALSE,F,F,0,,CA-3504-1MAM,3237,,Equipment,,0,0,F,,,0,,2319,,CA Aluminum Series - Gasoline / Direct Drive,390,F,CA Aluminum Series - Gasoline / Direct Drive,,TRUE,,F,,,F,,,,,,,,,,,,,,,,,,,,,,,,,,,,,,,,,,,,,,https://www.westendpower.com/new-models/2026-mi-t-m-ca-3504-1mam-ca-aluminum-series-gas-direct-drive-29427765b,,,,,,,,,,,,,,,,,,,,,,,,,,,,PRODUCT,,,,,,,,,,
CA-3504-1MGH,Mi-T-M CA-3504-1MGH Pressure Washer,T,0,,0,MITM,Cold Water Pressure Washers,,FALSE,F,F,0,,CA-3504-1MGH,4158,,Equipment,,0,0,F,,,0,,2979,,CA Aluminum Series - Gasoline / Direct Drive,400,F,CA Aluminum Series - Gasoline / Direct Drive,,TRUE,,F,,,F,,,,,,,,,,,,,,,,,,,,,,,,,,,,,,,,,,,,,,https://www.westendpower.com/new-models/2026-mi-t-m-ca-3504-1mgh-ca-aluminum-series-gas-direct-drive-29427766b,,,,,,,,,,,,,,,,,,,,,,,,,,,,PRODUCT,,,,,,,,,,
CA-4004-1MAH,Mi-T-M CA-4004-1MAH Pressure Washer,T,0,,0,MITM,Cold Water Pressure Washers,,FALSE,F,F,0,,CA-4004-1MAH,4005,,Equipment,,0,0,F,,,0,,2869,,CA Aluminum Series - Gasoline / Direct Drive,410,F,CA Aluminum Series - Gasoline / Direct Drive,,TRUE,,F,,,F,,,,,,,,,,,,,,,,,,,,,,,,,,,,,,,,,,,,,,https://www.westendpower.com/new-models/2026-mi-t-m-ca-4004-1mah-ca-aluminum-series-gas-direct-drive-29427768b,,,,,,,,,,,,,,,,,,,,,,,,,,,,PRODUCT,,,,,,,,,,
CA-4004-1MAK,Mi-T-M CA-4004-1MAK Pressure Washer,T,0,,0,MITM,Cold Water Pressure Washers,,FALSE,F,F,0,,CA-4004-1MAK,3668,,Equipment,,0,0,F,,,0,,2619,,CA Aluminum Series - Gasoline / Direct Drive,420,F,CA Aluminum Series - Gasoline / Direct Drive,,TRUE,,F,,,F,,,,,,,,,,,,,,,,,,,,,,,,,,,,,,,,,,,,,,,,,,,,,,,,,,,,,,,,,,,,,,,,,,PRODUCT,,,,,,,,,,
CA-4004-1MAM,Mi-T-M CA-4004-1MAM Pressure Washer,T,0,,0,MITM,Cold Water Pressure Washers,,FALSE,F,F,0,,CA-4004-1MAM,3364,,Equipment,,0,0,F,,,0,,2409,,CA Aluminum Series - Gasoline / Direct Drive,430,F,CA Aluminum Series - Gasoline / Direct Drive,,TRUE,,F,,,F,,,,,,,,,,,,,,,,,,,,,,,,,,,,,,,,,,,,,,https://www.westendpower.com/new-models/2026-mi-t-m-ca-4004-1mam-ca-aluminum-series-gas-direct-drive-29427770b,,,,,,,,,,,,,,,,,,,,,,,,,,,,PRODUCT,,,,,,,,,,
CA-4004-1MAV,Mi-T-M CA-4004-1MAV Pressure Washer,T,0,,0,MITM,Cold Water Pressure Washers,,FALSE,F,F,0,,CA-4004-1MAV,3850,,Equipment,,0,0,F,,,0,,2749,,CA Aluminum Series - Gasoline / Direct Drive,440,F,CA Aluminum Series - Gasoline / Direct Drive,,TRUE,,F,,,F,,,,,,,,,,,,,,,,,,,,,,,,,,,,,,,,,,,,,,,,,,,,,,,,,,,,,,,,,,,,,,,,,,PRODUCT,,,,,,,,,,
CA-4004-1MCH,Mi-T-M CA-4004-1MCH Pressure Washer,T,0,,0,MITM,Cold Water Pressure Washers,,FALSE,F,F,0,,CA-4004-1MCH,4582,,Equipment,,0,0,F,,,0,,3279,,CA Aluminum Series - Gasoline / Direct Drive,450,F,CA Aluminum Series - Gasoline / Direct Drive,,TRUE,,F,,,F,,,,,,,,,,,,,,,,,,,,,,,,,,,,,,,,,,,,,,https://www.westendpower.com/new-models/2026-mi-t-m-ca-4004-1mch-ca-aluminum-series-gas-direct-drive-29427771b,,,,,,,,,,,,,,,,,,,,,,,,,,,,PRODUCT,,,,,,,,,,
CA-4004-1MCM,Mi-T-M CA-4004-1MCM Pressure Washer,T,0,,0,MITM,Cold Water Pressure Washers,,FALSE,F,F,0,,CA-4004-1MCM,3724,,Equipment,,0,0,F,,,0,,2659,,CA Aluminum Series - Gasoline / Direct Drive,460,F,CA Aluminum Series - Gasoline / Direct Drive,,TRUE,,F,,,F,,,,,,,,,,,,,,,,,,,,,,,,,,,,,,,,,,,,,,https://www.westendpower.com/new-models/2026-mi-t-m-ca-4004-1mcm-ca-aluminum-series-gas-direct-drive-29427773b,,,,,,,,,,,,,,,,,,,,,,,,,,,,PRODUCT,,,,,,,,,,
CA-4004-1MGH,Mi-T-M CA-4004-1MGH Pressure Washer,T,0,,0,MITM,Cold Water Pressure Washers,,FALSE,F,F,0,,CA-4004-1MGH,4200,,Equipment,,0,0,F,,,0,,2999,,CA Aluminum Series - Gasoline / Direct Drive,470,F,CA Aluminum Series - Gasoline / Direct Drive,,TRUE,,F,,,F,,,,,,,,,,,,,,,,,,,,,,,,,,,,,,,,,,,,,,https://www.westendpower.com/new-models/2026-mi-t-m-ca-4004-1mgh-ca-aluminum-series-gas-direct-drive-29427774b,,,,,,,,,,,,,,,,,,,,,,,,,,,,PRODUCT,,,,,,,,,,
CA-4004-1MGM,Mi-T-M CA-4004-1MGM Pressure Washer,T,0,,0,MITM,Cold Water Pressure Washers,,FALSE,F,F,0,,CA-4004-1MGM,3371,,Equipment,,0,0,F,,,0,,2409,,CA Aluminum Series - Gasoline / Direct Drive,480,F,CA Aluminum Series - Gasoline / Direct Drive,,TRUE,,F,,,F,,,,,,,,,,,,,,,,,,,,,,,,,,,,,,,,,,,,,,https://www.westendpower.com/new-models/2026-mi-t-m-ca-4004-1mgm-ca-aluminum-series-gas-direct-drive-29427777b,,,,,,,,,,,,,,,,,,,,,,,,,,,,PRODUCT,,,,,,,,,,
CBA-3504-1MAH,Mi-T-M CBA-3504-1MAH Pressure Washer,T,0,,0,MITM,Cold Water Pressure Washers,,FALSE,F,F,0,,CBA-3504-1MAH,4411,,Equipment,,0,0,F,,,0,,0,,CBA Aluminum Series - Industrial Gasoline / Belt Drive,490,F,CBA Aluminum Series - Industrial Gasoline / Belt Drive,,TRUE,,F,,,F,,,,,,,,,,,,,,,,,,,,,,,,,,,,,,,,,,,,,,https://www.westendpower.com/new-models/2026-mi-t-m-cba-3504-1mah-cba-aluminum-series-gas-belt-drive-29427786b,,,,,,,,,,,,,,,,,,,,,,,,,,,,PRODUCT,,,,,,,,,,
CBA-3504-1MAK,Mi-T-M CBA-3504-1MAK Pressure Washer,T,0,,0,MITM,Cold Water Pressure Washers,,FALSE,F,F,0,,CBA-3504-1MAK,4277,,Equipment,,0,0,F,,,0,,0,,CBA Aluminum Series - Industrial Gasoline / Belt Drive,500,F,CBA Aluminum Series - Industrial Gasoline / Belt Drive,,TRUE,,F,,,F,,,,,,,,,,,,,,,,,,,,,,,,,,,,,,,,,,,,,,,,,,,,,,,,,,,,,,,,,,,,,,,,,,PRODUCT,,,,,,,,,,
CBA-3504-1MAM,Mi-T-M CBA-3504-1MAM Pressure Washer,T,0,,0,MITM,Cold Water Pressure Washers,,FALSE,F,F,0,,CBA-3504-1MAM,3929,,Equipment,,0,0,F,,,0,,0,,CBA Aluminum Series - Industrial Gasoline / Belt Drive,510,F,CBA Aluminum Series - Industrial Gasoline / Belt Drive,,TRUE,,F,,,F,,,,,,,,,,,,,,,,,,,,,,,,,,,,,,,,,,,,,,https://www.westendpower.com/new-models/2026-mi-t-m-cba-3504-1mam-cba-aluminum-series-gas-belt-drive-29427787b,,,,,,,,,,,,,,,,,,,,,,,,,,,,PRODUCT,,,,,,,,,,
CBA-3504-1MGH,Mi-T-M CBA-3504-1MGH Pressure Washer,T,0,,0,MITM,Cold Water Pressure Washers,,FALSE,F,F,0,,CBA-3504-1MGH,4856,,Equipment,,0,0,F,,,0,,0,,CBA Aluminum Series - Industrial Gasoline / Belt Drive,520,F,CBA Aluminum Series - Industrial Gasoline / Belt Drive,,TRUE,,F,,,F,,,,,,,,,,,,,,,,,,,,,,,,,,,,,,,,,,,,,,https://www.westendpower.com/new-models/2026-mi-t-m-cba-3504-1mgh-cba-aluminum-series-gas-belt-drive-29427789b,,,,,,,,,,,,,,,,,,,,,,,,,,,,PRODUCT,,,,,,,,,,
CBA-4004-1MAH,Mi-T-M CBA-4004-1MAH Pressure Washer,T,0,,0,MITM,Cold Water Pressure Washers,,FALSE,F,F,0,,CBA-4004-1MAH,4458,,Equipment,,0,0,F,,,0,,0,,CBA Aluminum Series - Industrial Gasoline / Belt Drive,530,F,CBA Aluminum Series - Industrial Gasoline / Belt Drive,,TRUE,,F,,,F,,,,,,,,,,,,,,,,,,,,,,,,,,,,,,,,,,,,,,https://www.westendpower.com/new-models/2026-mi-t-m-cba-4004-1mah-cba-aluminum-series-gas-belt-drive-29427791b,,,,,,,,,,,,,,,,,,,,,,,,,,,,PRODUCT,,,,,,,,,,
CAB-4004-1MAK,Mi-T-M CAB-4004-1MAK Pressure Washer,T,0,,0,MITM,Cold Water Pressure Washers,,FALSE,F,F,0,,CAB-4004-1MAK,4318,,Equipment,,0,0,F,,,0,,0,,CBA Aluminum Series - Industrial Gasoline / Belt Drive,540,F,CBA Aluminum Series - Industrial Gasoline / Belt Drive,,TRUE,,F,,,F,,,,,,,,,,,,,,,,,,,,,,,,,,,,,,,,,,,,,,,,,,,,,,,,,,,,,,,,,,,,,,,,,,PRODUCT,,,,,,,,,,
CAB-4004-1MAM,Mi-T-M CAB-4004-1MAM Pressure Washer,T,0,,0,MITM,Cold Water Pressure Washers,,FALSE,F,F,0,,CAB-4004-1MAM,3976,,Equipment,,0,0,F,,,0,,0,,CBA Aluminum Series - Industrial Gasoline / Belt Drive,550,F,CBA Aluminum Series - Industrial Gasoline / Belt Drive,,TRUE,,F,,,F,,,,,,,,,,,,,,,,,,,,,,,,,,,,,,,,,,,,,,,,,,,,,,,,,,,,,,,,,,,,,,,,,,PRODUCT,,,,,,,,,,
CBA-4004-1MCH,Mi-T-M CBA-4004-1MCH Pressure Washer,T,0,,0,MITM,Cold Water Pressure Washers,,FALSE,F,F,0,,CBA-4004-1MCH,5154,,Equipment,,0,0,F,,,0,,0,,CBA Aluminum Series - Industrial Gasoline / Belt Drive,560,F,CBA Aluminum Series - Industrial Gasoline / Belt Drive,,TRUE,,F,,,F,,,,,,,,,,,,,,,,,,,,,,,,,,,,,,,,,,,,,,https://www.westendpower.com/new-models/2026-mi-t-m-cba-4004-1mch-cba-aluminum-series-gas-belt-drive-29427795b,,,,,,,,,,,,,,,,,,,,,,,,,,,,PRODUCT,,,,,,,,,,
CBA-4004-1MCK,Mi-T-M CBA-4004-1MCK Pressure Washer,T,0,,0,MITM,Cold Water Pressure Washers,,FALSE,F,F,0,,CBA-4004-1MCK,5007,,Equipment,,0,0,F,,,0,,0,,CBA Aluminum Series - Industrial Gasoline / Belt Drive,570,F,CBA Aluminum Series - Industrial Gasoline / Belt Drive,,TRUE,,F,,,F,,,,,,,,,,,,,,,,,,,,,,,,,,,,,,,,,,,,,,,,,,,,,,,,,,,,,,,,,,,,,,,,,,PRODUCT,,,,,,,,,,
CBA-4004-1MCM,Mi-T-M CBA-4004-1MCM Pressure Washer,T,0,,0,MITM,Cold Water Pressure Washers,,FALSE,F,F,0,,CBA-4004-1MCM,4467,,Equipment,,0,0,F,,,0,,0,,CBA Aluminum Series - Industrial Gasoline / Belt Drive,580,F,CBA Aluminum Series - Industrial Gasoline / Belt Drive,,TRUE,,F,,,F,,,,,,,,,,,,,,,,,,,,,,,,,,,,,,,,,,,,,,https://www.westendpower.com/new-models/2026-mi-t-m-cba-4004-1mcm-cba-aluminum-series-gas-belt-drive-29427797b,,,,,,,,,,,,,,,,,,,,,,,,,,,,PRODUCT,,,,,,,,,,
CBA-4004-1MGH,Mi-T-M CBA-4004-1MGH Pressure Washer,T,0,,0,MITM,Cold Water Pressure Washers,,FALSE,F,F,0,,CBA-4004-1MGH,4923,,Equipment,,0,0,F,,,0,,0,,CBA Aluminum Series - Industrial Gasoline / Belt Drive,590,F,CBA Aluminum Series - Industrial Gasoline / Belt Drive,,TRUE,,F,,,F,,,,,,,,,,,,,,,,,,,,,,,,,,,,,,,,,,,,,,https://www.westendpower.com/new-models/2026-mi-t-m-cba-4004-1mgh-cba-aluminum-series-gas-belt-drive-29427799b,,,,,,,,,,,,,,,,,,,,,,,,,,,,PRODUCT,,,,,,,,,,
CBA-4004-1MGM,Mi-T-M CBA-4004-1MGM Pressure Washer,T,0,,0,MITM,Cold Water Pressure Washers,,FALSE,F,F,0,,CBA-4004-1MGM,3850,,Equipment,,0,0,F,,,0,,0,,CBA Aluminum Series - Industrial Gasoline / Belt Drive,600,F,CBA Aluminum Series - Industrial Gasoline / Belt Drive,,TRUE,,F,,,F,,,,,,,,,,,,,,,,,,,,,,,,,,,,,,,,,,,,,,https://www.westendpower.com/new-models/2026-mi-t-m-cba-4004-1mgm-cba-aluminum-series-gas-belt-drive-29427802b,,,,,,,,,,,,,,,,,,,,,,,,,,,,PRODUCT,,,,,,,,,,
JCW-2403-0MHB,Mi-T-M JCW-2403-0MHB Pressure Washer,T,0,,0,MITM,Cold Water Pressure Washers,,FALSE,F,F,0,,JCW-2403-0MHB,2728,,Equipment,,0,0,F,,,0,,0,,JCW Series - Industrial Gasoline / Belt Drive,610,F,JCW Series - Industrial Gasoline / Belt Drive,,TRUE,,F,,,F,,,,,,,,,,,,,,,,,,,,,,,,,,,,,,,,,,,,,,https://www.westendpower.com/new-models/2026-mi-t-m-jcw-2403-0mhb-jcw-series-gasoline-belt-drive-29427982b,,,,,,,,,,,,,,,,,,,,,,,,,,,,PRODUCT,,,,,,,,,,
JCW-2703-0MHB,Mi-T-M JCW-2703-0MHB Pressure Washer,T,0,,0,MITM,Cold Water Pressure Washers,,FALSE,F,F,0,,JCW-2703-0MHB,2867,,Equipment,,0,0,F,,,0,,0,,JCW Series - Industrial Gasoline / Belt Drive,620,F,JCW Series - Industrial Gasoline / Belt Drive,,TRUE,,F,,,F,,,,,,,,,,,,,,,,,,,,,,,,,,,,,,,,,,,,,,https://www.westendpower.com/new-models/2026-mi-t-m-jcw-2703-0mhb-jcw-series-gasoline-belt-drive-29427984b,,,,,,,,,,,,,,,,,,,,,,,,,,,,PRODUCT,,,,,,,,,,
JCW-3003-2MHB,Mi-T-M JCW-3003-2MHB Pressure Washer,T,0,,0,MITM,Cold Water Pressure Washers,,FALSE,F,F,0,,JCW-3003-2MHB,3611,,Equipment,,0,0,F,,,0,,0,,JCW Series - Industrial Gasoline / Belt Drive,630,F,JCW Series - Industrial Gasoline / Belt Drive,,TRUE,,F,,,F,,,,,,,,,,,,,,,,,,,,,,,,,,,,,,,,,,,,,,https://www.westendpower.com/new-models/2026-mi-t-m-jcw-3003-2mhb-jcw-series-gasoline-belt-drive-29427985b,,,,,,,,,,,,,,,,,,,,,,,,,,,,PRODUCT,,,,,,,,,,
JCW-3504-2MHB,Mi-T-M JCW-3504-2MHB Pressure Washer,T,0,,0,MITM,Cold Water Pressure Washers,,FALSE,F,F,0,,JCW-3504-2MHB,4080,,Equipment,,0,0,F,,,0,,0,,JCW Series - Industrial Gasoline / Belt Drive,640,F,JCW Series - Industrial Gasoline / Belt Drive,,TRUE,,F,,,F,,,,,,,,,,,,,,,,,,,,,,,,,,,,,,,,,,,,,,https://www.westendpower.com/new-models/2026-mi-t-m-jcw-3504-2mhb-jcw-series-gasoline-belt-drive-29427986b,,,,,,,,,,,,,,,,,,,,,,,,,,,,PRODUCT,,,,,,,,,,
JCW-4004-2MHB,Mi-T-M JCW-4004-2MHB Pressure Washer,T,0,,0,MITM,Cold Water Pressure Washers,,FALSE,F,F,0,,JCW-4004-2MHB,4140,,Equipment,,0,0,F,,,0,,0,,JCW Series - Industrial Gasoline / Belt Drive,650,F,JCW Series - Industrial Gasoline / Belt Drive,,TRUE,,F,,,F,,,,,,,,,,,,,,,,,,,,,,,,,,,,,,,,,,,,,,https://www.westendpower.com/new-models/2026-mi-t-m-jcw-4004-2mhb-jcw-series-gasoline-belt-drive-29427987b,,,,,,,,,,,,,,,,,,,,,,,,,,,,PRODUCT,,,,,,,,,,
CW-2505-4MGH,Mi-T-M CW-2505-4MGH Pressure Washer,T,0,,0,MITM,Cold Water Pressure Washers,,FALSE,F,F,0,,CW-2505-4MGH,4523,,Equipment,,0,0,F,,,0,,0,,CW Premium Series - Industrial Gasoline / Belt Drive,660,F,CW Premium Series - Industrial Gasoline / Belt Drive,,TRUE,,F,,,F,,,,,,,,,,,,,,,,,,,,,,,,,,,,,,,,,,,,,,https://www.westendpower.com/new-models/2026-mi-t-m-cw-2505-4mgh-cw-premium-series-gas-belt-drive-29427954b,,,,,,,,,,,,,,,,,,,,,,,,,,,,PRODUCT,,,,,,,,,,
CW-2505-4MGK,Mi-T-M CW-2505-4MGK Pressure Washer,T,0,,0,MITM,Cold Water Pressure Washers,,FALSE,F,F,0,,CW-2505-4MGK,4525,,Equipment,,0,0,F,,,0,,0,,CW Premium Series - Industrial Gasoline / Belt Drive,670,F,CW Premium Series - Industrial Gasoline / Belt Drive,,TRUE,,F,,,F,,,,,,,,,,,,,,,,,,,,,,,,,,,,,,,,,,,,,,,,,,,,,,,,,,,,,,,,,,,,,,,,,,PRODUCT,,,,,,,,,,
CW-2505-4MGM,Mi-T-M CW-2505-4MGM Pressure Washer,T,0,,0,MITM,Cold Water Pressure Washers,,FALSE,F,F,0,,CW-2505-4MGM,4029,,Equipment,,0,0,F,,,0,,0,,CW Premium Series - Industrial Gasoline / Belt Drive,680,F,CW Premium Series - Industrial Gasoline / Belt Drive,,TRUE,,F,,,F,,,,,,,,,,,,,,,,,,,,,,,,,,,,,,,,,,,,,,https://www.westendpower.com/new-models/2026-mi-t-m-cw-2505-4mgm-cw-premium-series-gas-belt-drive-29427955b,,,,,,,,,,,,,,,,,,,,,,,,,,,,PRODUCT,,,,,,,,,,
CW-3004-4MGH,Mi-T-M CW-3004-4MGH Pressure Washer,T,0,,0,MITM,Cold Water Pressure Washers,,FALSE,F,F,0,,CW-3004-4MGH,4566,,Equipment,,0,0,F,,,0,,0,,CW Premium Series - Industrial Gasoline / Belt Drive,690,F,CW Premium Series - Industrial Gasoline / Belt Drive,,TRUE,,F,,,F,,,,,,,,,,,,,,,,,,,,,,,,,,,,,,,,,,,,,,https://www.westendpower.com/new-models/2026-mi-t-m-cw-3004-4mgh-cw-premium-series-gas-belt-drive-29427957b,,,,,,,,,,,,,,,,,,,,,,,,,,,,PRODUCT,,,,,,,,,,
CW-3004-4MGK,Mi-T-M CW-3004-4MGK Pressure Washer,T,0,,0,MITM,Cold Water Pressure Washers,,FALSE,F,F,0,,CW-3004-4MGK,4571,,Equipment,,0,0,F,,,0,,0,,CW Premium Series - Industrial Gasoline / Belt Drive,700,F,CW Premium Series - Industrial Gasoline / Belt Drive,,TRUE,,F,,,F,,,,,,,,,,,,,,,,,,,,,,,,,,,,,,,,,,,,,,,,,,,,,,,,,,,,,,,,,,,,,,,,,,PRODUCT,,,,,,,,,,
CW-3004-4MGM,Mi-T-M CW-3004-4MGM Pressure Washer,T,0,,0,MITM,Cold Water Pressure Washers,,FALSE,F,F,0,,CW-3004-4MGM,4072,,Equipment,,0,0,F,,,0,,0,,CW Premium Series - Industrial Gasoline / Belt Drive,710,F,CW Premium Series - Industrial Gasoline / Belt Drive,,TRUE,,F,,,F,,,,,,,,,,,,,,,,,,,,,,,,,,,,,,,,,,,,,,https://www.westendpower.com/new-models/2026-mi-t-m-cw-3004-4mgm-cw-premium-series-gas-belt-drive-29427958b,,,,,,,,,,,,,,,,,,,,,,,,,,,,PRODUCT,,,,,,,,,,
CW-3504-5MGH,Mi-T-M CW-3504-5MGH Pressure Washer,T,0,,0,MITM,Cold Water Pressure Washers,,FALSE,F,F,0,,CW-3504-5MGH,5079,,Equipment,,0,0,F,,,0,,0,,CW Premium Series - Industrial Gasoline / Belt Drive,720,F,CW Premium Series - Industrial Gasoline / Belt Drive,,TRUE,,F,,,F,,,,,,,,,,,,,,,,,,,,,,,,,,,,,,,,,,,,,,https://www.westendpower.com/new-models/2026-mi-t-m-cw-3504-5mgh-cw-premium-series-gas-belt-drive-29427959b,,,,,,,,,,,,,,,,,,,,,,,,,,,,PRODUCT,,,,,,,,,,
CW-3504-5MGK,Mi-T-M CW-3504-5MGK Pressure Washer,T,0,,0,MITM,Cold Water Pressure Washers,,FALSE,F,F,0,,CW-3504-5MGK,5114,,Equipment,,0,0,F,,,0,,0,,CW Premium Series - Industrial Gasoline / Belt Drive,730,F,CW Premium Series - Industrial Gasoline / Belt Drive,,TRUE,,F,,,F,,,,,,,,,,,,,,,,,,,,,,,,,,,,,,,,,,,,,,,,,,,,,,,,,,,,,,,,,,,,,,,,,,PRODUCT,,,,,,,,,,
CW-3504-5MGM,Mi-T-M CW-3504-5MGM Pressure Washer,T,0,,0,MITM,Cold Water Pressure Washers,,FALSE,F,F,0,,CW-3504-5MGM,4596,,Equipment,,0,0,F,,,0,,0,,CW Premium Series - Industrial Gasoline / Belt Drive,740,F,CW Premium Series - Industrial Gasoline / Belt Drive,,TRUE,,F,,,F,,,,,,,,,,,,,,,,,,,,,,,,,,,,,,,,,,,,,,https://www.westendpower.com/new-models/2026-mi-t-m-cw-3504-5mgm-cw-premium-series-gas-belt-drive-29427960b,,,,,,,,,,,,,,,,,,,,,,,,,,,,PRODUCT,,,,,,,,,,
CW-4004-5MGH,Mi-T-M CW-4004-5MGH Pressure Washer,T,0,,0,MITM,Cold Water Pressure Washers,,FALSE,F,F,0,,CW-4004-5MGH,5488,,Equipment,,0,0,F,,,0,,0,,CW Premium Series - Industrial Gasoline / Belt Drive,750,F,CW Premium Series - Industrial Gasoline / Belt Drive,,TRUE,,F,,,F,,,,,,,,,,,,,,,,,,,,,,,,,,,,,,,,,,,,,,https://www.westendpower.com/new-models/2026-mi-t-m-cw-4004-5mgh-cw-premium-series-gas-belt-drive-29427963b,,,,,,,,,,,,,,,,,,,,,,,,,,,,PRODUCT,,,,,,,,,,
CW-4004-5MV0,Mi-T-M CW-4004-5MV0 Pressure Washer,T,0,,0,MITM,Cold Water Pressure Washers,,FALSE,F,F,0,,CW-4004-5MV0,8128,,Equipment,,0,0,F,,,0,,0,,CW Premium Series - Industrial Gasoline / Belt Drive,760,F,CW Premium Series - Industrial Gasoline / Belt Drive,,TRUE,,F,,,F,,,,,,,,,,,,,,,,,,,,,,,,,,,,,,,,,,,,,,https://www.westendpower.com/new-models/2026-mi-t-m-cw-4004-5mv0-cw-premium-series-gas-belt-drive-29427964b,,,,,,,,,,,,,,,,,,,,,,,,,,,,PRODUCT,,,,,,,,,,
CWC-3008-4MGH,Mi-T-M CWC-3008-4MGH Pressure Washer,T,0,,0,MITM,Cold Water Pressure Washers,,FALSE,F,F,0,,CWC-3008-4MGH,12700,,Equipment,,0,0,F,,,0,,0,,CWC Premium Series - Industrial Gasoline / Belt Drive,770,F,CWC Premium Series - Industrial Gasoline / Belt Drive,,TRUE,,F,,,F,,,,,,,,,,,,,,,,,,,,,,,,,,,,,,,,,,,,,,https://www.westendpower.com/new-models/2026-mi-t-m-cwc-3008-4mgh-cwc-premium-series-gas-belt-drive-29427968b,,,,,,,,,,,,,,,,,,,,,,,,,,,,PRODUCT,,,,,,,,,,
CWC-5004-4MAH,Mi-T-M CWC-5004-4MAH Pressure Washer,T,0,,0,MITM,Cold Water Pressure Washers,,FALSE,F,F,0,,CWC-5004-4MAH,10630,,Equipment,,0,0,F,,,0,,0,,CWC Premium Series - Industrial Gasoline / Belt Drive,780,F,CWC Premium Series - Industrial Gasoline / Belt Drive,,TRUE,,F,,,F,,,,,,,,,,,,,,,,,,,,,,,,,,,,,,,,,,,,,,https://www.westendpower.com/new-models/2026-mi-t-m-cwc-5004-4mah-cwc-premium-series-gas-belt-drive-29427969b,,,,,,,,,,,,,,,,,,,,,,,,,,,,PRODUCT,,,,,,,,,,
CWC-5004-4MAM,Mi-T-M CWC-5004-4MAM Pressure Washer,T,0,,0,MITM,Cold Water Pressure Washers,,FALSE,F,F,0,,CWC-5004-4MAM,9747,,Equipment,,0,0,F,,,0,,0,,CWC Premium Series - Industrial Gasoline / Belt Drive,790,F,CWC Premium Series - Industrial Gasoline / Belt Drive,,TRUE,,F,,,F,,,,,,,,,,,,,,,,,,,,,,,,,,,,,,,,,,,,,,https://www.westendpower.com/new-models/2026-mi-t-m-cwc-5004-4mam-cwc-premium-series-gas-belt-drive-29427972b,,,,,,,,,,,,,,,,,,,,,,,,,,,,PRODUCT,,,,,,,,,,
CWC-5004-4MAV,Mi-T-M CWC-5004-4MAV Pressure Washer,T,0,,0,MITM,Cold Water Pressure Washers,,FALSE,F,F,0,,CWC-5004-4MAV,11040,,Equipment,,0,0,F,,,0,,0,,CWC Premium Series - Industrial Gasoline / Belt Drive,800,F,CWC Premium Series - Industrial Gasoline / Belt Drive,,TRUE,,F,,,F,,,,,,,,,,,,,,,,,,,,,,,,,,,,,,,,,,,,,,,,,,,,,,,,,,,,,,,,,,,,,,,,,,PRODUCT,,,,,,,,,,
CWC-5004-4MGH,Mi-T-M CWC-5004-4MGH Pressure Washer,T,0,,0,MITM,Cold Water Pressure Washers,,FALSE,F,F,0,,CWC-5004-4MGH,11400,,Equipment,,0,0,F,,,0,,0,,CWC Premium Series - Industrial Gasoline / Belt Drive,810,F,CWC Premium Series - Industrial Gasoline / Belt Drive,,TRUE,,F,,,F,,,,,,,,,,,,,,,,,,,,,,,,,,,,,,,,,,,,,,https://www.westendpower.com/new-models/2026-mi-t-m-cwc-5004-4mgh-cwc-premium-series-gas-belt-drive-29427974b,,,,,,,,,,,,,,,,,,,,,,,,,,,,PRODUCT,,,,,,,,,,
CWC-5005-4MGH,Mi-T-M CWC-5005-4MGH Pressure Washer,T,0,,0,MITM,Cold Water Pressure Washers,,FALSE,F,F,0,,CWC-5005-4MGH,11680,,Equipment,,0,0,F,,,0,,0,,CWC Premium Series - Industrial Gasoline / Belt Drive,820,F,CWC Premium Series - Industrial Gasoline / Belt Drive,,TRUE,,F,,,F,,,,,,,,,,,,,,,,,,,,,,,,,,,,,,,,,,,,,,https://www.westendpower.com/new-models/2026-mi-t-m-cwc-5005-4mgh-cwc-premium-series-gas-belt-drive-29427975b,,,,,,,,,,,,,,,,,,,,,,,,,,,,PRODUCT,,,,,,,,,,
CWC-5005-4MGM,Mi-T-M CWC-5005-4MGM Pressure Washer,T,0,,0,MITM,Cold Water Pressure Washers,,FALSE,F,F,0,,CWC-5005-4MGM,10700,,Equipment,,0,0,F,,,0,,0,,CWC Premium Series - Industrial Gasoline / Belt Drive,830,F,CWC Premium Series - Industrial Gasoline / Belt Drive,,TRUE,,F,,,F,,,,,,,,,,,,,,,,,,,,,,,,,,,,,,,,,,,,,,https://www.westendpower.com/new-models/2026-mi-t-m-cwc-5005-4mgm-cwc-premium-series-gas-belt-drive-29427976b,,,,,,,,,,,,,,,,,,,,,,,,,,,,PRODUCT,,,,,,,,,,
CWC-6004-4MGH,Mi-T-M CWC-6004-4MGH Pressure Washer,T,0,,0,MITM,Cold Water Pressure Washers,,FALSE,F,F,0,,CWC-6004-4MGH,14300,,Equipment,,0,0,F,,,0,,0,,CWC Premium Series - Industrial Gasoline / Belt Drive,840,F,CWC Premium Series - Industrial Gasoline / Belt Drive,,TRUE,,F,,,F,,,,,,,,,,,,,,,,,,,,,,,,,,,,,,,,,,,,,,https://www.westendpower.com/new-models/2026-mi-t-m-cwc-6004-4mgh-cwc-premium-series-gas-belt-drive-29427978b,,,,,,,,,,,,,,,,,,,,,,,,,,,,PRODUCT,,,,,,,,,,
CWC-7004-4MGH,Mi-T-M CWC-7004-4MGH Pressure Washer,T,0,,0,MITM,Cold Water Pressure Washers,,FALSE,F,F,0,,CWC-7004-4MGH,15190,,Equipment,,0,0,F,,,0,,0,,CWC Premium Series - Industrial Gasoline / Belt Drive,850,F,CWC Premium Series - Industrial Gasoline / Belt Drive,,TRUE,,F,,,F,,,,,,,,,,,,,,,,,,,,,,,,,,,,,,,,,,,,,,https://www.westendpower.com/new-models/2026-mi-t-m-cwc-7004-4mgh-cwc-premium-series-gas-belt-drive-29427979b,,,,,,,,,,,,,,,,,,,,,,,,,,,,PRODUCT,,,,,,,,,,
CW-3004-0MKD,Mi-T-M CW-3004-0MKD Pressure Washer,T,0,,0,MITM,Cold Water Pressure Washers,,FALSE,F,F,0,,CW-3004-0MKD,8922.9,,Equipment,,0,0,F,,,0,,0,,CW Premium Series - Industrial Diesel / Belt Drive,860,F,CW Premium Series - Industrial Diesel / Belt Drive,,TRUE,,F,,,F,,,,,,,,,,,,,,,,,,,,,,,,,,,,,,,,,,,,,,https://www.westendpower.com/new-models/2026-mi-t-m-cw-3004-0mkd-cw-premium-series-diesel-belt-drive-29427923b,,,,,,,,,,,,,,,,,,,,,,,,,,,,PRODUCT,,,,,,,,,,
CM-1400-1MEH-M,Mi-T-M CM-1400-1MEH-M Washer / Mister,T,0,,0,MITM,Cold Water Pressure Washers,,FALSE,F,F,0,,CM-1400-1MEH-M,1364,,Equipment,,0,0,F,,,0,,0,,Hand Carry Models,870,F,Hand Carry Models,,TRUE,,F,,,F,,,,,,,,,,,,,,,,,,,,,,,,,,,,,,,,,,,,,,,,,,,,,,,,,,,,,,,,,,,,,,,,,,PRODUCT,,,,,,,,,,
CM-1400-0MEC-M,Mi-T-M CM-1400-0MEC-M Washer / Mister,T,0,,0,MITM,Cold Water Pressure Washers,,FALSE,F,F,0,,CM-1400-0MEC-M,1675,,Equipment,,0,0,F,,,0,,0,,Cart-Mount Models,880,F,Cart-Mount Models,,TRUE,,F,,,F,,,,,,,,,,,,,,,,,,,,,,,,,,,,,,,,,,,,,,,,,,,,,,,,,,,,,,,,,,,,,,,,,,PRODUCT,,,,,,,,,,
CM-1400-OMEC-DM,Mi-T-M CM-1400-OMEC-DM Washer / Mister,T,0,,0,MITM,Cold Water Pressure Washers,,FALSE,F,F,0,,CM-1400-OMEC-DM,2178,,Equipment,,0,0,F,,,0,,0,,Cart-Mount Models,890,F,Cart-Mount Models,,TRUE,,F,,,F,,,,,,,,,,,,,,,,,,,,,,,,,,,,,,,,,,,,,,,,,,,,,,,,,,,,,,,,,,,,,,,,,,PRODUCT,,,,,,,,,,
CD-1002-3MUH,Mi-T-M CD-1002-3MUH Pressure Washer,T,0,,0,MITM,Cold Water Pressure Washers,,FALSE,F,F,0,,CD-1002-3MUH,1886,,Equipment,,0,0,F,,,0,,0,,CD Series - Industrial Electric / Direct Drive,900,F,CD Series - Industrial Electric / Direct Drive,,TRUE,,F,,,F,,,,,,,,,,,,,,,,,,,,,,,,,,,,,,,,,,,,,,https://www.westendpower.com/new-models/2026-mi-t-m-cd-1002-3muh-cd-series-electric-direct-drive-29427803b,,,,,,,,,,,,,,,,,,,,,,,,,,,,PRODUCT,,,,,,,,,,
CD-1002-4MUH,Mi-T-M CD-1002-4MUH Pressure Washer,T,0,,0,MITM,Cold Water Pressure Washers,,FALSE,F,F,0,,CD-1002-4MUH,2832.9,,Equipment,,0,0,F,,,0,,0,,CD Series - Industrial Electric / Direct Drive,910,F,CD Series - Industrial Electric / Direct Drive,,TRUE,,F,,,F,,,,,,,,,,,,,,,,,,,,,,,,,,,,,,,,,,,,,,https://www.westendpower.com/new-models/2026-mi-t-m-cd-1002-4muh-cd-series-electric-direct-drive-29427836b,,,,,,,,,,,,,,,,,,,,,,,,,,,,PRODUCT,,,,,,,,,,
CD-1502-3MUH,Mi-T-M CD-1502-3MUH Pressure Washer,T,0,,0,MITM,Cold Water Pressure Washers,,FALSE,F,F,0,,CD-1502-3MUH,2021,,Equipment,,0,0,F,,,0,,0,,CD Series - Industrial Electric / Direct Drive,920,F,CD Series - Industrial Electric / Direct Drive,,TRUE,,F,,,F,,,,,,,,,,,,,,,,,,,,,,,,,,,,,,,,,,,,,,https://www.westendpower.com/new-models/2026-mi-t-m-cd-1502-3muh-cd-series-electric-direct-drive-29427837b,,,,,,,,,,,,,,,,,,,,,,,,,,,,PRODUCT,,,,,,,,,,
CD-1502-4MUH,Mi-T-M CD-1502-4MUH Pressure Washer,T,0,,0,MITM,Cold Water Pressure Washers,,FALSE,F,F,0,,CD-1502-4MUH,2753,,Equipment,,0,0,F,,,0,,0,,CD Series - Industrial Electric / Direct Drive,930,F,CD Series - Industrial Electric / Direct Drive,,TRUE,,F,,,F,,,,,,,,,,,,,,,,,,,,,,,,,,,,,,,,,,,,,,https://www.westendpower.com/new-models/2026-mi-t-m-cd-1502-4muh-cd-series-electric-direct-drive-29427838b,,,,,,,,,,,,,,,,,,,,,,,,,,,,PRODUCT,,,,,,,,,,
JP-1002-3ME1,Mi-T-M JP-1002-3ME1 Pressure Washer,T,0,,0,MITM,Cold Water Pressure Washers,,FALSE,F,F,0,,JP-1002-3ME1,2021,,Equipment,,0,0,F,,,0,,0,,JP Series - Industrial Electric / Direct Drive,940,F,JP Series - Industrial Electric / Direct Drive,,TRUE,,F,,,F,,,,,,,,,,,,,,,,,,,,,,,,,,,,,,,,,,,,,,https://www.westendpower.com/new-models/2026-mi-t-m-jp-1002-3me1-jp-series-electric-direct-drive-29427999b,,,,,,,,,,,,,,,,,,,,,,,,,,,,PRODUCT,,,,,,,,,,
JP-1002-4ME1,Mi-T-M JP-1002-4ME1 Pressure Washer,T,0,,0,MITM,Cold Water Pressure Washers,,FALSE,F,F,0,,JP-1002-4ME1,2797.2,,Equipment,,0,0,F,,,0,,0,,JP Series - Industrial Electric / Direct Drive,950,F,JP Series - Industrial Electric / Direct Drive,,TRUE,,F,,,F,,,,,,,,,,,,,,,,,,,,,,,,,,,,,,,,,,,,,,https://www.westendpower.com/new-models/2026-mi-t-m-jp-1002-4me1-jp-series-electric-direct-drive-29428000b,,,,,,,,,,,,,,,,,,,,,,,,,,,,PRODUCT,,,,,,,,,,
JP-1502-3ME1,Mi-T-M JP-1502-3ME1 Pressure Washer,T,0,,0,MITM,Cold Water Pressure Washers,,FALSE,F,F,0,,JP-1502-3ME1,2145,,Equipment,,0,0,F,,,0,,0,,JP Series - Industrial Electric / Direct Drive,960,F,JP Series - Industrial Electric / Direct Drive,,TRUE,,F,,,F,,,,,,,,,,,,,,,,,,,,,,,,,,,,,,,,,,,,,,https://www.westendpower.com/new-models/2026-mi-t-m-jp-1502-3me1-jp-series-electric-direct-drive-29428001b,,,,,,,,,,,,,,,,,,,,,,,,,,,,PRODUCT,,,,,,,,,,
JP-1502-4ME1,Mi-T-M JP-1502-4ME1 Pressure Washer,T,0,,0,MITM,Cold Water Pressure Washers,,FALSE,F,F,0,,JP-1502-4ME1,2909.55,,Equipment,,0,0,F,,,0,,0,,JP Series - Industrial Electric / Direct Drive,970,F,JP Series - Industrial Electric / Direct Drive,,TRUE,,F,,,F,,,,,,,,,,,,,,,,,,,,,,,,,,,,,,,,,,,,,,https://www.westendpower.com/new-models/2026-mi-t-m-jp-1502-4me1-jp-series-electric-direct-drive-29428002b,,,,,,,,,,,,,,,,,,,,,,,,,,,,PRODUCT,,,,,,,,,,
JP-2003-3ME1,Mi-T-M JP-2003-3ME1 Pressure Washer,T,0,,0,MITM,Cold Water Pressure Washers,,FALSE,F,F,0,,JP-2003-3ME1,3151,,Equipment,,0,0,F,,,0,,0,,JP Series - Industrial Electric / Direct Drive,980,F,JP Series - Industrial Electric / Direct Drive,,TRUE,,F,,,F,,,,,,,,,,,,,,,,,,,,,,,,,,,,,,,,,,,,,,https://www.westendpower.com/new-models/2026-mi-t-m-jp-2003-3me1-jp-series-electric-direct-drive-29428003b,,,,,,,,,,,,,,,,,,,,,,,,,,,,PRODUCT,,,,,,,,,,
JP-2503-2ME1,Mi-T-M JP-2503-2ME1 Pressure Washer,T,0,,0,MITM,Cold Water Pressure Washers,,FALSE,F,F,0,,JP-2503-2ME1,4483,,Equipment,,0,0,F,,,0,,0,,JP Series - Industrial Electric / Direct Drive,990,F,JP Series - Industrial Electric / Direct Drive,,TRUE,,F,,,F,,,,,,,,,,,,,,,,,,,,,,,,,,,,,,,,,,,,,,https://www.westendpower.com/new-models/2026-mi-t-m-jp-2503-2me1-jp-series-electric-direct-drive-29428008b,,,,,,,,,,,,,,,,,,,,,,,,,,,,PRODUCT,,,,,,,,,,
JD-2503-1ME3,Mi-T-M JD-2503-1ME3 Pressure Washer,T,0,,0,MITM,Cold Water Pressure Washers,,FALSE,F,F,0,,JD-2503-1ME3,4227,,Equipment,,0,0,F,,,0,,0,,JP Series - Industrial Electric / Direct Drive,1000,F,JP Series - Industrial Electric / Direct Drive,,TRUE,,F,,,F,,,,,,,,,,,,,,,,,,,,,,,,,,,,,,,,,,,,,,,,,,,,,,,,,,,,,,,,,,,,,,,,,,PRODUCT,,,,,,,,,,
JP-3004-2ME1,Mi-T-M JP-3004-2ME1 Pressure Washer,T,0,,0,MITM,Cold Water Pressure Washers,,FALSE,F,F,0,,JP-3004-2ME1,5018,,Equipment,,0,0,F,,,0,,0,,JP Series - Industrial Electric / Direct Drive,1010,F,JP Series - Industrial Electric / Direct Drive,,TRUE,,F,,,F,,,,,,,,,,,,,,,,,,,,,,,,,,,,,,,,,,,,,,https://www.westendpower.com/new-models/2026-mi-t-m-jp-3004-2me1-jp-series-electric-direct-drive-29428010b,,,,,,,,,,,,,,,,,,,,,,,,,,,,PRODUCT,,,,,,,,,,
JP-3004-1ME3,Mi-T-M JP-3004-1ME3 Pressure Washer,T,0,,0,MITM,Cold Water Pressure Washers,,FALSE,F,F,0,,JP-3004-1ME3,4922,,Equipment,,0,0,F,,,0,,0,,JP Series - Industrial Electric / Direct Drive,1020,F,JP Series - Industrial Electric / Direct Drive,,TRUE,,F,,,F,,,,,,,,,,,,,,,,,,,,,,,,,,,,,,,,,,,,,,https://www.westendpower.com/new-models/2026-mi-t-m-jp-3004-1me3-jp-series-electric-direct-drive-29428009b,,,,,,,,,,,,,,,,,,,,,,,,,,,,PRODUCT,,,,,,,,,,
CW-2405-5ME1,Mi-T-M CW-2405-5ME1 Pressure Washer,T,0,,0,MITM,Cold Water Pressure Washers,,FALSE,F,F,0,,CW-2405-5ME1,5800,,Equipment,,0,0,F,,,0,,0,,CW Premium Series - Industrial Electric / Belt Drive,1030,F,CW Premium Series - Industrial Electric / Belt Drive,,TRUE,,F,,,F,,,,,,,,,,,,,,,,,,,,,,,,,,,,,,,,,,,,,,https://www.westendpower.com/new-models/2026-mi-t-m-cw-2405-5me1-cw-premium-series-electric-belt-drv-29427934b,,,,,,,,,,,,,,,,,,,,,,,,,,,,PRODUCT,,,,,,,,,,
CW-2405-4ME3,Mi-T-M CW-2405-4ME3 Pressure Washer,T,0,,0,MITM,Cold Water Pressure Washers,,FALSE,F,F,0,,CW-2405-4ME3,5627,,Equipment,,0,0,F,,,0,,0,,CW Premium Series - Industrial Electric / Belt Drive,1040,F,CW Premium Series - Industrial Electric / Belt Drive,,TRUE,,F,,,F,,,,,,,,,,,,,,,,,,,,,,,,,,,,,,,,,,,,,,https://www.westendpower.com/new-models/2026-mi-t-m-cw-2405-4me3-cw-premium-series-electric-belt-dvr-29427933b,,,,,,,,,,,,,,,,,,,,,,,,,,,,PRODUCT,,,,,,,,,,
CW-3004-5ME1,Mi-T-M CW-3004-5ME1 Pressure Washer,T,0,,0,MITM,Cold Water Pressure Washers,,FALSE,F,F,0,,CW-3004-5ME1,5800,,Equipment,,0,0,F,,,0,,0,,CW Premium Series - Industrial Electric / Belt Drive,1050,F,CW Premium Series - Industrial Electric / Belt Drive,,TRUE,,F,,,F,,,,,,,,,,,,,,,,,,,,,,,,,,,,,,,,,,,,,,https://www.westendpower.com/new-models/2026-mi-t-m-cw-3004-5me1-cw-premium-series-electric-belt-drv-29427937b,,,,,,,,,,,,,,,,,,,,,,,,,,,,PRODUCT,,,,,,,,,,
CW-3004-4ME3,Mi-T-M CW-3004-4ME3 Pressure Washer,T,0,,0,MITM,Cold Water Pressure Washers,,FALSE,F,F,0,,CW-3004-4ME3,5686,,Equipment,,0,0,F,,,0,,0,,CW Premium Series - Industrial Electric / Belt Drive,1060,F,CW Premium Series - Industrial Electric / Belt Drive,,TRUE,,F,,,F,,,,,,,,,,,,,,,,,,,,,,,,,,,,,,,,,,,,,,https://www.westendpower.com/new-models/2026-mi-t-m-cw-3004-4me3-cw-premium-series-electric-belt-drv-29427936b,,,,,,,,,,,,,,,,,,,,,,,,,,,,PRODUCT,,,,,,,,,,
CW-3005-0ME1,Mi-T-M CW-3005-0ME1 Pressure Washer,T,0,,0,MITM,Cold Water Pressure Washers,,FALSE,F,F,0,,CW-3005-0ME1,7036,,Equipment,,0,0,F,,,0,,0,,CW Premium Series - Industrial Electric / Belt Drive,1070,F,CW Premium Series - Industrial Electric / Belt Drive,,TRUE,,F,,,F,,,,,,,,,,,,,,,,,,,,,,,,,,,,,,,,,,,,,,https://www.westendpower.com/new-models/2026-mi-t-m-cw-3005-0me1-cw-premium-series-electric-belt-drv-29427945b,,,,,,,,,,,,,,,,,,,,,,,,,,,,PRODUCT,,,,,,,,,,
CW-3005-0ME3,Mi-T-M CW-3005-0ME3 Pressure Washer,T,0,,0,MITM,Cold Water Pressure Washers,,FALSE,F,F,0,,CW-3005-0ME3,7606,,Equipment,,0,0,F,,,0,,0,,CW Premium Series - Industrial Electric / Belt Drive,1080,F,CW Premium Series - Industrial Electric / Belt Drive,,TRUE,,F,,,F,,,,,,,,,,,,,,,,,,,,,,,,,,,,,,,,,,,,,,https://www.westendpower.com/new-models/2026-mi-t-m-cw-3005-0me3-cw-premium-series-electric-belt-drv-29427946b,,,,,,,,,,,,,,,,,,,,,,,,,,,,PRODUCT,,,,,,,,,,
CW-4004-1ME3,Mi-T-M CW-4004-1ME3 Pressure Washer,T,0,,0,MITM,Cold Water Pressure Washers,,FALSE,F,F,0,,CW-4004-1ME3,8803,,Equipment,,0,0,F,,,0,,0,,CW Premium Series - Industrial Electric / Belt Drive,1090,F,CW Premium Series - Industrial Electric / Belt Drive,,TRUE,,F,,,F,,,,,,,,,,,,,,,,,,,,,,,,,,,,,,,,,,,,,,https://www.westendpower.com/new-models/2026-mi-t-m-cw-4004-1me3-cw-premium-series-electric-belt-drv-29427950b,,,,,,,,,,,,,,,,,,,,,,,,,,,,PRODUCT,,,,,,,,,,
CW-5004-0ME3,Mi-T-M CW-5004-0ME3 Pressure Washer,T,0,,0,MITM,Cold Water Pressure Washers,,FALSE,F,F,0,,CW-5004-0ME3,9647,,Equipment,,0,0,F,,,0,,0,,CW Premium Series - Industrial Electric / Belt Drive,1100,F,CW Premium Series - Industrial Electric / Belt Drive,,TRUE,,F,,,F,,,,,,,,,,,,,,,,,,,,,,,,,,,,,,,,,,,,,,https://www.westendpower.com/new-models/2026-mi-t-m-cw-5004-0me3-cw-premium-series-electric-belt-drv-29427952b,,,,,,,,,,,,,,,,,,,,,,,,,,,,PRODUCT,,,,,,,,,,
CW-5004-0ME4,Mi-T-M CW-5004-0ME4 Pressure Washer,T,0,,0,MITM,Cold Water Pressure Washers,,FALSE,F,F,0,,CW-5004-0ME4,9188,,Equipment,,0,0,F,,,0,,0,,CW Premium Series - Industrial Electric / Belt Drive,1110,F,CW Premium Series - Industrial Electric / Belt Drive,,TRUE,,F,,,F,,,,,,,,,,,,,,,,,,,,,,,,,,,,,,,,,,,,,,https://www.westendpower.com/new-models/2026-mi-t-m-cw-5004-0me4-cw-premium-series-electric-belt-drv-29427953b,,,,,,,,,,,,,,,,,,,,,,,,,,,,PRODUCT,,,,,,,,,,
CAW-2004-0ME1,Mi-T-M CAW-2004-0ME1 Pressure Washer,T,0,,0,MITM,Cold Water Pressure Washers,,FALSE,F,F,0,,CAW-2004-0ME1,5593,,Equipment,,0,0,F,,,0,,0,,CAW Aluminum Series - Industrial Electric / Direct Drive - Wall Mount,1120,F,CAW Aluminum Series - Industrial Electric / Direct Drive - Wall Mount,,TRUE,,F,,,F,,,,,,,,,,,,,,,,,,,,,,,,,,,,,,,,,,,,,,https://www.westendpower.com/new-models/2026-mi-t-m-caw-2004-0me1-caw-aluminum-series-eddrivew-mount-29427779b,,,,,,,,,,,,,,,,,,,,,,,,,,,,PRODUCT,,,,,,,,,,
CAW-2004-0ME3,Mi-T-M CAW-2004-0ME3 Pressure Washer,T,0,,0,MITM,Cold Water Pressure Washers,,FALSE,F,F,0,,CAW-2004-0ME3,5467,,Equipment,,0,0,F,,,0,,0,,CAW Aluminum Series - Industrial Electric / Direct Drive - Wall Mount,1130,F,CAW Aluminum Series - Industrial Electric / Direct Drive - Wall Mount,,TRUE,,F,,,F,,,,,,,,,,,,,,,,,,,,,,,,,,,,,,,,,,,,,,https://www.westendpower.com/new-models/2026-mi-t-m-caw-2004-0me3-caw-aluminum-series-eddw-mount-29427780b,,,,,,,,,,,,,,,,,,,,,,,,,,,,PRODUCT,,,,,,,,,,
CAW-3004-0ME1,Mi-T-M CAW-3004-0ME1 Pressure Washer,T,0,,0,MITM,Cold Water Pressure Washers,,FALSE,F,F,0,,CAW-3004-0ME1,7311,,Equipment,,0,0,F,,,0,,0,,CAW Aluminum Series - Industrial Electric / Direct Drive - Wall Mount,1140,F,CAW Aluminum Series - Industrial Electric / Direct Drive - Wall Mount,,TRUE,,F,,,F,,,,,,,,,,,,,,,,,,,,,,,,,,,,,,,,,,,,,,https://www.westendpower.com/new-models/2026-mi-t-m-caw-3004-0me1-caw-aluminum-series-eddw-mount-29427783b,,,,,,,,,,,,,,,,,,,,,,,,,,,,PRODUCT,,,,,,,,,,
CAW-3004-0ME3,Mi-T-M CAW-3004-0ME3 Pressure Washer,T,0,,0,MITM,Cold Water Pressure Washers,,FALSE,F,F,0,,CAW-3004-0ME3,5844,,Equipment,,0,0,F,,,0,,0,,CAW Aluminum Series - Industrial Electric / Direct Drive - Wall Mount,1150,F,CAW Aluminum Series - Industrial Electric / Direct Drive - Wall Mount,,TRUE,,F,,,F,,,,,,,,,,,,,,,,,,,,,,,,,,,,,,,,,,,,,,https://www.westendpower.com/new-models/2026-mi-t-m-caw-3004-0me3-caw-aluminum-series-eddw-mount-29427782b,,,,,,,,,,,,,,,,,,,,,,,,,,,,PRODUCT,,,,,,,,,,
CAW-4004-0ME1,Mi-T-M CAW-4004-0ME1 Pressure Washer,T,0,,0,MITM,Cold Water Pressure Washers,,FALSE,F,F,0,,CAW-4004-0ME1,8573,,Equipment,,0,0,F,,,0,,0,,CAW Aluminum Series - Industrial Electric / Direct Drive - Wall Mount,1160,F,CAW Aluminum Series - Industrial Electric / Direct Drive - Wall Mount,,TRUE,,F,,,F,,,,,,,,,,,,,,,,,,,,,,,,,,,,,,,,,,,,,,https://www.westendpower.com/new-models/2026-mi-t-m-caw-4004-0me1-caw-aluminum-series-eddw-mount-29427784b,,,,,,,,,,,,,,,,,,,,,,,,,,,,PRODUCT,,,,,,,,,,
CW-1003-SME1,Mi-T-M CW-1003-SME1 Pressure Washer,T,0,,0,MITM,Cold Water Pressure Washers,,FALSE,F,F,0,,CW-1003-SME1,5394,,Equipment,,0,0,F,,,0,,0,,CW Premium Series - Industrial Electric / Belt Drive - Stationary,1170,F,CW Premium Series - Industrial Electric / Belt Drive - Stationary,,TRUE,,F,,,F,,,,,,,,,,,,,,,,,,,,,,,,,,,,,,,,,,,,,,https://www.westendpower.com/new-models/2026-mi-t-m-cw-1003-sme1-cw-premium-series-electric-belt-drv-29427925b,,,,,,,,,,,,,,,,,,,,,,,,,,,,PRODUCT,,,,,,,,,,
CW-2004-SME1,Mi-T-M CW-2004-SME1 Pressure Washer,T,0,,0,MITM,Cold Water Pressure Washers,,FALSE,F,F,0,,CW-2004-SME1,6639,,Equipment,,0,0,F,,,0,,0,,CW Premium Series - Industrial Electric / Belt Drive - Stationary,1180,F,CW Premium Series - Industrial Electric / Belt Drive - Stationary,,TRUE,,F,,,F,,,,,,,,,,,,,,,,,,,,,,,,,,,,,,,,,,,,,,https://www.westendpower.com/new-models/2026-mi-t-m-cw-2004-sme1-cw-premium-series-electric-belt-drv-29427926b,,,,,,,,,,,,,,,,,,,,,,,,,,,,PRODUCT,,,,,,,,,,
CW-2004-SME3,Mi-T-M CW-2004-SME3 Pressure Washer,T,0,,0,MITM,Cold Water Pressure Washers,,FALSE,F,F,0,,CW-2004-SME3,6777,,Equipment,,0,0,F,,,0,,0,,CW Premium Series - Industrial Electric / Belt Drive - Stationary,1190,F,CW Premium Series - Industrial Electric / Belt Drive - Stationary,,TRUE,,F,,,F,,,,,,,,,,,,,,,,,,,,,,,,,,,,,,,,,,,,,,https://www.westendpower.com/new-models/2026-mi-t-m-cw-2004-sme3-cw-premium-electric-belt-drv-29427929b,,,,,,,,,,,,,,,,,,,,,,,,,,,,PRODUCT,,,,,,,,,,
CW-3004-SEM1,Mi-T-M CW-3004-SEM1 Pressure Washer,T,0,,0,MITM,Cold Water Pressure Washers,,FALSE,F,F,0,,CW-3004-SEM1,7980,,Equipment,,0,0,F,,,0,,0,,CW Premium Series - Industrial Electric / Belt Drive - Stationary,1200,F,CW Premium Series - Industrial Electric / Belt Drive - Stationary,,TRUE,,F,,,F,,,,,,,,,,,,,,,,,,,,,,,,,,,,,,,,,,,,,,,,,,,,,,,,,,,,,,,,,,,,,,,,,,PRODUCT,,,,,,,,,,
CW-3004-SME3,Mi-T-M CW-3004-SME3 Pressure Washer,T,0,,0,MITM,Cold Water Pressure Washers,,FALSE,F,F,0,,CW-3004-SME3,8963,,Equipment,,0,0,F,,,0,,0,,CW Premium Series - Industrial Electric / Belt Drive - Stationary,1210,F,CW Premium Series - Industrial Electric / Belt Drive - Stationary,,TRUE,,F,,,F,,,,,,,,,,,,,,,,,,,,,,,,,,,,,,,,,,,,,,https://www.westendpower.com/new-models/2026-mi-t-m-cw-3004-sme3-cw-premium-series-electric-belt-drv-29427943b,,,,,,,,,,,,,,,,,,,,,,,,,,,,PRODUCT,,,,,,,,,,
CW-3005-SME3,Mi-T-M CW-3005-SME3 Pressure Washer,T,0,,0,MITM,Cold Water Pressure Washers,,FALSE,F,F,0,,CW-3005-SME3,7480,,Equipment,,0,0,F,,,0,,0,,CW Premium Series - Industrial Electric / Belt Drive - Stationary,1220,F,CW Premium Series - Industrial Electric / Belt Drive - Stationary,,TRUE,,F,,,F,,,,,,,,,,,,,,,,,,,,,,,,,,,,,,,,,,,,,,https://www.westendpower.com/new-models/2026-mi-t-m-cw-3005-sme3-cw-premium-series-electric-belt-drv-29427947b,,,,,,,,,,,,,,,,,,,,,,,,,,,,PRODUCT,,,,,,,,,,
HSP-2503-0MMH,Mi-T-M HSP-2503-0MMH Pressure Washer,T,0,,0,MITM,Hot Water Pressure Washers,,FALSE,F,F,0,,HSP-2503-0MMH,6800,Gas,Equipment,,0,0,F,,,0,,4479,,HSP Series - Industrial Gasoline / Direct Drive,1230,F,HSP Series - Industrial Gasoline / Direct Drive,,TRUE,,F,,,F,,,,,,,,,,,,,,,,,,,,,,,,,,,,,,,,,,,,,,https://www.westendpower.com/new-models/2026-mi-t-m-hsp-2503-0mmh-hsp-series-gasoline-direct-drive-29428244b,,,,,,,,,,,,,,,,,,,,,,,,,,,,PRODUCT,,,,,,,,,,
HSP-2503-0MMK,Mi-T-M HSP-2503-0MMK Pressure Washer,T,0,,0,MITM,Hot Water Pressure Washers,,FALSE,F,F,0,,HSP-2503-0MMK,6717,Gas,Equipment,,0,0,F,,,0,,4419,,HSP Series - Industrial Gasoline / Direct Drive,1240,F,HSP Series - Industrial Gasoline / Direct Drive,,TRUE,,F,,,F,,,,,,,,,,,,,,,,,,,,,,,,,,,,,,,,,,,,,,https://www.westendpower.com/new-models/2026-mi-t-m-hsp-2503-0mmk-hsp-series-gasoline-direct-drive-29428245b,,,,,,,,,,,,,,,,,,,,,,,,,,,,PRODUCT,,,,,,,,,,
HSP-2503-0MMM,Mi-T-M HSP-2503-0MMM Pressure Washer,T,0,,0,MITM,Hot Water Pressure Washers,,FALSE,F,F,0,,HSP-2503-0MMM,6443,Gas,Equipment,,0,0,F,,,0,,4239,,HSP Series - Industrial Gasoline / Direct Drive,1250,F,HSP Series - Industrial Gasoline / Direct Drive,,TRUE,,F,,,F,,,,,,,,,,,,,,,,,,,,,,,,,,,,,,,,,,,,,,https://www.westendpower.com/new-models/2026-mi-t-m-hsp-2503-0mmm-hsp-series-gasoline-direct-drive-29428248b,,,,,,,,,,,,,,,,,,,,,,,,,,,,PRODUCT,,,,,,,,,,
HSP-3003-3MGH,Mi-T-M HSP-3003-3MGH Pressure Washer,T,0,,0,MITM,Hot Water Pressure Washers,,FALSE,F,F,0,,HSP-3003-3MGH,8152,Gas,Equipment,,0,0,F,,,0,,5299,,HSP Series - Industrial Gasoline / Direct Drive,1260,F,HSP Series - Industrial Gasoline / Direct Drive,,TRUE,,F,,,F,,,,,,,,,,,,,,,,,,,,,,,,,,,,,,,,,,,,,,https://www.westendpower.com/new-models/2026-mi-t-m-hsp-3003-3mgh-hsp-series-gasoline-direct-drive-29428249b,,,,,,,,,,,,,,,,,,,,,,,,,,,,PRODUCT,,,,,,,,,,
HSP-3003-3MGK,Mi-T-M HSP-3003-3MGK Pressure Washer,T,0,,0,MITM,Hot Water Pressure Washers,,FALSE,F,F,0,,HSP-3003-3MGK,8175,Gas,Equipment,,0,0,F,,,0,,5309,,HSP Series - Industrial Gasoline / Direct Drive,1270,F,HSP Series - Industrial Gasoline / Direct Drive,,TRUE,,F,,,F,,,,,,,,,,,,,,,,,,,,,,,,,,,,,,,,,,,,,,https://www.westendpower.com/new-models/2026-mi-t-m-hsp-3003-3mgk-hsp-series-gasoline-direct-drive-29428250b,,,,,,,,,,,,,,,,,,,,,,,,,,,,PRODUCT,,,,,,,,,,
HSP-3003-3MGM,Mi-T-M HSP-3003-3MGM Pressure Washer,T,0,,0,MITM,Hot Water Pressure Washers,,FALSE,F,F,0,,HSP-3003-3MGM,7622,Gas,Equipment,,0,0,F,,,0,,5019,,HSP Series - Industrial Gasoline / Direct Drive,1280,F,HSP Series - Industrial Gasoline / Direct Drive,,TRUE,,F,,,F,,,,,,,,,,,,,,,,,,,,,,,,,,,,,,,,,,,,,,https://www.westendpower.com/new-models/2026-mi-t-m-hsp-3003-3mgm-hsp-series-gasoline-direct-drive-29428251b,,,,,,,,,,,,,,,,,,,,,,,,,,,,PRODUCT,,,,,,,,,,
HSP-3504-3MGH,Mi-T-M HSP-3504-3MGH Pressure Washer,T,0,,0,MITM,Hot Water Pressure Washers,,FALSE,F,F,0,,HSP-3504-3MGH,8675,Gas,Equipment,,0,0,F,,,0,,5639,,HSP Series - Industrial Gasoline / Direct Drive,1290,F,HSP Series - Industrial Gasoline / Direct Drive,,TRUE,,F,,,F,,,,,,,,,,,,,,,,,,,,,,,,,,,,,,,,,,,,,,https://www.westendpower.com/new-models/2026-mi-t-m-hsp-3504-3mgh-hsp-series-gasoline-direct-drive-29428252b,,,,,,,,,,,,,,,,,,,,,,,,,,,,PRODUCT,,,,,,,,,,
HSP-3504-3MGK,Mi-T-M HSP-3504-3MGK Pressure Washer,T,0,,0,MITM,Hot Water Pressure Washers,,FALSE,F,F,0,,HSP-3504-3MGK,8681,Gas,Equipment,,0,0,F,,,0,,5639,,HSP Series - Industrial Gasoline / Direct Drive,1300,F,HSP Series - Industrial Gasoline / Direct Drive,,TRUE,,F,,,F,,,,,,,,,,,,,,,,,,,,,,,,,,,,,,,,,,,,,,,,,,,,,,,,,,,,,,,,,,,,,,,,,,PRODUCT,,,,,,,,,,
HSP-3504-3MGM,Mi-T-M HSP-3504-3MGM Pressure Washer,T,0,,0,MITM,Hot Water Pressure Washers,,FALSE,F,F,0,,HSP-3504-3MGM,8068,Gas,Equipment,,0,0,F,,,0,,5239,,HSP Series - Industrial Gasoline / Direct Drive,1310,F,HSP Series - Industrial Gasoline / Direct Drive,,TRUE,,F,,,F,,,,,,,,,,,,,,,,,,,,,,,,,,,,,,,,,,,,,,https://www.westendpower.com/new-models/2026-mi-t-m-hsp-3504-3mgm-hsp-series-gasoline-direct-drive-29428253b,,,,,,,,,,,,,,,,,,,,,,,,,,,,PRODUCT,,,,,,,,,,
HSP-3504-3MGV,Mi-T-M HSP-3504-3MGV Pressure Washer,T,0,,0,MITM,Hot Water Pressure Washers,,FALSE,F,F,0,,HSP-3504-3MGV,8737,Gas,Equipment,,0,0,F,,,0,,5679,,HSP Series - Industrial Gasoline / Direct Drive,1320,F,HSP Series - Industrial Gasoline / Direct Drive,,TRUE,,F,,,F,,,,,,,,,,,,,,,,,,,,,,,,,,,,,,,,,,,,,,https://www.westendpower.com/new-models/2026-mi-t-m-hsp-3504-3mgv-hsp-series-gasoline-direct-drive-29428254b,,,,,,,,,,,,,,,,,,,,,,,,,,,,PRODUCT,,,,,,,,,,
HSP-4004-3MGH,Mi-T-M HSP-4004-3MGH Pressure Washer,T,0,,0,MITM,Hot Water Pressure Washers,,FALSE,F,F,0,,HSP-4004-3MGH,9065,Gas,Equipment,,0,0,F,,,0,,5889,,HSP Series - Industrial Gasoline / Direct Drive,1330,F,HSP Series - Industrial Gasoline / Direct Drive,,TRUE,,F,,,F,,,,,,,,,,,,,,,,,,,,,,,,,,,,,,,,,,,,,,https://www.westendpower.com/new-models/2026-mi-t-m-hsp-4004-3mgh-hsp-series-gasoline-direct-drive-29428258b,,,,,,,,,,,,,,,,,,,,,,,,,,,,PRODUCT,,,,,,,,,,
HSP-4004-3MGK,Mi-T-M HSP-4004-3MGK Pressure Washer,T,0,,0,MITM,Hot Water Pressure Washers,,FALSE,F,F,0,,HSP-4004-3MGK,8955,Gas,Equipment,,0,0,F,,,0,,5819,,HSP Series - Industrial Gasoline / Direct Drive,1340,F,HSP Series - Industrial Gasoline / Direct Drive,,TRUE,,F,,,F,,,,,,,,,,,,,,,,,,,,,,,,,,,,,,,,,,,,,,,,,,,,,,,,,,,,,,,,,,,,,,,,,,PRODUCT,,,,,,,,,,
HSP-4004-3MGM,Mi-T-M HSP-4004-3MGM Pressure Washer,T,0,,0,MITM,Hot Water Pressure Washers,,FALSE,F,F,0,,HSP-4004-3MGM,8410,Gas,Equipment,,0,0,F,,,0,,5469,,HSP Series - Industrial Gasoline / Direct Drive,1350,F,HSP Series - Industrial Gasoline / Direct Drive,,TRUE,,F,,,F,,,,,,,,,,,,,,,,,,,,,,,,,,,,,,,,,,,,,,https://www.westendpower.com/new-models/2026-mi-t-m-hsp-4004-3mgm-hsp-series-gasoline-direct-drive-29428260b,,,,,,,,,,,,,,,,,,,,,,,,,,,,PRODUCT,,,,,,,,,,
HSP-4004-3MGV,Mi-T-M HSP-4004-3MGV Pressure Washer,T,0,,0,MITM,Hot Water Pressure Washers,,FALSE,F,F,0,,HSP-4004-3MGV,9240,Gas,Equipment,,0,0,F,,,0,,5999,,HSP Series - Industrial Gasoline / Direct Drive,1360,F,HSP Series - Industrial Gasoline / Direct Drive,,TRUE,,F,,,F,,,,,,,,,,,,,,,,,,,,,,,,,,,,,,,,,,,,,,https://www.westendpower.com/new-models/2026-mi-t-m-hsp-4004-3mgv-hsp-series-gasoline-direct-drive-29428261b,,,,,,,,,,,,,,,,,,,,,,,,,,,,PRODUCT,,,,,,,,,,
HS-3005-0MGV,Mi-T-M HS-3005-0MGV Pressure Washer,T,0,,0,MITM,Hot Water Pressure Washers,,FALSE,F,F,0,,HS-3005-0MGV,12745,Gas,Equipment,,0,0,F,,,0,,7969,,HS Series - Industrial Gasoline / Belt Drive,1370,F,HS Series - Industrial Gasoline / Belt Drive,,TRUE,,F,,,F,,,,,,,,,,,,,,,,,,,,,,,,,,,,,,,,,,,,,,https://www.westendpower.com/new-models/2026-mi-t-m-hs-3005-0mgv-hs-series-gasoline-belt-drive-29428166b,,,,,,,,,,,,,,,,,,,,,,,,,,,,PRODUCT,,,,,,,,,,
HS-3008-1MGK,Mi-T-M HS-3008-1MGK Pressure Washer,T,0,,0,MITM,Hot Water Pressure Washers,,FALSE,F,F,0,,HS-3008-1MGK,15950,Gas,Equipment,,0,0,F,,,0,,9849,,HS Series - Industrial Gasoline / Belt Drive,1380,F,HS Series - Industrial Gasoline / Belt Drive,,TRUE,,F,,,F,,,,,,,,,,,,,,,,,,,,,,,,,,,,,,,,,,,,,,https://www.westendpower.com/new-models/2026-mi-t-m-hs-3008-1mgk-hs-series-gasoline-belt-drive-29428180b,,,,,,,,,,,,,,,,,,,,,,,,,,,,PRODUCT,,,,,,,,,,
HS-3505-1MGH,Mi-T-M HS-3505-1MGH Pressure Washer,T,0,,0,MITM,Hot Water Pressure Washers,,FALSE,F,F,0,,HS-3505-1MGH,14600,Gas,Equipment,,0,0,F,,,0,,9019,,HS Series - Industrial Gasoline / Belt Drive,1390,F,HS Series - Industrial Gasoline / Belt Drive,,TRUE,,F,,,F,,,,,,,,,,,,,,,,,,,,,,,,,,,,,,,,,,,,,,https://www.westendpower.com/new-models/2026-mi-t-m-hs-3505-1mgh-hs-series-gasoline-belt-drive-29428181b,,,,,,,,,,,,,,,,,,,,,,,,,,,,PRODUCT,,,,,,,,,,
HS-3505-1MGK,Mi-T-M HS-3505-1MGK Pressure Washer,T,0,,0,MITM,Hot Water Pressure Washers,,FALSE,F,F,0,,HS-3505-1MGK,13820,Gas,Equipment,,0,0,F,,,0,,8639,,HS Series - Industrial Gasoline / Belt Drive,1400,F,HS Series - Industrial Gasoline / Belt Drive,,TRUE,,F,,,F,,,,,,,,,,,,,,,,,,,,,,,,,,,,,,,,,,,,,,https://www.westendpower.com/new-models/2026-mi-t-m-hs-3505-1mgk-hs-series-gasoline-belt-drive-29428182b,,,,,,,,,,,,,,,,,,,,,,,,,,,,PRODUCT,,,,,,,,,,
HS-3505-1MGM,Mi-T-M HS-3505-1MGM Pressure Washer,T,0,,0,MITM,Hot Water Pressure Washers,,FALSE,F,F,0,,HS-3505-1MGM,12150,Gas,Equipment,,0,0,F,,,0,,7599,,HS Series - Industrial Gasoline / Belt Drive,1410,F,HS Series - Industrial Gasoline / Belt Drive,,TRUE,,F,,,F,,,,,,,,,,,,,,,,,,,,,,,,,,,,,,,,,,,,,,https://www.westendpower.com/new-models/2026-mi-t-m-hs-3505-1mgm-hs-series-gasoline-belt-drive-29428184b,,,,,,,,,,,,,,,,,,,,,,,,,,,,PRODUCT,,,,,,,,,,
HS-3506-1MGH,Mi-T-M HS-3506-1MGH Pressure Washer,T,0,,0,MITM,Hot Water Pressure Washers,,FALSE,F,F,0,,HS-3506-1MGH,14690,Gas,Equipment,,0,0,F,,,0,,9069,,HS Series - Industrial Gasoline / Belt Drive,1420,F,HS Series - Industrial Gasoline / Belt Drive,,TRUE,,F,,,F,,,,,,,,,,,,,,,,,,,,,,,,,,,,,,,,,,,,,,https://www.westendpower.com/new-models/2026-mi-t-m-hs-3506-1mgh-hs-series-gasoline-belt-drive-29428185b,,,,,,,,,,,,,,,,,,,,,,,,,,,,PRODUCT,,,,,,,,,,
HS-3506-1MGK,Mi-T-M HS-3506-1MGK Pressure Washer,T,0,,0,MITM,Hot Water Pressure Washers,,FALSE,F,F,0,,HS-3506-1MGK,14442,Gas,Equipment,,0,0,F,,,0,,8919,,HS Series - Industrial Gasoline / Belt Drive,1430,F,HS Series - Industrial Gasoline / Belt Drive,,TRUE,,F,,,F,,,,,,,,,,,,,,,,,,,,,,,,,,,,,,,,,,,,,,https://www.westendpower.com/new-models/2026-mi-t-m-hs-3506-1mgk-hs-series-gasoline-belt-drive-29428187b,,,,,,,,,,,,,,,,,,,,,,,,,,,,PRODUCT,,,,,,,,,,
HS-4004-1MAH,Mi-T-M HS-4004-1MAH Pressure Washer,T,0,,0,MITM,Hot Water Pressure Washers,,FALSE,F,F,0,,HS-4004-1MAH,14820,Gas,Equipment,,0,0,F,,,0,,9149,,HS Series - Industrial Gasoline / Belt Drive,1440,F,HS Series - Industrial Gasoline / Belt Drive,,TRUE,,F,,,F,,,,,,,,,,,,,,,,,,,,,,,,,,,,,,,,,,,,,,https://www.westendpower.com/new-models/2026-mi-t-m-hs-4004-1mah-hs-series-gasoline-belt-drive-29428191b,,,,,,,,,,,,,,,,,,,,,,,,,,,,PRODUCT,,,,,,,,,,
HS-4004-1MAK,Mi-T-M HS-4004-1MAK Pressure Washer,T,0,,0,MITM,Hot Water Pressure Washers,,FALSE,F,F,0,,HS-4004-1MAK,13930,Gas,Equipment,,0,0,F,,,0,,8709,,HS Series - Industrial Gasoline / Belt Drive,1450,F,HS Series - Industrial Gasoline / Belt Drive,,TRUE,,F,,,F,,,,,,,,,,,,,,,,,,,,,,,,,,,,,,,,,,,,,,https://www.westendpower.com/new-models/2026-mi-t-m-hs-4004-1mak-hs-series-gasoline-belt-drive-29428193b,,,,,,,,,,,,,,,,,,,,,,,,,,,,PRODUCT,,,,,,,,,,
HS-3004-0MDK,Mi-T-M HS-3004-0MDK Pressure Washer,T,0,,0,MITM,Hot Water Pressure Washers,,FALSE,F,F,0,,HS-3004-0MDK,14670,Diesel,Equipment,,0,0,F,,,0,,9059,,HS Series - Industrial Diesel / Belt Drive,1460,F,HS Series - Industrial Diesel / Belt Drive,,TRUE,,F,,,F,,,,,,,,,,,,,,,,,,,,,,,,,,,,,,,,,,,,,,,,,,,,,,,,,,,,,,,,,,,,,,,,,,PRODUCT,,,,,,,,,,
HS-3006-0MDK,Mi-T-M HS-3006-0MDK Pressure Washer,T,0,,0,MITM,Hot Water Pressure Washers,,FALSE,F,F,0,,HS-3006-0MDK,25310,Diesel,Equipment,,0,0,F,,,0,,15069,,HS Series - Industrial Diesel / Belt Drive,1470,F,HS Series - Industrial Diesel / Belt Drive,,TRUE,,F,,,F,,,,,,,,,,,,,,,,,,,,,,,,,,,,,,,,,,,,,,https://www.westendpower.com/new-models/2026-mi-t-m-hs-3006-0mdk-hs-series-diesel-belt-drive-29428043b,,,,,,,,,,,,,,,,,,,,,,,,,,,,PRODUCT,,,,,,,,,,
HS-3505-0MDK,Mi-T-M HS-3505-0MDK Pressure Washer,T,0,,0,MITM,Hot Water Pressure Washers,,FALSE,F,F,0,,HS-3505-0MDK,25310,Diesel,Equipment,,0,0,F,,,0,,15069,,HS Series - Industrial Diesel / Belt Drive,1480,F,HS Series - Industrial Diesel / Belt Drive,,TRUE,,F,,,F,,,,,,,,,,,,,,,,,,,,,,,,,,,,,,,,,,,,,,https://www.westendpower.com/new-models/2026-mi-t-m-hs-3505-0mdk-hs-series-diesel-belt-drive-29428044b,,,,,,,,,,,,,,,,,,,,,,,,,,,,PRODUCT,,,,,,,,,,
HS-4005-0MDK,Mi-T-M HS-4005-0MDK Pressure Washer,T,0,,0,MITM,Hot Water Pressure Washers,,FALSE,F,F,0,,HS-4005-0MDK,26375,Diesel,Equipment,,0,0,F,,,0,,15699,,HS Series - Industrial Diesel / Belt Drive,1490,F,HS Series - Industrial Diesel / Belt Drive,,TRUE,,F,,,F,,,,,,,,,,,,,,,,,,,,,,,,,,,,,,,,,,,,,,https://www.westendpower.com/new-models/2026-mi-t-m-hs-4005-0mdk-hs-series-diesel-belt-drive-29428046b,,,,,,,,,,,,,,,,,,,,,,,,,,,,PRODUCT,,,,,,,,,,
AW-9000-0005,Mi-T-M AW-9000-0005 Single-Axle Trailer,T,0,,0,MITM,Trailer-Mount Pressure Washers,,FALSE,F,F,0,,AW-9000-0005,17120,,Equipment,,0,0,F,,,0,,0,,Single-Axle Trailers (Pressure Washers Sold Separately),1500,F,Single-Axle Trailers (Pressure Washers Sold Separately),,TRUE,,F,,,F,,,,,,,,,,,,,,,,,,,,,,,,,,,,,,,,,,,,,,,,,,,,,,,,,,,,,,,,,,,,,,,,,,PRODUCT,,,,,,,,,,
AW-9000-0006,Mi-T-M AW-9000-0006 Single-Axle Trailer,T,0,,0,MITM,Trailer-Mount Pressure Washers,,FALSE,F,F,0,,AW-9000-0006,13543,,Equipment,,0,0,F,,,0,,0,,Single-Axle Trailers (Pressure Washers Sold Separately),1510,F,Single-Axle Trailers (Pressure Washers Sold Separately),,TRUE,,F,,,F,,,,,,,,,,,,,,,,,,,,,,,,,,,,,,,,,,,,,,,,,,,,,,,,,,,,,,,,,,,,,,,,,,PRODUCT,,,,,,,,,,
AW-9000-0007,Mi-T-M AW-9000-0007 Single-Axle Trailer,T,0,,0,MITM,Trailer-Mount Pressure Washers,,FALSE,F,F,0,,AW-9000-0007,14846,,Equipment,,0,0,F,,,0,,0,,Single-Axle Trailers (Pressure Washers Sold Separately),1520,F,Single-Axle Trailers (Pressure Washers Sold Separately),,TRUE,,F,,,F,,,,,,,,,,,,,,,,,,,,,,,,,,,,,,,,,,,,,,,,,,,,,,,,,,,,,,,,,,,,,,,,,,PRODUCT,,,,,,,,,,
AW-9000-0003,Mi-T-M AW-9000-0003 Dual-Axle Trailer,T,0,,0,MITM,Trailer-Mount Pressure Washers,,FALSE,F,F,0,,AW-9000-0003,25981,,Equipment,,0,0,F,,,0,,0,,Dual-Axle Trailers (Pressure Washers Sold Separately),1530,F,Dual-Axle Trailers (Pressure Washers Sold Separately),,TRUE,,F,,,F,,,,,,,,,,,,,,,,,,,,,,,,,,,,,,,,,,,,,,,,,,,,,,,,,,,,,,,,,,,,,,,,,,PRODUCT,,,,,,,,,,
AW-9000-0004,Mi-T-M AW-9000-0004 Dual-Axle Trailer,T,0,,0,MITM,Trailer-Mount Pressure Washers,,FALSE,F,F,0,,AW-9000-0004,24262,,Equipment,,0,0,F,,,0,,0,,Dual-Axle Trailers (Pressure Washers Sold Separately),1540,F,Dual-Axle Trailers (Pressure Washers Sold Separately),,TRUE,,F,,,F,,,,,,,,,,,,,,,,,,,,,,,,,,,,,,,,,,,,,,,,,,,,,,,,,,,,,,,,,,,,,,,,,,PRODUCT,,,,,,,,,,
AW-9000-0008,Mi-T-M AW-9000-0008 Dual-Axle Trailer,T,0,,0,MITM,Trailer-Mount Pressure Washers,,FALSE,F,F,0,,AW-9000-0008,21347,,Equipment,,0,0,F,,,0,,0,,Dual-Axle Trailers (Pressure Washers Sold Separately),1550,F,Dual-Axle Trailers (Pressure Washers Sold Separately),,TRUE,,F,,,F,,,,,,,,,,,,,,,,,,,,,,,,,,,,,,,,,,,,,,,,,,,,,,,,,,,,,,,,,,,,,,,,,,PRODUCT,,,,,,,,,,
HS-3505-1MGH-U,Mi-T-M HS-3505-1MGH-U Trailer Package,T,0,,0,MITM,Trailer Packages,,FALSE,F,F,0,,HS-3505-1MGH-U,24200,,Equipment,,0,0,F,,,0,,0,,Single-Axle Trailers,1560,F,Single-Axle Trailers,,TRUE,,F,,,F,,,,,,,,,,,,,,,,,,,,,,,,,,,,,,,,,,,,,,,,,,,,,,,,,,,,,,,,,,,,,,,,,,PRODUCT,,,,,,,,,,
HS-3505-1MGH-T,Mi-T-M HS-3505-1MGH-T Trailer Package,T,0,,0,MITM,Trailer Packages,,FALSE,F,F,0,,HS-3505-1MGH-T,25800,,Equipment,,0,0,F,,,0,,0,,Single-Axle Trailers,1570,F,Single-Axle Trailers,,TRUE,,F,,,F,,,,,,,,,,,,,,,,,,,,,,,,,,,,,,,,,,,,,,,,,,,,,,,,,,,,,,,,,,,,,,,,,,PRODUCT,,,,,,,,,,
HS-3006-0MDK-UP,Mi-T-M HS-3006-0MDK-UP Trailer Package,T,0,,0,MITM,Trailer Packages,,FALSE,F,F,0,,HS-3006-0MDK-UP,46150,,Equipment,,0,0,F,,,0,,0,,Dual-Axle Trailers,1580,F,Dual-Axle Trailers,,TRUE,,F,,,F,,,,,,,,,,,,,,,,,,,,,,,,,,,,,,,,,,,,,,,,,,,,,,,,,,,,,,,,,,,,,,,,,,PRODUCT,,,,,,,,,,
HS-3505-1MGH-UP,Mi-T-M HS-3505-1MGH-UP Trailer Package,T,0,,0,MITM,Trailer Packages,,FALSE,F,F,0,,HS-3505-1MGH-UP,37160,,Equipment,,0,0,F,,,0,,0,,Dual-Axle Trailers,1590,F,Dual-Axle Trailers,,TRUE,,F,,,F,,,,,,,,,,,,,,,,,,,,,,,,,,,,,,,,,,,,,,,,,,,,,,,,,,,,,,,,,,,,,,,,,,PRODUCT,,,,,,,,,,
HS-4004-1MAH-UR,Mi-T-M HS-4004-1MAH-UR Trailer Package,T,0,,0,MITM,Trailer Packages,,FALSE,F,F,0,,HS-4004-1MAH-UR,37355,,Equipment,,0,0,F,,,0,,0,,Dual-Axle Trailers,1600,F,Dual-Axle Trailers,,TRUE,,F,,,F,,,,,,,,,,,,,,,,,,,,,,,,,,,,,,,,,,,,,,,,,,,,,,,,,,,,,,,,,,,,,,,,,,PRODUCT,,,,,,,,,,
HS-4005-0MDK-T,Mi-T-M HS-4005-0MDK-T Trailer Package,T,0,,0,MITM,Trailer Packages,,FALSE,F,F,0,,HS-4005-0MDK-T,46680,,Equipment,,0,0,F,,,0,,0,,Dual-Axle Trailers,1610,F,Dual-Axle Trailers,,TRUE,,F,,,F,,,,,,,,,,,,,,,,,,,,,,,,,,,,,,,,,,,,,,,,,,,,,,,,,,,,,,,,,,,,,,,,,,PRODUCT,,,,,,,,,,
HMT-4004-0MGH,Mi-T-M HMT-4004-0MGH Trailer Mount,T,0,,0,MITM,Trailer-Mount Pressure Washers,,FALSE,F,F,0,,HMT-4004-0MGH,16980,,Equipment,,0,0,F,,,0,,0,,Hot Water Mini Trailer-Mount Pressure Washers,1620,F,Hot Water Mini Trailer-Mount Pressure Washers,,TRUE,,F,,,F,,,,,,,,,,,,,,,,,,,,,,,,,,,,,,,,,,,,,,,,,,,,,,,,,,,,,,,,,,,,,,,,,,PRODUCT,,,,,,,,,,
HMT-4004-0MGV,Mi-T-M HMT-4004-0MGV Trailer Mount,T,0,,0,MITM,Trailer-Mount Pressure Washers,,FALSE,F,F,0,,HMT-4004-0MGV,16575,,Equipment,,0,0,F,,,0,,0,,Hot Water Mini Trailer-Mount Pressure Washers,1630,F,Hot Water Mini Trailer-Mount Pressure Washers,,TRUE,,F,,,F,,,,,,,,,,,,,,,,,,,,,,,,,,,,,,,,,,,,,,,,,,,,,,,,,,,,,,,,,,,,,,,,,,PRODUCT,,,,,,,,,,
PWR-10-0ME1,Mi-T-M PWR-10-0ME1 Recovery System,T,0,,0,MITM,Recovery And Recycle Systems,,FALSE,F,F,0,,PWR-10-0ME1,5416,,Equipment,,0,0,F,,,0,,0,,PWR Series,1640,F,PWR Series,,TRUE,,F,,,F,,,,,,,,,,,,,,,,,,,,,,,,,,,,,,,,,,,,,,,,,,,,,,,,,,,,,,,,,,,,,,,,,,PRODUCT,,,,,,,,,,
MWT-0510-2MHD,Mi-T-M MWT-0510-2MHD Water Trailer,T,0,,0,MITM,Water Trailer With Semi-Trash Pump,,FALSE,F,F,0,,MWT-0510-2MHD,26598,,Equipment,,0,0,F,,,0,,0,,Water Trailers,1650,F,Water Trailers,,TRUE,,F,,,F,,,,,,,,,,,,,,,,,,,,,,,,,,,,,,,,,,,,,,,,,,,,,,,,,,,,,,,,,,,,,,,,,,PRODUCT,,,,,,,,,,
MWT-0510-2MMD,Mi-T-M MWT-0510-2MMD Water Trailer,T,0,,0,MITM,Water Trailer With Semi-Trash Pump,,FALSE,F,F,0,,MWT-0510-2MMD,26125,,Equipment,,0,0,F,,,0,,0,,Water Trailers,1660,F,Water Trailers,,TRUE,,F,,,F,,,,,,,,,,,,,,,,,,,,,,,,,,,,,,,,,,,,,,,,,,,,,,,,,,,,,,,,,,,,,,,,,,PRODUCT,,,,,,,,,,
HG-3004-1208,Mi-T-M HG-3004-1208 Pressure Washer,T,0,,0,MITM,Hot Water Pressure Washers,,FALSE,F,F,0,,HG-3004-1208,12710,,Equipment,,0,0,F,,,0,,0,,HG Series - Industrial Natural Gas LP / Belt Drive,1670,F,HG Series - Industrial Natural Gas LP / Belt Drive,,TRUE,,F,,,F,,,,,,,,,,,,,,,,,,,,,,,,,,,,,,,,,,,,,,,,,,,,,,,,,,,,,,,,,,,,,,,,,,PRODUCT,,,,,,,,,,
HG-3004-3208,Mi-T-M HG-3004-3208 Pressure Washer,T,0,,0,MITM,Hot Water Pressure Washers,,FALSE,F,F,0,,HG-3004-3208,12790,,Equipment,,0,0,F,,,0,,0,,HG Series - Industrial Natural Gas LP / Belt Drive,1680,F,HG Series - Industrial Natural Gas LP / Belt Drive,,TRUE,,F,,,F,,,,,,,,,,,,,,,,,,,,,,,,,,,,,,,,,,,,,,,,,,,,,,,,,,,,,,,,,,,,,,,,,,PRODUCT,,,,,,,,,,
HG-3004-1230,Mi-T-M HG-3004-1230 Pressure Washer,T,0,,0,MITM,Hot Water Pressure Washers,,FALSE,F,F,0,,HG-3004-1230,12710,,Equipment,,0,0,F,,,0,,0,,HG Series - Industrial Natural Gas LP / Belt Drive,1690,F,HG Series - Industrial Natural Gas LP / Belt Drive,,TRUE,,F,,,F,,,,,,,,,,,,,,,,,,,,,,,,,,,,,,,,,,,,,,,,,,,,,,,,,,,,,,,,,,,,,,,,,,PRODUCT,,,,,,,,,,
HG-3004-3230,Mi-T-M HG-3004-3230 Pressure Washer,T,0,,0,MITM,Hot Water Pressure Washers,,FALSE,F,F,0,,HG-3004-3230,12790,,Equipment,,0,0,F,,,0,,0,,HG Series - Industrial Natural Gas LP / Belt Drive,1700,F,HG Series - Industrial Natural Gas LP / Belt Drive,,TRUE,,F,,,F,,,,,,,,,,,,,,,,,,,,,,,,,,,,,,,,,,,,,,,,,,,,,,,,,,,,,,,,,,,,,,,,,,PRODUCT,,,,,,,,,,
HG-3004-3460,Mi-T-M HG-3004-3460 Pressure Washer,T,0,,0,MITM,Hot Water Pressure Washers,,FALSE,F,F,0,,HG-3004-3460,12790,,Equipment,,0,0,F,,,0,,0,,HG Series - Industrial Natural Gas LP / Belt Drive,1710,F,HG Series - Industrial Natural Gas LP / Belt Drive,,TRUE,,F,,,F,,,,,,,,,,,,,,,,,,,,,,,,,,,,,,,,,,,,,,,,,,,,,,,,,,,,,,,,,,,,,,,,,,PRODUCT,,,,,,,,,,
HSE-1002-0MG10,Mi-T-M HSE-1002-0MG10 Pressure Washer,T,0,,0,MITM,Hot Water Pressure Washers,,FALSE,F,F,0,,HSE-1002-0MG10,6378,,Equipment,,0,0,F,,,0,,0,,HSE Series - Industrial Electric / Direct Drive,1720,F,HSE Series - Industrial Electric / Direct Drive,,TRUE,,F,,,F,,,,,,,,,,,,,,,,,,,,,,,,,,,,,,,,,,,,,,https://www.westendpower.com/new-models/2026-mi-t-m-hse-1002-0mg10-hse-series-electric-direct-drive-29428236b,,,,,,,,,,,,,,,,,,,,,,,,,,,,PRODUCT,,,,,,,,,,
HSE-1002-0MM11,Mi-T-M HSE-1002-0MM11 Pressure Washer,T,0,,0,MITM,Hot Water Pressure Washers,,FALSE,F,F,0,,HSE-1002-0MM11,5943,,Equipment,,0,0,F,,,0,,0,,HSE Series - Industrial Electric / Direct Drive,1730,F,HSE Series - Industrial Electric / Direct Drive,,TRUE,,F,,,F,,,,,,,,,,,,,,,,,,,,,,,,,,,,,,,,,,,,,,https://www.westendpower.com/new-models/2026-mi-t-m-hse-1002-0mm11-hse-series-electric-direct-drive-29428237b,,,,,,,,,,,,,,,,,,,,,,,,,,,,PRODUCT,,,,,,,,,,
HSE-1502-0MG10,Mi-T-M HSE-1502-0MG10 Pressure Washer,T,0,,0,MITM,Hot Water Pressure Washers,,FALSE,F,F,0,,HSE-1502-0MG10,6562,,Equipment,,0,0,F,,,0,,0,,HSE Series - Industrial Electric / Direct Drive,1740,F,HSE Series - Industrial Electric / Direct Drive,,TRUE,,F,,,F,,,,,,,,,,,,,,,,,,,,,,,,,,,,,,,,,,,,,,https://www.westendpower.com/new-models/2026-mi-t-m-hse-1502-0mg10-hse-series-electric-direct-drive-29428239b,,,,,,,,,,,,,,,,,,,,,,,,,,,,PRODUCT,,,,,,,,,,
HSE-1502-0MM11,Mi-T-M HSE-1502-0MM11 Pressure Washer,T,0,,0,MITM,Hot Water Pressure Washers,,FALSE,F,F,0,,HSE-1502-0MM11,6106,,Equipment,,0,0,F,,,0,,0,,HSE Series - Industrial Electric / Direct Drive,1750,F,HSE Series - Industrial Electric / Direct Drive,,TRUE,,F,,,F,,,,,,,,,,,,,,,,,,,,,,,,,,,,,,,,,,,,,,https://www.westendpower.com/new-models/2026-mi-t-m-hse-1502-0mm11-hse-series-electric-direct-drive-29428241b,,,,,,,,,,,,,,,,,,,,,,,,,,,,PRODUCT,,,,,,,,,,
HSE-2003-0MG10,Mi-T-M HSE-2003-0MG10 Pressure Washer,T,0,,0,MITM,Hot Water Pressure Washers,,FALSE,F,F,0,,HSE-2003-0MG10,7119,,Equipment,,0,0,F,,,0,,0,,HSE Series - Industrial Electric / Direct Drive,1760,F,HSE Series - Industrial Electric / Direct Drive,,TRUE,,F,,,F,,,,,,,,,,,,,,,,,,,,,,,,,,,,,,,,,,,,,,https://www.westendpower.com/new-models/2026-mi-t-m-hse-2003-0mg10-hse-series-electric-direct-drive-29428242b,,,,,,,,,,,,,,,,,,,,,,,,,,,,PRODUCT,,,,,,,,,,
HSE-2003-0MM11,Mi-T-M HSE-2003-0MM11 Pressure Washer,T,0,,0,MITM,Hot Water Pressure Washers,,FALSE,F,F,0,,HSE-2003-0MM11,6532,,Equipment,,0,0,F,,,0,,0,,HSE Series - Industrial Electric / Direct Drive,1770,F,HSE Series - Industrial Electric / Direct Drive,,TRUE,,F,,,F,,,,,,,,,,,,,,,,,,,,,,,,,,,,,,,,,,,,,,https://www.westendpower.com/new-models/2026-mi-t-m-hse-2003-0mm11-hse-series-electric-direct-drive-29428243b,,,,,,,,,,,,,,,,,,,,,,,,,,,,PRODUCT,,,,,,,,,,
HSE-2504-0M10,Mi-T-M HSE-2504-0M10 Pressure Washer,T,0,,0,MITM,Hot Water Pressure Washers,,FALSE,F,F,0,,HSE-2504-0M10,10305,,Equipment,,0,0,F,,,0,,0,,HSE Series - Industrial Electric / Belt Drive,1780,F,HSE Series - Industrial Electric / Belt Drive,,TRUE,,F,,,F,,,,,,,,,,,,,,,,,,,,,,,,,,,,,,,,,,,,,,https://www.westendpower.com/new-models/2026-mi-t-m-hse-2504-0m10-hse-series-electric-belt-drive-29428223b,,,,,,,,,,,,,,,,,,,,,,,,,,,,PRODUCT,,,,,,,,,,
HSE-2504-0M30,Mi-T-M HSE-2504-0M30 Pressure Washer,T,0,,0,MITM,Hot Water Pressure Washers,,FALSE,F,F,0,,HSE-2504-0M30,9913,,Equipment,,0,0,F,,,0,,0,,HSE Series - Industrial Electric / Belt Drive,1790,F,HSE Series - Industrial Electric / Belt Drive,,TRUE,,F,,,F,,,,,,,,,,,,,,,,,,,,,,,,,,,,,,,,,,,,,,https://www.westendpower.com/new-models/2026-mi-t-m-hse-2504-0m30-hse-series-electric-belt-drive-29428224b,,,,,,,,,,,,,,,,,,,,,,,,,,,,PRODUCT,,,,,,,,,,
HSE-3004-0M10,Mi-T-M HSE-3004-0M10 Pressure Washer,T,0,,0,MITM,Hot Water Pressure Washers,,FALSE,F,F,0,,HSE-3004-0M10,11420,,Equipment,,0,0,F,,,0,,0,,HSE Series - Industrial Electric / Belt Drive,1800,F,HSE Series - Industrial Electric / Belt Drive,,TRUE,,F,,,F,,,,,,,,,,,,,,,,,,,,,,,,,,,,,,,,,,,,,,https://www.westendpower.com/new-models/2026-mi-t-m-hse-3004-0m10-hse-series-electric-belt-drive-29428227b,,,,,,,,,,,,,,,,,,,,,,,,,,,,PRODUCT,,,,,,,,,,
HSE-3004-0M30,Mi-T-M HSE-3004-0M30 Pressure Washer,T,0,,0,MITM,Hot Water Pressure Washers,,FALSE,F,F,0,,HSE-3004-0M30,10565,,Equipment,,0,0,F,,,0,,0,,HSE Series - Industrial Electric / Belt Drive,1810,F,HSE Series - Industrial Electric / Belt Drive,,TRUE,,F,,,F,,,,,,,,,,,,,,,,,,,,,,,,,,,,,,,,,,,,,,https://www.westendpower.com/new-models/2026-mi-t-m-hse-3004-0m30-hse-series-electric-belt-drive-29428229b,,,,,,,,,,,,,,,,,,,,,,,,,,,,PRODUCT,,,,,,,,,,
HSE-3504-0M10,Mi-T-M HSE-3504-0M10 Pressure Washer,T,0,,0,MITM,Hot Water Pressure Washers,,FALSE,F,F,0,,HSE-3504-0M10,11555,,Equipment,,0,0,F,,,0,,0,,HSE Series - Industrial Electric / Belt Drive,1820,F,HSE Series - Industrial Electric / Belt Drive,,TRUE,,F,,,F,,,,,,,,,,,,,,,,,,,,,,,,,,,,,,,,,,,,,,https://www.westendpower.com/new-models/2026-mi-t-m-hse-3504-0m10-hse-series-electric-belt-drive-29428230b,,,,,,,,,,,,,,,,,,,,,,,,,,,,PRODUCT,,,,,,,,,,
HSE-3504-0M30,Mi-T-M HSE-3504-0M30 Pressure Washer,T,0,,0,MITM,Hot Water Pressure Washers,,FALSE,F,F,0,,HSE-3504-0M30,10828,,Equipment,,0,0,F,,,0,,0,,HSE Series - Industrial Electric / Belt Drive,1830,F,HSE Series - Industrial Electric / Belt Drive,,TRUE,,F,,,F,,,,,,,,,,,,,,,,,,,,,,,,,,,,,,,,,,,,,,https://www.westendpower.com/new-models/2026-mi-t-m-hse-3504-0m30-hse-series-electric-belt-drive-29428231b,,,,,,,,,,,,,,,,,,,,,,,,,,,,PRODUCT,,,,,,,,,,
HSE-4004-0M10,Mi-T-M HSE-4004-0M10 Pressure Washer,T,0,,0,MITM,Hot Water Pressure Washers,,FALSE,F,F,0,,HSE-4004-0M10,11745,,Equipment,,0,0,F,,,0,,0,,HSE Series - Industrial Electric / Belt Drive,1840,F,HSE Series - Industrial Electric / Belt Drive,,TRUE,,F,,,F,,,,,,,,,,,,,,,,,,,,,,,,,,,,,,,,,,,,,,https://www.westendpower.com/new-models/2026-mi-t-m-hse-4004-0m10-hse-series-electric-belt-drive-29428233b,,,,,,,,,,,,,,,,,,,,,,,,,,,,PRODUCT,,,,,,,,,,
HSE-4004-0M30,Mi-T-M HSE-4004-0M30 Pressure Washer,T,0,,0,MITM,Hot Water Pressure Washers,,FALSE,F,F,0,,HSE-4004-0M30,11065,,Equipment,,0,0,F,,,0,,0,,HSE Series - Industrial Electric / Belt Drive,1850,F,HSE Series - Industrial Electric / Belt Drive,,TRUE,,F,,,F,,,,,,,,,,,,,,,,,,,,,,,,,,,,,,,,,,,,,,https://www.westendpower.com/new-models/2026-mi-t-m-hse-4004-0m30-hse-series-electric-belt-drive-29428234b,,,,,,,,,,,,,,,,,,,,,,,,,,,,PRODUCT,,,,,,,,,,
HAE-2503-0E4G,Mi-T-M HAE-2503-0E4G Pressure Washer,T,0,,0,MITM,Hot Water Pressure Washers,,FALSE,F,F,0,,HAE-2503-0E4G,17400,,Equipment,,0,0,F,,,0,,0,,HAE Series - Industrial All-Electric / Belt Drive,1860,F,HAE Series - Industrial All-Electric / Belt Drive,,TRUE,,F,,,F,,,,,,,,,,,,,,,,,,,,,,,,,,,,,,,,,,,,,,https://www.westendpower.com/new-models/2026-mi-t-m-hae-2503-0e4g-hae-series-all-electric-belt-drive-29428022b,,,,,,,,,,,,,,,,,,,,,,,,,,,,PRODUCT,,,,,,,,,,
HAE-3004-0E4G,Mi-T-M HAE-3004-0E4G Pressure Washer,T,0,,0,MITM,Hot Water Pressure Washers,,FALSE,F,F,0,,HAE-3004-0E4G,22490,,Equipment,,0,0,F,,,0,,0,,HAE Series - Industrial All-Electric / Belt Drive,1870,F,HAE Series - Industrial All-Electric / Belt Drive,,TRUE,,F,,,F,,,,,,,,,,,,,,,,,,,,,,,,,,,,,,,,,,,,,,https://www.westendpower.com/new-models/2026-mi-t-m-hae-3004-0e4g-hae-series-all-electric-belt-drive-29428023b,,,,,,,,,,,,,,,,,,,,,,,,,,,,PRODUCT,,,,,,,,,,
AW-7020-8009,Mi-T-M AW-7020-8009 Rotary Surface Cleaner,T,0,,0,MITM,Rotary Surface Cleaners,,FALSE,F,F,0,,AW-7020-8009,278,,Equipment,,0,0,F,,,0,,0,,Rotary Surface Cleaners,1880,F,Rotary Surface Cleaners,,TRUE,,F,,,F,,,,,,,,,,,,,,,,,,,,,,,,,,,,,,,,,,,,,,,,,,,,,,,,,,,,,,,,,,,,,,,,,,PRODUCT,,,,,,,,,,
AW-7020-8003,Mi-T-M AW-7020-8003 Rotary Surface Cleaner,T,0,,0,MITM,Rotary Surface Cleaners,,FALSE,F,F,0,,AW-7020-8003,1153,,Equipment,,0,0,F,,,0,,0,,Rotary Surface Cleaners,1890,F,Rotary Surface Cleaners,,TRUE,,F,,,F,,,,,,,,,,,,,,,,,,,,,,,,,,,,,,,,,,,,,,,,,,,,,,,,,,,,,,,,,,,,,,,,,,PRODUCT,,,,,,,,,,
AW-7020-8005,Mi-T-M AW-7020-8005 Rotary Surface Cleaner,T,0,,0,MITM,Rotary Surface Cleaners,,FALSE,F,F,0,,AW-7020-8005,1512,,Equipment,,0,0,F,,,0,,0,,Rotary Surface Cleaners,1900,F,Rotary Surface Cleaners,,TRUE,,F,,,F,,,,,,,,,,,,,,,,,,,,,,,,,,,,,,,,,,,,,,,,,,,,,,,,,,,,,,,,,,,,,,,,,,PRODUCT,,,,,,,,,,
AW-7020-8010,Mi-T-M AW-7020-8010 Rotary Surface Cleaner,T,0,,0,MITM,Rotary Surface Cleaners,,FALSE,F,F,0,,AW-7020-8010,1596,,Equipment,,0,0,F,,,0,,0,,Rotary Surface Cleaners,1910,F,Rotary Surface Cleaners,,TRUE,,F,,,F,,,,,,,,,,,,,,,,,,,,,,,,,,,,,,,,,,,,,,,,,,,,,,,,,,,,,,,,,,,,,,,,,,PRODUCT,,,,,,,,,,
AW-7020-8006,Mi-T-M AW-7020-8006 Rotary Surface Cleaner,T,0,,0,MITM,Rotary Surface Cleaners,,FALSE,F,F,0,,AW-7020-8006,2666,,Equipment,,0,0,F,,,0,,0,,Rotary Surface Cleaners,1920,F,Rotary Surface Cleaners,,TRUE,,F,,,F,,,,,,,,,,,,,,,,,,,,,,,,,,,,,,,,,,,,,,,,,,,,,,,,,,,,,,,,,,,,,,,,,,PRODUCT,,,,,,,,,,
AW-7020-8007,Mi-T-M AW-7020-8007 Rotary Surface Cleaner,T,0,,0,MITM,Rotary Surface Cleaners,,FALSE,F,F,0,,AW-7020-8007,3212,,Equipment,,0,0,F,,,0,,0,,Rotary Surface Cleaners,1930,F,Rotary Surface Cleaners,,TRUE,,F,,,F,,,,,,,,,,,,,,,,,,,,,,,,,,,,,,,,,,,,,,,,,,,,,,,,,,,,,,,,,,,,,,,,,,PRODUCT,,,,,,,,,,
AW-7020-8001,Mi-T-M AW-7020-8001 Rotary Surface Cleaner,T,0,,0,MITM,Rotary Surface Cleaners,,FALSE,F,F,0,,AW-7020-8001,4122,,Equipment,,0,0,F,,,0,,0,,Rotary Surface Cleaners,1940,F,Rotary Surface Cleaners,,TRUE,,F,,,F,,,,,,,,,,,,,,,,,,,,,,,,,,,,,,,,,,,,,,,,,,,,,,,,,,,,,,,,,,,,,,,,,,PRODUCT,,,,,,,,,,
AM1-HE15-03QM,Mi-T-M AM1-HE15-03QM Air Compressors,T,0,,0,MITM,Electric And Gasoline Air Compressors,,FALSE,F,F,0,,AM1-HE15-03QM,574,Gas,Equipment,,0,0,F,,,0,,0,,Work Pro Series - Single Stage / Electric / 3-Gallon,1950,F,Work Pro Series - Single Stage / Electric / 3-Gallon,,TRUE,,F,,,F,,,,,,,,,,,,,,,,,,,,,,,,,,,,,,,,,,,,,,https://www.westendpower.com/new-models/2026-mi-t-m-am1-he15-03qm-3-gallon-single-stage-electric-29428277b,,,,,,,,,,,,,,,,,,,,,,,,,,,,PRODUCT,,,,,,,,,,
AM1-HH04-05M,Mi-T-M AM1-HH04-05M Air Compressor,T,0,,0,MITM,Electric And Gasoline Air Compressors,,FALSE,F,F,0,,AM1-HH04-05M,1753,Gas,Equipment,,0,0,F,,,0,,0,,Industrial Single Stage / Gasoline / 5-Gallon,1960,F,Industrial Single Stage / Gasoline / 5-Gallon,,TRUE,,F,,,F,,,,,,,,,,,,,,,,,,,,,,,,,,,,,,,,,,,,,,https://www.westendpower.com/new-models/2026-mi-t-m-am1-hh04-05m-5-gallon-single-stage-gasoline-29428280b,,,,,,,,,,,,,,,,,,,,,,,,,,,,PRODUCT,,,,,,,,,,
AM1-HM04-05M,Mi-T-M AM1-HM04-05M Air Compressor,T,0,,0,MITM,Electric And Gasoline Air Compressors,,FALSE,F,F,0,,AM1-HM04-05M,1397,Gas,Equipment,,0,0,F,,,0,,0,,Industrial Single Stage / Gasoline / 5-Gallon,1970,F,Industrial Single Stage / Gasoline / 5-Gallon,,TRUE,,F,,,F,,,,,,,,,,,,,,,,,,,,,,,,,,,,,,,,,,,,,,https://www.westendpower.com/new-models/2026-mi-t-m-am1-hm04-05m-5-gallon-single-stage-gasoline-29428282b,,,,,,,,,,,,,,,,,,,,,,,,,,,,PRODUCT,,,,,,,,,,
AM1-PH65-08M,Mi-T-M AM1-PH65-08M Air Compressors,T,0,,0,MITM,Gasoline Air Compressors,,FALSE,F,F,0,,AM1-PH65-08M,2214,Gas,Equipment,,0,0,F,,,0,,0,,Industrial Single Stage / Gasoline / 8-Gallon,1980,F,Industrial Single Stage / Gasoline / 8-Gallon,,TRUE,,F,,,F,,,,,,,,,,,,,,,,,,,,,,,,,,,,,,,,,,,,,,https://www.westendpower.com/new-models/2026-mi-t-m-am1-ph65-08m-8-gallon-single-stage-gasoline-29428295b,,,,,,,,,,,,,,,,,,,,,,,,,,,,PRODUCT,,,,,,,,,,
AM1-PK07-08M,Mi-T-M AM1-PK07-08M Air Compressors,T,0,,0,MITM,Gasoline Air Compressors,,FALSE,F,F,0,,AM1-PK07-08M,2114,Gas,Equipment,,0,0,F,,,0,,0,,Industrial Single Stage / Gasoline / 8-Gallon,1990,F,Industrial Single Stage / Gasoline / 8-Gallon,,TRUE,,F,,,F,,,,,,,,,,,,,,,,,,,,,,,,,,,,,,,,,,,,,,https://www.westendpower.com/new-models/2026-mi-t-m-am1-pk07-08m-8-gallon-single-stage-gasoline-29428299b,,,,,,,,,,,,,,,,,,,,,,,,,,,,PRODUCT,,,,,,,,,,
AM1-PM07-08M,Mi-T-M AM1-PM07-08M Air Compressors,T,0,,0,MITM,Gasoline Air Compressors,,FALSE,F,F,0,,AM1-PM07-08M,1882,Gas,Equipment,,0,0,F,,,0,,0,,Industrial Single Stage / Gasoline / 8-Gallon,2000,F,Industrial Single Stage / Gasoline / 8-Gallon,,TRUE,,F,,,F,,,,,,,,,,,,,,,,,,,,,,,,,,,,,,,,,,,,,,https://www.westendpower.com/new-models/2026-mi-t-m-am1-pm07-08m-8-gallon-single-stage-gasoline-29428300b,,,,,,,,,,,,,,,,,,,,,,,,,,,,PRODUCT,,,,,,,,,,
AM1-PM07-08ME,Mi-T-M AM1-PM07-08ME Air Compressors,T,0,,0,MITM,Gasoline Air Compressors,,FALSE,F,F,0,,AM1-PM07-08ME,1942.5,Gas,Equipment,,0,0,F,,,0,,0,,Industrial Single Stage / Gasoline / 8-Gallon,2010,F,Industrial Single Stage / Gasoline / 8-Gallon,,TRUE,,F,,,F,,,,,,,,,,,,,,,,,,,,,,,,,,,,,,,,,,,,,,https://www.westendpower.com/new-models/2026-mi-t-m-am1-pm07-08me-8-gallon-single-stage-gasoline-29428303b,,,,,,,,,,,,,,,,,,,,,,,,,,,,PRODUCT,,,,,,,,,,
AM1-PH65-20M,Mi-T-M AM1-PH65-20M Air Compressors,T,0,,0,MITM,Gasoline Air Compressors,,FALSE,F,F,0,,AM1-PH65-20M,2558,Gas,Equipment,,0,0,F,,,0,,0,,Industrial Single Stage / Gasoline / 20-Gallon,2020,F,Industrial Single Stage / Gasoline / 20-Gallon,,TRUE,,F,,,F,,,,,,,,,,,,,,,,,,,,,,,,,,,,,,,,,,,,,,https://www.westendpower.com/new-models/2026-mi-t-m-am1-ph65-20m-20-gallon-single-stage-gasoline-29428268b,,,,,,,,,,,,,,,,,,,,,,,,,,,,PRODUCT,,,,,,,,,,
AM1-PM07-20M,Mi-T-M AM1-PM07-20M Air Compressors,T,0,,0,MITM,Gasoline Air Compressors,,FALSE,F,F,0,,AM1-PM07-20M,2233,Gas,Equipment,,0,0,F,,,0,,0,,Industrial Single Stage / Gasoline / 20-Gallon,2030,F,Industrial Single Stage / Gasoline / 20-Gallon,,TRUE,,F,,,F,,,,,,,,,,,,,,,,,,,,,,,,,,,,,,,,,,,,,,https://www.westendpower.com/new-models/2026-mi-t-m-am1-pm07-20m-20-gallon-single-stage-gasoline-29428269b,,,,,,,,,,,,,,,,,,,,,,,,,,,,PRODUCT,,,,,,,,,,
AM2-PH09-08M,Mi-T-M AM2-PH09-08M Air Compressors,T,0,,0,MITM,Gasoline Air Compressors,,FALSE,F,F,0,,AM2-PH09-08M,3503,Gas,Equipment,,0,0,F,,,0,,0,,Industrial Two Stage / Gasoline / 8-Gallon,2040,F,Industrial Two Stage / Gasoline / 8-Gallon,,TRUE,,F,,,F,,,,,,,,,,,,,,,,,,,,,,,,,,,,,,,,,,,,,,https://www.westendpower.com/new-models/2026-mi-t-m-am2-ph09-08m-8-gallon-two-stage-gasoline-29428311b,,,,,,,,,,,,,,,,,,,,,,,,,,,,PRODUCT,,,,,,,,,,
AM2-PH09-08ME,Mi-T-M AM2-PH09-08ME Air Compressors,T,0,,0,MITM,Gasoline Air Compressors,,FALSE,F,F,0,,AM2-PH09-08ME,4235,Gas,Equipment,,0,0,F,,,0,,0,,Industrial Two Stage / Gasoline / 8-Gallon,2050,F,Industrial Two Stage / Gasoline / 8-Gallon,,TRUE,,F,,,F,,,,,,,,,,,,,,,,,,,,,,,,,,,,,,,,,,,,,,https://www.westendpower.com/new-models/2026-mi-t-m-am2-ph09-08me-8-gallon-two-stage-gasoline-29428313b,,,,,,,,,,,,,,,,,,,,,,,,,,,,PRODUCT,,,,,,,,,,
AM2-PH09-08M2,Mi-T-M AM2-PH09-08M2 Air Compressors,T,0,,0,MITM,Gasoline Air Compressors,,FALSE,F,F,0,,AM2-PH09-08M2,3644,Gas,Equipment,,0,0,F,,,0,,0,,Industrial Two Stage / Gasoline / 8-Gallon,2060,F,Industrial Two Stage / Gasoline / 8-Gallon,,TRUE,,F,,,F,,,,,,,,,,,,,,,,,,,,,,,,,,,,,,,,,,,,,,https://www.westendpower.com/new-models/2026-mi-t-m-am2-ph09-08m2-8-gallon-two-stage-gasoline-29428312b,,,,,,,,,,,,,,,,,,,,,,,,,,,,PRODUCT,,,,,,,,,,
AM2-PK95-08M,Mi-T-M AM2-PK95-08M Air Compressors,T,0,,0,MITM,Gasoline Air Compressors,,FALSE,F,F,0,,AM2-PK95-08M,3410,Gas,Equipment,,0,0,F,,,0,,0,,Industrial Two Stage / Gasoline / 8-Gallon,2070,F,Industrial Two Stage / Gasoline / 8-Gallon,,TRUE,,F,,,F,,,,,,,,,,,,,,,,,,,,,,,,,,,,,,,,,,,,,,https://www.westendpower.com/new-models/2026-mi-t-m-am2-pk95-08m-8-gallon-two-stage-gasoline-29428314b,,,,,,,,,,,,,,,,,,,,,,,,,,,,PRODUCT,,,,,,,,,,
AM2-PM09-08M,Mi-T-M AM2-PM09-08M Air Compressors,T,0,,0,MITM,Gasoline Air Compressors,,FALSE,F,F,0,,AM2-PM09-08M,3115,Gas,Equipment,,0,0,F,,,0,,0,,Industrial Two Stage / Gasoline / 8-Gallon,2080,F,Industrial Two Stage / Gasoline / 8-Gallon,,TRUE,,F,,,F,,,,,,,,,,,,,,,,,,,,,,,,,,,,,,,,,,,,,,https://www.westendpower.com/new-models/2026-mi-t-m-am2-pm09-08m-8-gallon-two-stage-gasoline-29428315b,,,,,,,,,,,,,,,,,,,,,,,,,,,,PRODUCT,,,,,,,,,,
AM2-PM09-08ME,Mi-T-M AM2-PM09-08ME Air Compressors,T,0,,0,MITM,Gasoline Air Compressors,,FALSE,F,F,0,,AM2-PM09-08ME,3528,Gas,Equipment,,0,0,F,,,0,,0,,Industrial Two Stage / Gasoline / 8-Gallon,2090,F,Industrial Two Stage / Gasoline / 8-Gallon,,TRUE,,F,,,F,,,,,,,,,,,,,,,,,,,,,,,,,,,,,,,,,,,,,,https://www.westendpower.com/new-models/2026-mi-t-m-am2-pm09-08me-8-gallon-two-stage-gasoline-29428316b,,,,,,,,,,,,,,,,,,,,,,,,,,,,PRODUCT,,,,,,,,,,
AM2-PH09-20M,Mi-T-M AM2-PH09-20M Air Compressors,T,0,,0,MITM,Gasoline Air Compressors,,FALSE,F,F,0,,AM2-PH09-20M,3950,Gas,Equipment,,0,0,F,,,0,,0,,Portable Models,2100,F,Portable Models,,TRUE,,F,,,F,,,,,,,,,,,,,,,,,,,,,,,,,,,,,,,,,,,,,,https://www.westendpower.com/new-models/2026-mi-t-m-am2-ph09-20m-20-gallon-two-stage-gasoline-29428271b,,,,,,,,,,,,,,,,,,,,,,,,,,,,PRODUCT,,,,,,,,,,
AM2-PH09-20ME,Mi-T-M AM2-PH09-20ME Air Compressors,T,0,,0,MITM,Gasoline Air Compressors,,FALSE,F,F,0,,AM2-PH09-20ME,4570,Gas,Equipment,,0,0,F,,,0,,0,,Portable Models,2110,F,Portable Models,,TRUE,,F,,,F,,,,,,,,,,,,,,,,,,,,,,,,,,,,,,,,,,,,,,https://www.westendpower.com/new-models/2026-mi-t-m-am2-ph09-20me-20-gallon-two-stage-gasoline-29428272b,,,,,,,,,,,,,,,,,,,,,,,,,,,,PRODUCT,,,,,,,,,,
AM2-PM09-20M,Mi-T-M AM2-PM09-20M Air Compressors,T,0,,0,MITM,Gasoline Air Compressors,,FALSE,F,F,0,,AM2-PM09-20M,3508,Gas,Equipment,,0,0,F,,,0,,0,,Portable Models,2120,F,Portable Models,,TRUE,,F,,,F,,,,,,,,,,,,,,,,,,,,,,,,,,,,,,,,,,,,,,https://www.westendpower.com/new-models/2026-mi-t-m-am2-pm09-20m-20-gallon-two-stage-gasoline-29428273b,,,,,,,,,,,,,,,,,,,,,,,,,,,,PRODUCT,,,,,,,,,,
AM2-PM09-20ME,Mi-T-M AM2-PM09-20ME Air Compressors,T,0,,0,MITM,Gasoline Air Compressors,,FALSE,F,F,0,,AM2-PM09-20ME,3910,Gas,Equipment,,0,0,F,,,0,,0,,Portable Models,2130,F,Portable Models,,TRUE,,F,,,F,,,,,,,,,,,,,,,,,,,,,,,,,,,,,,,,,,,,,,https://www.westendpower.com/new-models/2026-mi-t-m-am2-pm09-20me-20-gallon-two-stage-gasoline-29428276b,,,,,,,,,,,,,,,,,,,,,,,,,,,,PRODUCT,,,,,,,,,,
AM2-SH09-20M,Mi-T-M AM2-SH09-20M Air Compressors,T,0,,0,MITM,Gasoline Air Compressors,,FALSE,F,F,0,,AM2-SH09-20M,3749,Gas,Equipment,,0,0,F,,,0,,0,,Stationary Models,2140,F,Stationary Models,,TRUE,,F,,,F,,,,,,,,,,,,,,,,,,,,,,,,,,,,,,,,,,,,,,https://www.westendpower.com/new-models/2026-mi-t-m-am2-sh09-20m-20-gallon-two-stage-gasoline-29428392b,,,,,,,,,,,,,,,,,,,,,,,,,,,,PRODUCT,,,,,,,,,,
AM2-SH09-20ME,Mi-T-M AM2-SH09-20ME Air Compressors,T,0,,0,MITM,Gasoline Air Compressors,,FALSE,F,F,0,,AM2-SH09-20ME,4370,Gas,Equipment,,0,0,F,,,0,,0,,Stationary Models,2150,F,Stationary Models,,TRUE,,F,,,F,,,,,,,,,,,,,,,,,,,,,,,,,,,,,,,,,,,,,,https://www.westendpower.com/new-models/2026-mi-t-m-am2-sh09-20me-20-gallon-two-stage-gasoline-29428394b,,,,,,,,,,,,,,,,,,,,,,,,,,,,PRODUCT,,,,,,,,,,
AM2-SM09-20M,Mi-T-M AM2-SM09-20M Air Compressors,T,0,,0,MITM,Gasoline Air Compressors,,FALSE,F,F,0,,AM2-SM09-20M,3300,Gas,Equipment,,0,0,F,,,0,,0,,Stationary Models,2160,F,Stationary Models,,TRUE,,F,,,F,,,,,,,,,,,,,,,,,,,,,,,,,,,,,,,,,,,,,,https://www.westendpower.com/new-models/2026-mi-t-m-am2-sm09-20m-20-gallon-two-stage-gasoline-29428395b,,,,,,,,,,,,,,,,,,,,,,,,,,,,PRODUCT,,,,,,,,,,
AM2-SM09-20ME,Mi-T-M AM2-SM09-20ME Air Compressors,T,0,,0,MITM,Gasoline Air Compressors,,FALSE,F,F,0,,AM2-SM09-20ME,3710,Gas,Equipment,,0,0,F,,,0,,0,,Stationary Models,2170,F,Stationary Models,,TRUE,,F,,,F,,,,,,,,,,,,,,,,,,,,,,,,,,,,,,,,,,,,,,https://www.westendpower.com/new-models/2026-mi-t-m-am2-sm09-20me-20-gallon-two-stage-gasoline-29428398b,,,,,,,,,,,,,,,,,,,,,,,,,,,,PRODUCT,,,,,,,,,,
AM2-SH09-30M,Mi-T-M AM2-SH09-30M Air Compressors,T,0,,0,MITM,Gasoline Air Compressors,,FALSE,F,F,0,,AM2-SH09-30M,4003,Gas,Equipment,,0,0,F,,,0,,0,,Stationary Models,2180,F,Stationary Models,,TRUE,,F,,,F,,,,,,,,,,,,,,,,,,,,,,,,,,,,,,,,,,,,,,https://www.westendpower.com/new-models/2026-mi-t-m-am2-sh09-30m-30-gallon-two-stage-gasoline-29428324b,,,,,,,,,,,,,,,,,,,,,,,,,,,,PRODUCT,,,,,,,,,,
AM2-SH09-30ME,Mi-T-M AM2-SH09-30ME Air Compressors,T,0,,0,MITM,Gasoline Air Compressors,,FALSE,F,F,0,,AM2-SH09-30ME,4620,Gas,Equipment,,0,0,F,,,0,,0,,Stationary Models,2190,F,Stationary Models,,TRUE,,F,,,F,,,,,,,,,,,,,,,,,,,,,,,,,,,,,,,,,,,,,,https://www.westendpower.com/new-models/2026-mi-t-m-am2-sh09-30me-30-gallon-two-stage-gasoline-29428325b,,,,,,,,,,,,,,,,,,,,,,,,,,,,PRODUCT,,,,,,,,,,
AM2-SM09-30M,Mi-T-M AM2-SM09-30M Air Compressors,T,0,,0,MITM,Gasoline Air Compressors,,FALSE,F,F,0,,AM2-SM09-30M,3540,Gas,Equipment,,0,0,F,,,0,,0,,Stationary Models,2200,F,Stationary Models,,TRUE,,F,,,F,,,,,,,,,,,,,,,,,,,,,,,,,,,,,,,,,,,,,,https://www.westendpower.com/new-models/2026-mi-t-m-am2-sm09-30m-30-gallon-two-stage-gasoline-29428328b,,,,,,,,,,,,,,,,,,,,,,,,,,,,PRODUCT,,,,,,,,,,
AM2-SM09-30ME,Mi-T-M AM2-SM09-30ME Air Compressors,T,0,,0,MITM,Gasoline Air Compressors,,FALSE,F,F,0,,AM2-SM09-30ME,3650,Gas,Equipment,,0,0,F,,,0,,0,,Stationary Models,2210,F,Stationary Models,,TRUE,,F,,,F,,,,,,,,,,,,,,,,,,,,,,,,,,,,,,,,,,,,,,https://www.westendpower.com/new-models/2026-mi-t-m-am2-sm09-30me-30-gallon-two-stage-gasoline-29428329b,,,,,,,,,,,,,,,,,,,,,,,,,,,,PRODUCT,,,,,,,,,,
AM2-SM09-B,Mi-T-M AM2-SM09-B Air Compressors,T,0,,0,MITM,Gasoline Air Compressors,,FALSE,F,F,0,,AM2-SM09-B,2830,Gas,Equipment,,0,0,F,,,0,,0,,Base-Mount Models,2220,F,Base-Mount Models,,TRUE,,F,,,F,,,,,,,,,,,,,,,,,,,,,,,,,,,,,,,,,,,,,,https://www.westendpower.com/new-models/2026-mi-t-m-am2-sm09-b-base-mount-two-stage-gasoline-29428391b,,,,,,,,,,,,,,,,,,,,,,,,,,,,PRODUCT,,,,,,,,,,
ABS-13H-30H,Mi-T-M ABS-13H-30H Air Compressors,T,0,,0,MITM,Gasoline Air Compressors,,FALSE,F,F,0,,ABS-13H-30H,5822,Gas,Equipment,,0,0,F,,,0,,0,,Tank-Mount Models / 30-Gallon,2230,F,Tank-Mount Models / 30-Gallon,,TRUE,,F,,,F,,,,,,,,,,,,,,,,,,,,,,,,,,,,,,,,,,,,,,https://www.westendpower.com/new-models/2026-mi-t-m-abs-13h-30h-30-gallon-two-stage-gasoline-29428319b,,,,,,,,,,,,,,,,,,,,,,,,,,,,PRODUCT,,,,,,,,,,
ABS-14K-30H,Mi-T-M ABS-14K-30H Air Compressors,T,0,,0,MITM,Gasoline Air Compressors,,FALSE,F,F,0,,ABS-14K-30H,5172,Gas,Equipment,,0,0,F,,,0,,0,,Tank-Mount Models / 30-Gallon,2240,F,Tank-Mount Models / 30-Gallon,,TRUE,,F,,,F,,,,,,,,,,,,,,,,,,,,,,,,,,,,,,,,,,,,,,https://www.westendpower.com/new-models/2026-mi-t-m-abs-14k-30h-30-gallon-two-stage-gasoline-29428320b,,,,,,,,,,,,,,,,,,,,,,,,,,,,PRODUCT,,,,,,,,,,
ABS-14M-30H,Mi-T-M ABS-14M-30H Air Compressors,T,0,,0,MITM,Gasoline Air Compressors,,FALSE,F,F,0,,ABS-14M-30H,4450,Gas,Equipment,,0,0,F,,,0,,0,,Tank-Mount Models / 30-Gallon,2250,F,Tank-Mount Models / 30-Gallon,,TRUE,,F,,,F,,,,,,,,,,,,,,,,,,,,,,,,,,,,,,,,,,,,,,https://www.westendpower.com/new-models/2026-mi-t-m-abs-14m-30h-30-gallon-two-stage-gasoline-29428322b,,,,,,,,,,,,,,,,,,,,,,,,,,,,PRODUCT,,,,,,,,,,
ABS-13H-80H,Mi-T-M ABS-13H-80H Air Compressors,T,0,,0,MITM,Gasoline Air Compressors,,FALSE,F,F,0,,ABS-13H-80H,6170,Gas,Equipment,,0,0,F,,,0,,0,,Tank-Mount Models / 80-Gallon,2260,F,Tank-Mount Models / 80-Gallon,,TRUE,,F,,,F,,,,,,,,,,,,,,,,,,,,,,,,,,,,,,,,,,,,,,https://www.westendpower.com/new-models/2026-mi-t-m-abs-13h-80h-80-gallon-two-stage-gasoline-29428330b,,,,,,,,,,,,,,,,,,,,,,,,,,,,PRODUCT,,,,,,,,,,
ABS-14M-80H,Mi-T-M ABS-14M-80H Air Compressors,T,0,,0,MITM,Gasoline Air Compressors,,FALSE,F,F,0,,ABS-14M-80H,5364,Gas,Equipment,,0,0,F,,,0,,0,,Tank-Mount Models / 80-Gallon,2270,F,Tank-Mount Models / 80-Gallon,,TRUE,,F,,,F,,,,,,,,,,,,,,,,,,,,,,,,,,,,,,,,,,,,,,https://www.westendpower.com/new-models/2026-mi-t-m-abs-14m-80h-80-gallon-two-stage-gasoline-29428331b,,,,,,,,,,,,,,,,,,,,,,,,,,,,PRODUCT,,,,,,,,,,
ABS-13H-B,Mi-T-M ABS-13H-B Air Compressors,T,0,,0,MITM,Gasoline Air Compressors,,FALSE,F,F,0,,ABS-13H-B,4824,Gas,Equipment,,0,0,F,,,0,,0,,Base-Mount Models,2280,F,Base-Mount Models,,TRUE,,F,,,F,,,,,,,,,,,,,,,,,,,,,,,,,,,,,,,,,,,,,,https://www.westendpower.com/new-models/2026-mi-t-m-abs-13h-b-base-mount-two-stage-gasoline-29428388b,,,,,,,,,,,,,,,,,,,,,,,,,,,,PRODUCT,,,,,,,,,,
ABS-14M-B,Mi-T-M ABS-14M-B Air Compressors,T,0,,0,MITM,Gasoline Air Compressors,,FALSE,F,F,0,,ABS-14M-B,3419,Gas,Equipment,,0,0,F,,,0,,0,,Base-Mount Models,2290,F,Base-Mount Models,,TRUE,,F,,,F,,,,,,,,,,,,,,,,,,,,,,,,,,,,,,,,,,,,,,https://www.westendpower.com/new-models/2026-mi-t-m-abs-14m-b-base-mount-two-stage-gasoline-29428389b,,,,,,,,,,,,,,,,,,,,,,,,,,,,PRODUCT,,,,,,,,,,
ABS-9KD-30H,Mi-T-M ABS-9KD-30H Air Compressors,T,0,,0,MITM,Diesel And Electric Air Compressors,,FALSE,F,F,0,,ABS-9KD-30H,9593,Diesel,Equipment,,0,0,F,,,0,,0,,Industrial Two Stage / Diesel / 30-Gallon,2300,F,Industrial Two Stage / Diesel / 30-Gallon,,TRUE,,F,,,F,,,,,,,,,,,,,,,,,,,,,,,,,,,,,,,,,,,,,,https://www.westendpower.com/new-models/2026-mi-t-m-abs-9kd-30h-30-gallon-two-stage-diesel-29428317b,,,,,,,,,,,,,,,,,,,,,,,,,,,,PRODUCT,,,,,,,,,,
AM1-HE02-05M,Mi-T-M AM1-HE02-05M Air Compressors,T,0,,0,MITM,Diesel And Electric Air Compressors,,FALSE,F,F,0,,AM1-HE02-05M,990,Diesel,Equipment,,0,0,F,,,0,,0,,Industrial Single Stage / Electric / 5-Gallon,2310,F,Industrial Single Stage / Electric / 5-Gallon,,TRUE,,F,,,F,,,,,,,,,,,,,,,,,,,,,,,,,,,,,,,,,,,,,,https://www.westendpower.com/new-models/2026-mi-t-m-am1-he02-05m-5-gallon-single-stage-electric-29428278b,,,,,,,,,,,,,,,,,,,,,,,,,,,,PRODUCT,,,,,,,,,,
AM1-PE15-08M,Mi-T-M AM1-PE15-08M Air Compressors,T,0,,0,MITM,Electric Air Compressors,,FALSE,F,F,0,,AM1-PE15-08M,1985,Electric,Equipment,,0,0,F,,,0,,0,,Industrial Single Stage / Electric / 8-Gallon,2320,F,Industrial Single Stage / Electric / 8-Gallon,,TRUE,,F,,,F,,,,,,,,,,,,,,,,,,,,,,,,,,,,,,,,,,,,,,https://www.westendpower.com/new-models/2026-mi-t-m-am1-pe15-08m-8-gallon-single-stage-electric-29428289b,,,,,,,,,,,,,,,,,,,,,,,,,,,,PRODUCT,,,,,,,,,,
AM1-PE02-08M,Mi-T-M AM1-PE02-08M Air Compressors,T,0,,0,MITM,Electric Air Compressors,,FALSE,F,F,0,,AM1-PE02-08M,2070,Electric,Equipment,,0,0,F,,,0,,0,,Industrial Single Stage / Electric / 8-Gallon,2330,F,Industrial Single Stage / Electric / 8-Gallon,,TRUE,,F,,,F,,,,,,,,,,,,,,,,,,,,,,,,,,,,,,,,,,,,,,https://www.westendpower.com/new-models/2026-mi-t-m-am1-pe02-08m-8-gallon-single-stage-electric-29428283b,,,,,,,,,,,,,,,,,,,,,,,,,,,,PRODUCT,,,,,,,,,,
AM1-PE15-20M,Mi-T-M AM1-PE15-20M Air Compressors,T,0,,0,MITM,Electric Air Compressors,,FALSE,F,F,0,,AM1-PE15-20M,2335,Electric,Equipment,,0,0,F,,,0,,0,,Industrial Single Stage / Electric / 20-Gallon,2340,F,Industrial Single Stage / Electric / 20-Gallon,,TRUE,,F,,,F,,,,,,,,,,,,,,,,,,,,,,,,,,,,,,,,,,,,,,https://www.westendpower.com/new-models/2026-mi-t-m-am1-pe15-20m-20-gallon-single-stage-electric-29428266b,,,,,,,,,,,,,,,,,,,,,,,,,,,,PRODUCT,,,,,,,,,,
AM1-PE02-20M,Mi-T-M AM1-PE02-20M Air Compressors,T,0,,0,MITM,Electric Air Compressors,,FALSE,F,F,0,,AM1-PE02-20M,2430,Electric,Equipment,,0,0,F,,,0,,0,,Industrial Single Stage / Electric / 20-Gallon,2350,F,Industrial Single Stage / Electric / 20-Gallon,,TRUE,,F,,,F,,,,,,,,,,,,,,,,,,,,,,,,,,,,,,,,,,,,,,https://www.westendpower.com/new-models/2026-mi-t-m-am1-pe02-20m-20-gallon-single-stage-electric-29428264b,,,,,,,,,,,,,,,,,,,,,,,,,,,,PRODUCT,,,,,,,,,,
ACS-23105-80H,Mi-T-M ACS-23105-80H Air Compressors,T,0,,0,MITM,Electric Air Compressors,,FALSE,F,F,0,,ACS-23105-80H,6320,Electric,Equipment,,0,0,F,,,0,,0,,Simplex Horizontal Models,2360,F,Simplex Horizontal Models,,TRUE,,F,,,F,,,,,,,,,,,,,,,,,,,,,,,,,,,,,,,,,,,,,,,,,,,,,,,,,,,,,,,,,,,,,,,,,,PRODUCT,,,,,,,,,,
ACS-20305-80H,Mi-T-M ACS-20305-80H Air Compressors,T,0,,0,MITM,Electric Air Compressors,,FALSE,F,F,0,,ACS-20305-80H,6380,Electric,Equipment,,0,0,F,,,0,,0,,Simplex Horizontal Models,2370,F,Simplex Horizontal Models,,TRUE,,F,,,F,,,,,,,,,,,,,,,,,,,,,,,,,,,,,,,,,,,,,,,,,,,,,,,,,,,,,,,,,,,,,,,,,,PRODUCT,,,,,,,,,,
ACS-23305-80H,Mi-T-M ACS-23305-80H Air Compressors,T,0,,0,MITM,Electric Air Compressors,,FALSE,F,F,0,,ACS-23305-80H,6425,Electric,Equipment,,0,0,F,,,0,,0,,Simplex Horizontal Models,2380,F,Simplex Horizontal Models,,TRUE,,F,,,F,,,,,,,,,,,,,,,,,,,,,,,,,,,,,,,,,,,,,,,,,,,,,,,,,,,,,,,,,,,,,,,,,,PRODUCT,,,,,,,,,,
ACS-46305-80H,Mi-T-M ACS-46305-80H Air Compressors,T,0,,0,MITM,Electric Air Compressors,,FALSE,F,F,0,,ACS-46305-80H,6640,Electric,Equipment,,0,0,F,,,0,,0,,Simplex Horizontal Models,2390,F,Simplex Horizontal Models,,TRUE,,F,,,F,,,,,,,,,,,,,,,,,,,,,,,,,,,,,,,,,,,,,,,,,,,,,,,,,,,,,,,,,,,,,,,,,,PRODUCT,,,,,,,,,,
ACS-23175-80H,Mi-T-M ACS-23175-80H Air Compressors,T,0,,0,MITM,Electric Air Compressors,,FALSE,F,F,0,,ACS-23175-80H,6983,Electric,Equipment,,0,0,F,,,0,,0,,Simplex Horizontal Models,2400,F,Simplex Horizontal Models,,TRUE,,F,,,F,,,,,,,,,,,,,,,,,,,,,,,,,,,,,,,,,,,,,,,,,,,,,,,,,,,,,,,,,,,,,,,,,,PRODUCT,,,,,,,,,,
ACS-20375-80H,Mi-T-M ACS-20375-80H Air Compressors,T,0,,0,MITM,Electric Air Compressors,,FALSE,F,F,0,,ACS-20375-80H,6790,Electric,Equipment,,0,0,F,,,0,,0,,Simplex Horizontal Models,2410,F,Simplex Horizontal Models,,TRUE,,F,,,F,,,,,,,,,,,,,,,,,,,,,,,,,,,,,,,,,,,,,,,,,,,,,,,,,,,,,,,,,,,,,,,,,,PRODUCT,,,,,,,,,,
ACS-23375-80H,Mi-T-M ACS-23375-80H Air Compressors,T,0,,0,MITM,Electric Air Compressors,,FALSE,F,F,0,,ACS-23375-80H,6762,Electric,Equipment,,0,0,F,,,0,,0,,Simplex Horizontal Models,2420,F,Simplex Horizontal Models,,TRUE,,F,,,F,,,,,,,,,,,,,,,,,,,,,,,,,,,,,,,,,,,,,,,,,,,,,,,,,,,,,,,,,,,,,,,,,,PRODUCT,,,,,,,,,,
ACS-46375-80H,Mi-T-M ACS-46375-80H Air Compressors,T,0,,0,MITM,Electric Air Compressors,,FALSE,F,F,0,,ACS-46375-80H,7016,Electric,Equipment,,0,0,F,,,0,,0,,Simplex Horizontal Models,2430,F,Simplex Horizontal Models,,TRUE,,F,,,F,,,,,,,,,,,,,,,,,,,,,,,,,,,,,,,,,,,,,,,,,,,,,,,,,,,,,,,,,,,,,,,,,,PRODUCT,,,,,,,,,,
ADS-23110-120H,Mi-T-M ADS-23110-120H Air Compressors,T,0,,0,MITM,Electric Air Compressors,,FALSE,F,F,0,,ADS-23110-120H,10140,Electric,Equipment,,0,0,F,,,0,,0,,Simplex Horizontal Models,2440,F,Simplex Horizontal Models,,TRUE,,F,,,F,,,,,,,,,,,,,,,,,,,,,,,,,,,,,,,,,,,,,,,,,,,,,,,,,,,,,,,,,,,,,,,,,,PRODUCT,,,,,,,,,,
ADS-20310-120H,Mi-T-M ADS-20310-120H Air Compressors,T,0,,0,MITM,Electric Air Compressors,,FALSE,F,F,0,,ADS-20310-120H,9143,Electric,Equipment,,0,0,F,,,0,,0,,Simplex Horizontal Models,2450,F,Simplex Horizontal Models,,TRUE,,F,,,F,,,,,,,,,,,,,,,,,,,,,,,,,,,,,,,,,,,,,,,,,,,,,,,,,,,,,,,,,,,,,,,,,,PRODUCT,,,,,,,,,,
ADS-23310-120H,Mi-T-M ADS-23310-120H Air Compressors,T,0,,0,MITM,Electric Air Compressors,,FALSE,F,F,0,,ADS-23310-120H,8988,Electric,Equipment,,0,0,F,,,0,,0,,Simplex Horizontal Models,2460,F,Simplex Horizontal Models,,TRUE,,F,,,F,,,,,,,,,,,,,,,,,,,,,,,,,,,,,,,,,,,,,,,,,,,,,,,,,,,,,,,,,,,,,,,,,,PRODUCT,,,,,,,,,,
ADS-46310-120H,Mi-T-M ADS-46310-120H Air Compressors,T,0,,0,MITM,Electric Air Compressors,,FALSE,F,F,0,,ADS-46310-120H,9340,Electric,Equipment,,0,0,F,,,0,,0,,Simplex Horizontal Models,2470,F,Simplex Horizontal Models,,TRUE,,F,,,F,,,,,,,,,,,,,,,,,,,,,,,,,,,,,,,,,,,,,,,,,,,,,,,,,,,,,,,,,,,,,,,,,,PRODUCT,,,,,,,,,,
AES-20315-120H,Mi-T-M AES-20315-120H Air Compressors,T,0,,0,MITM,Electric Air Compressors,,FALSE,F,F,0,,AES-20315-120H,11310,Electric,Equipment,,0,0,F,,,0,,0,,Simplex Horizontal Models,2480,F,Simplex Horizontal Models,,TRUE,,F,,,F,,,,,,,,,,,,,,,,,,,,,,,,,,,,,,,,,,,,,,,,,,,,,,,,,,,,,,,,,,,,,,,,,,PRODUCT,,,,,,,,,,
AES-23315-120H,Mi-T-M AES-23315-120H Air Compressors,T,0,,0,MITM,Electric Air Compressors,,FALSE,F,F,0,,AES-23315-120H,10770,Electric,Equipment,,0,0,F,,,0,,0,,Simplex Horizontal Models,2490,F,Simplex Horizontal Models,,TRUE,,F,,,F,,,,,,,,,,,,,,,,,,,,,,,,,,,,,,,,,,,,,,,,,,,,,,,,,,,,,,,,,,,,,,,,,,PRODUCT,,,,,,,,,,
AES-46315-120H,Mi-T-M AES-46315-120H Air Compressors,T,0,,0,MITM,Electric Air Compressors,,FALSE,F,F,0,,AES-46315-120H,11047,Electric,Equipment,,0,0,F,,,0,,0,,Simplex Horizontal Models,2500,F,Simplex Horizontal Models,,TRUE,,F,,,F,,,,,,,,,,,,,,,,,,,,,,,,,,,,,,,,,,,,,,,,,,,,,,,,,,,,,,,,,,,,,,,,,,PRODUCT,,,,,,,,,,
ACS-23105-80V,Mi-T-M ACS-23105-80V Air Compressors,T,0,,0,MITM,Electric Air Compressors,,FALSE,F,F,0,,ACS-23105-80V,6080,Electric,Equipment,,0,0,F,,,0,,0,,Simplex Vertical Models,2510,F,Simplex Vertical Models,,TRUE,,F,,,F,,,,,,,,,,,,,,,,,,,,,,,,,,,,,,,,,,,,,,,,,,,,,,,,,,,,,,,,,,,,,,,,,,PRODUCT,,,,,,,,,,
ACS-20305-80V,Mi-T-M ACS-20305-80V Air Compressors,T,0,,0,MITM,Electric Air Compressors,,FALSE,F,F,0,,ACS-20305-80V,6160,Electric,Equipment,,0,0,F,,,0,,0,,Simplex Vertical Models,2520,F,Simplex Vertical Models,,TRUE,,F,,,F,,,,,,,,,,,,,,,,,,,,,,,,,,,,,,,,,,,,,,,,,,,,,,,,,,,,,,,,,,,,,,,,,,PRODUCT,,,,,,,,,,
ACS-23305-80V,Mi-T-M ACS-23305-80V Air Compressors,T,0,,0,MITM,Electric Air Compressors,,FALSE,F,F,0,,ACS-23305-80V,6200,Electric,Equipment,,0,0,F,,,0,,0,,Simplex Vertical Models,2530,F,Simplex Vertical Models,,TRUE,,F,,,F,,,,,,,,,,,,,,,,,,,,,,,,,,,,,,,,,,,,,,,,,,,,,,,,,,,,,,,,,,,,,,,,,,PRODUCT,,,,,,,,,,
ACS-46305-80V,Mi-T-M ACS-46305-80V Air Compressors,T,0,,0,MITM,Electric Air Compressors,,FALSE,F,F,0,,ACS-46305-80V,6410,Electric,Equipment,,0,0,F,,,0,,0,,Simplex Vertical Models,2540,F,Simplex Vertical Models,,TRUE,,F,,,F,,,,,,,,,,,,,,,,,,,,,,,,,,,,,,,,,,,,,,,,,,,,,,,,,,,,,,,,,,,,,,,,,,PRODUCT,,,,,,,,,,
ACS-23175-80V,Mi-T-M ACS-23175-80V Air Compressors,T,0,,0,MITM,Electric Air Compressors,,FALSE,F,F,0,,ACS-23175-80V,7028,Electric,Equipment,,0,0,F,,,0,,0,,Simplex Vertical Models,2550,F,Simplex Vertical Models,,TRUE,,F,,,F,,,,,,,,,,,,,,,,,,,,,,,,,,,,,,,,,,,,,,,,,,,,,,,,,,,,,,,,,,,,,,,,,,PRODUCT,,,,,,,,,,
ACS-20375-80V,Mi-T-M ACS-20375-80V Air Compressors,T,0,,0,MITM,Electric Air Compressors,,FALSE,F,F,0,,ACS-20375-80V,6570,Electric,Equipment,,0,0,F,,,0,,0,,Simplex Vertical Models,2560,F,Simplex Vertical Models,,TRUE,,F,,,F,,,,,,,,,,,,,,,,,,,,,,,,,,,,,,,,,,,,,,,,,,,,,,,,,,,,,,,,,,,,,,,,,,PRODUCT,,,,,,,,,,
ACS-23375-80V,Mi-T-M ACS-23375-80V Air Compressors,T,0,,0,MITM,Electric Air Compressors,,FALSE,F,F,0,,ACS-23375-80V,6470,Electric,Equipment,,0,0,F,,,0,,0,,Simplex Vertical Models,2570,F,Simplex Vertical Models,,TRUE,,F,,,F,,,,,,,,,,,,,,,,,,,,,,,,,,,,,,,,,,,,,,,,,,,,,,,,,,,,,,,,,,,,,,,,,,PRODUCT,,,,,,,,,,
ACS-46375-80V,Mi-T-M ACS-46375-80V Air Compressors,T,0,,0,MITM,Electric Air Compressors,,FALSE,F,F,0,,ACS-46375-80V,6715,Electric,Equipment,,0,0,F,,,0,,0,,Simplex Vertical Models,2580,F,Simplex Vertical Models,,TRUE,,F,,,F,,,,,,,,,,,,,,,,,,,,,,,,,,,,,,,,,,,,,,,,,,,,,,,,,,,,,,,,,,,,,,,,,,PRODUCT,,,,,,,,,,
ACD-23105-120H,Mi-T-M ACD-23105-120H Air Compressors,T,0,,0,MITM,Electric Air Compressors,,FALSE,F,F,0,,ACD-23105-120H,11546,Electric,Equipment,,0,0,F,,,0,,0,,Industrial Two Stage / Electric / Duplex / 120-Gallon,2600,F,Industrial Two Stage / Electric / Duplex / 120-Gallon,,TRUE,,F,,,F,,,,,,,,,,,,,,,,,,,,,,,,,,,,,,,,,,,,,,,,,,,,,,,,,,,,,,,,,,,,,,,,,,PRODUCT,,,,,,,,,,
ACD-20305-120H,Mi-T-M ACD-20305-120H Air Compressors,T,0,,0,MITM,Electric Air Compressors,,FALSE,F,F,0,,ACD-20305-120H,11450,Electric,Equipment,,0,0,F,,,0,,0,,Industrial Two Stage / Electric / Duplex / 120-Gallon,2610,F,Industrial Two Stage / Electric / Duplex / 120-Gallon,,TRUE,,F,,,F,,,,,,,,,,,,,,,,,,,,,,,,,,,,,,,,,,,,,,,,,,,,,,,,,,,,,,,,,,,,,,,,,,PRODUCT,,,,,,,,,,
ACD-23305-120H,Mi-T-M ACD-23305-120H Air Compressors,T,0,,0,MITM,Electric Air Compressors,,FALSE,F,F,0,,ACD-23305-120H,11520,Electric,Equipment,,0,0,F,,,0,,0,,Industrial Two Stage / Electric / Duplex / 120-Gallon,2620,F,Industrial Two Stage / Electric / Duplex / 120-Gallon,,TRUE,,F,,,F,,,,,,,,,,,,,,,,,,,,,,,,,,,,,,,,,,,,,,,,,,,,,,,,,,,,,,,,,,,,,,,,,,PRODUCT,,,,,,,,,,
ACD-46305-120H,Mi-T-M ACD-46305-120H Air Compressors,T,0,,0,MITM,Electric Air Compressors,,FALSE,F,F,0,,ACD-46305-120H,11710,Electric,Equipment,,0,0,F,,,0,,0,,Industrial Two Stage / Electric / Duplex / 120-Gallon,2630,F,Industrial Two Stage / Electric / Duplex / 120-Gallon,,TRUE,,F,,,F,,,,,,,,,,,,,,,,,,,,,,,,,,,,,,,,,,,,,,,,,,,,,,,,,,,,,,,,,,,,,,,,,,PRODUCT,,,,,,,,,,
ACD-23715-120H,Mi-T-M ACD-23715-120H Air Compressors,T,0,,0,MITM,Electric Air Compressors,,FALSE,F,F,0,,ACD-23715-120H,12120,Electric,Equipment,,0,0,F,,,0,,0,,Industrial Two Stage / Electric / Duplex / 120-Gallon,2640,F,Industrial Two Stage / Electric / Duplex / 120-Gallon,,TRUE,,F,,,F,,,,,,,,,,,,,,,,,,,,,,,,,,,,,,,,,,,,,,,,,,,,,,,,,,,,,,,,,,,,,,,,,,PRODUCT,,,,,,,,,,
ACD-20375-120H,Mi-T-M ACD-20375-120H Air Compressors,T,0,,0,MITM,Electric Air Compressors,,FALSE,F,F,0,,ACD-20375-120H,12240,Electric,Equipment,,0,0,F,,,0,,0,,Industrial Two Stage / Electric / Duplex / 120-Gallon,2650,F,Industrial Two Stage / Electric / Duplex / 120-Gallon,,TRUE,,F,,,F,,,,,,,,,,,,,,,,,,,,,,,,,,,,,,,,,,,,,,,,,,,,,,,,,,,,,,,,,,,,,,,,,,PRODUCT,,,,,,,,,,
ACD-23375-120H,Mi-T-M ACD-23375-120H Air Compressors,T,0,,0,MITM,Electric Air Compressors,,FALSE,F,F,0,,ACD-23375-120H,11835,Electric,Equipment,,0,0,F,,,0,,0,,Industrial Two Stage / Electric / Duplex / 120-Gallon,2660,F,Industrial Two Stage / Electric / Duplex / 120-Gallon,,TRUE,,F,,,F,,,,,,,,,,,,,,,,,,,,,,,,,,,,,,,,,,,,,,,,,,,,,,,,,,,,,,,,,,,,,,,,,,PRODUCT,,,,,,,,,,
ACD-46375-120H,Mi-T-M ACD-46375-120H Air Compressors,T,0,,0,MITM,Electric Air Compressors,,FALSE,F,F,0,,ACD-46375-120H,11995,Electric,Equipment,,0,0,F,,,0,,0,,Industrial Two Stage / Electric / Duplex / 120-Gallon,2670,F,Industrial Two Stage / Electric / Duplex / 120-Gallon,,TRUE,,F,,,F,,,,,,,,,,,,,,,,,,,,,,,,,,,,,,,,,,,,,,,,,,,,,,,,,,,,,,,,,,,,,,,,,,PRODUCT,,,,,,,,,,
ADD-23110-120H,Mi-T-M ADD-23110-120H Air Compressors,T,0,,0,MITM,Electric Air Compressors,,FALSE,F,F,0,,ADD-23110-120H,19350,Electric,Equipment,,0,0,F,,,0,,0,,Industrial Two Stage / Electric / Duplex / 120-Gallon,2680,F,Industrial Two Stage / Electric / Duplex / 120-Gallon,,TRUE,,F,,,F,,,,,,,,,,,,,,,,,,,,,,,,,,,,,,,,,,,,,,,,,,,,,,,,,,,,,,,,,,,,,,,,,,PRODUCT,,,,,,,,,,
ADD-20310-120H,Mi-T-M ADD-20310-120H Air Compressors,T,0,,0,MITM,Electric Air Compressors,,FALSE,F,F,0,,ADD-20310-120H,16380,Electric,Equipment,,0,0,F,,,0,,0,,Industrial Two Stage / Electric / Duplex / 120-Gallon,2690,F,Industrial Two Stage / Electric / Duplex / 120-Gallon,,TRUE,,F,,,F,,,,,,,,,,,,,,,,,,,,,,,,,,,,,,,,,,,,,,,,,,,,,,,,,,,,,,,,,,,,,,,,,,PRODUCT,,,,,,,,,,
ADD-23310-120H,Mi-T-M ADD-23310-120H Air Compressors,T,0,,0,MITM,Electric Air Compressors,,FALSE,F,F,0,,ADD-23310-120H,15595,Electric,Equipment,,0,0,F,,,0,,0,,Industrial Two Stage / Electric / Duplex / 120-Gallon,2700,F,Industrial Two Stage / Electric / Duplex / 120-Gallon,,TRUE,,F,,,F,,,,,,,,,,,,,,,,,,,,,,,,,,,,,,,,,,,,,,,,,,,,,,,,,,,,,,,,,,,,,,,,,,PRODUCT,,,,,,,,,,
ADD-46310-120H,Mi-T-M ADD-46310-120H Air Compressors,T,0,,0,MITM,Electric Air Compressors,,FALSE,F,F,0,,ADD-46310-120H,15610,Electric,Equipment,,0,0,F,,,0,,0,,Industrial Two Stage / Electric / Duplex / 120-Gallon,2710,F,Industrial Two Stage / Electric / Duplex / 120-Gallon,,TRUE,,F,,,F,,,,,,,,,,,,,,,,,,,,,,,,,,,,,,,,,,,,,,,,,,,,,,,,,,,,,,,,,,,,,,,,,,PRODUCT,,,,,,,,,,
AED-20315-120H,Mi-T-M AED-20315-120H Air Compressors,T,0,,0,MITM,Electric Air Compressors,,FALSE,F,F,0,,AED-20315-120H,20720,Electric,Equipment,,0,0,F,,,0,,0,,Industrial Two Stage / Electric / Duplex / 120-Gallon,2720,F,Industrial Two Stage / Electric / Duplex / 120-Gallon,,TRUE,,F,,,F,,,,,,,,,,,,,,,,,,,,,,,,,,,,,,,,,,,,,,,,,,,,,,,,,,,,,,,,,,,,,,,,,,PRODUCT,,,,,,,,,,
AED-23315-120H,Mi-T-M AED-23315-120H Air Compressors,T,0,,0,MITM,Electric Air Compressors,,FALSE,F,F,0,,AED-23315-120H,19580,Electric,Equipment,,0,0,F,,,0,,0,,Industrial Two Stage / Electric / Duplex / 120-Gallon,2730,F,Industrial Two Stage / Electric / Duplex / 120-Gallon,,TRUE,,F,,,F,,,,,,,,,,,,,,,,,,,,,,,,,,,,,,,,,,,,,,,,,,,,,,,,,,,,,,,,,,,,,,,,,,PRODUCT,,,,,,,,,,
AED-46315-120H,Mi-T-M AED-46315-120H Air Compressors,T,0,,0,MITM,Electric Air Compressors,,FALSE,F,F,0,,AED-46315-120H,16540,Electric,Equipment,,0,0,F,,,0,,0,,Industrial Two Stage / Electric / Duplex / 120-Gallon,2740,F,Industrial Two Stage / Electric / Duplex / 120-Gallon,,TRUE,,F,,,F,,,,,,,,,,,,,,,,,,,,,,,,,,,,,,,,,,,,,,,,,,,,,,,,,,,,,,,,,,,,,,,,,,PRODUCT,,,,,,,,,,
ACS-23105-80HM,Mi-T-M ACS-23105-80HM Air Compressors,T,0,,0,MITM,Electric Air Compressors,,FALSE,F,F,0,,ACS-23105-80HM,7865,Electric,Equipment,,0,0,F,,,0,,0,,Simplex Horizontal Models,2750,F,Simplex Horizontal Models,,TRUE,,F,,,F,,,,,,,,,,,,,,,,,,,,,,,,,,,,,,,,,,,,,,,,,,,,,,,,,,,,,,,,,,,,,,,,,,PRODUCT,,,,,,,,,,
ACS-20305-80HM,Mi-T-M ACS-20305-80HM Air Compressors,T,0,,0,MITM,Electric Air Compressors,,FALSE,F,F,0,,ACS-20305-80HM,8000,Electric,Equipment,,0,0,F,,,0,,0,,Simplex Horizontal Models,2760,F,Simplex Horizontal Models,,TRUE,,F,,,F,,,,,,,,,,,,,,,,,,,,,,,,,,,,,,,,,,,,,,,,,,,,,,,,,,,,,,,,,,,,,,,,,,PRODUCT,,,,,,,,,,
ACS-23305-80HM,Mi-T-M ACS-23305-80HM Air Compressors,T,0,,0,MITM,Electric Air Compressors,,FALSE,F,F,0,,ACS-23305-80HM,7965,Electric,Equipment,,0,0,F,,,0,,0,,Simplex Horizontal Models,2770,F,Simplex Horizontal Models,,TRUE,,F,,,F,,,,,,,,,,,,,,,,,,,,,,,,,,,,,,,,,,,,,,,,,,,,,,,,,,,,,,,,,,,,,,,,,,PRODUCT,,,,,,,,,,
ACS-46305-80HM,Mi-T-M ACS-46305-80HM Air Compressors,T,0,,0,MITM,Electric Air Compressors,,FALSE,F,F,0,,ACS-46305-80HM,8205,Electric,Equipment,,0,0,F,,,0,,0,,Simplex Horizontal Models,2780,F,Simplex Horizontal Models,,TRUE,,F,,,F,,,,,,,,,,,,,,,,,,,,,,,,,,,,,,,,,,,,,,,,,,,,,,,,,,,,,,,,,,,,,,,,,,PRODUCT,,,,,,,,,,
ACS-23175-80HM,Mi-T-M ACS-23175-80HM Air Compressors,T,0,,0,MITM,Electric Air Compressors,,FALSE,F,F,0,,ACS-23175-80HM,7995,Electric,Equipment,,0,0,F,,,0,,0,,Simplex Horizontal Models,2790,F,Simplex Horizontal Models,,TRUE,,F,,,F,,,,,,,,,,,,,,,,,,,,,,,,,,,,,,,,,,,,,,,,,,,,,,,,,,,,,,,,,,,,,,,,,,PRODUCT,,,,,,,,,,
ACS-20375-80HM,Mi-T-M ACS-20375-80HM Air Compressors,T,0,,0,MITM,Electric Air Compressors,,FALSE,F,F,0,,ACS-20375-80HM,8405,Electric,Equipment,,0,0,F,,,0,,0,,Simplex Horizontal Models,2800,F,Simplex Horizontal Models,,TRUE,,F,,,F,,,,,,,,,,,,,,,,,,,,,,,,,,,,,,,,,,,,,,,,,,,,,,,,,,,,,,,,,,,,,,,,,,PRODUCT,,,,,,,,,,
ACS-23375-80HM,Mi-T-M ACS-23375-80HM Air Compressors,T,0,,0,MITM,Electric Air Compressors,,FALSE,F,F,0,,ACS-23375-80HM,8135,Electric,Equipment,,0,0,F,,,0,,0,,Simplex Horizontal Models,2810,F,Simplex Horizontal Models,,TRUE,,F,,,F,,,,,,,,,,,,,,,,,,,,,,,,,,,,,,,,,,,,,,,,,,,,,,,,,,,,,,,,,,,,,,,,,,PRODUCT,,,,,,,,,,
ACS-46375-80HM,Mi-T-M ACS-46375-80HM Air Compressors,T,0,,0,MITM,Electric Air Compressors,,FALSE,F,F,0,,ACS-46375-80HM,8355,Electric,Equipment,,0,0,F,,,0,,0,,Simplex Horizontal Models,2820,F,Simplex Horizontal Models,,TRUE,,F,,,F,,,,,,,,,,,,,,,,,,,,,,,,,,,,,,,,,,,,,,,,,,,,,,,,,,,,,,,,,,,,,,,,,,PRODUCT,,,,,,,,,,
ADS-23110-120HM,Mi-T-M ADS-23110-120HM Air Compressors,T,0,,0,MITM,Electric Air Compressors,,FALSE,F,F,0,,ADS-23110-120HM,12040,Electric,Equipment,,0,0,F,,,0,,0,,Simplex Horizontal Models,2830,F,Simplex Horizontal Models,,TRUE,,F,,,F,,,,,,,,,,,,,,,,,,,,,,,,,,,,,,,,,,,,,,,,,,,,,,,,,,,,,,,,,,,,,,,,,,PRODUCT,,,,,,,,,,
ADS-20310-120HM,Mi-T-M ADS-20310-120HM Air Compressors,T,0,,0,MITM,Electric Air Compressors,,FALSE,F,F,0,,ADS-20310-120HM,11120,Electric,Equipment,,0,0,F,,,0,,0,,Simplex Horizontal Models,2840,F,Simplex Horizontal Models,,TRUE,,F,,,F,,,,,,,,,,,,,,,,,,,,,,,,,,,,,,,,,,,,,,,,,,,,,,,,,,,,,,,,,,,,,,,,,,PRODUCT,,,,,,,,,,
ADS-23310-120HM,Mi-T-M ADS-23310-120HM Air Compressors,T,0,,0,MITM,Electric Air Compressors,,FALSE,F,F,0,,ADS-23310-120HM,10866,Electric,Equipment,,0,0,F,,,0,,0,,Simplex Horizontal Models,2850,F,Simplex Horizontal Models,,TRUE,,F,,,F,,,,,,,,,,,,,,,,,,,,,,,,,,,,,,,,,,,,,,,,,,,,,,,,,,,,,,,,,,,,,,,,,,PRODUCT,,,,,,,,,,
ADS-46310-120HM,Mi-T-M ADS-46310-120HM Air Compressors,T,0,,0,MITM,Electric Air Compressors,,FALSE,F,F,0,,ADS-46310-120HM,10842,Electric,Equipment,,0,0,F,,,0,,0,,Simplex Horizontal Models,2860,F,Simplex Horizontal Models,,TRUE,,F,,,F,,,,,,,,,,,,,,,,,,,,,,,,,,,,,,,,,,,,,,,,,,,,,,,,,,,,,,,,,,,,,,,,,,PRODUCT,,,,,,,,,,
AES-20315-120HM,Mi-T-M AES-20315-120HM Air Compressors,T,0,,0,MITM,Electric Air Compressors,,FALSE,F,F,0,,AES-20315-120HM,13360,Electric,Equipment,,0,0,F,,,0,,0,,Simplex Horizontal Models,2870,F,Simplex Horizontal Models,,TRUE,,F,,,F,,,,,,,,,,,,,,,,,,,,,,,,,,,,,,,,,,,,,,,,,,,,,,,,,,,,,,,,,,,,,,,,,,PRODUCT,,,,,,,,,,
AES-23315-120HM,Mi-T-M AES-23315-120HM Air Compressors,T,0,,0,MITM,Electric Air Compressors,,FALSE,F,F,0,,AES-23315-120HM,13563,Electric,Equipment,,0,0,F,,,0,,0,,Simplex Horizontal Models,2880,F,Simplex Horizontal Models,,TRUE,,F,,,F,,,,,,,,,,,,,,,,,,,,,,,,,,,,,,,,,,,,,,,,,,,,,,,,,,,,,,,,,,,,,,,,,,PRODUCT,,,,,,,,,,
AES-46315-120HM,Mi-T-M AES-46315-120HM Air Compressors,T,0,,0,MITM,Electric Air Compressors,,FALSE,F,F,0,,AES-46315-120HM,13119,Electric,Equipment,,0,0,F,,,0,,0,,Simplex Horizontal Models,2890,F,Simplex Horizontal Models,,TRUE,,F,,,F,,,,,,,,,,,,,,,,,,,,,,,,,,,,,,,,,,,,,,,,,,,,,,,,,,,,,,,,,,,,,,,,,,PRODUCT,,,,,,,,,,
ACS-23105-80VM,Mi-T-M ACS-23105-80VM Air Compressors,T,0,,0,MITM,Electric Air Compressors,,FALSE,F,F,0,,ACS-23105-80VM,7620,Electric,Equipment,,0,0,F,,,0,,0,,Simplex Vertical Models,2900,F,Simplex Vertical Models,,TRUE,,F,,,F,,,,,,,,,,,,,,,,,,,,,,,,,,,,,,,,,,,,,,,,,,,,,,,,,,,,,,,,,,,,,,,,,,PRODUCT,,,,,,,,,,
ACS-20305-80VM,Mi-T-M ACS-20305-80VM Air Compressors,T,0,,0,MITM,Electric Air Compressors,,FALSE,F,F,0,,ACS-20305-80VM,7760,Electric,Equipment,,0,0,F,,,0,,0,,Simplex Vertical Models,2910,F,Simplex Vertical Models,,TRUE,,F,,,F,,,,,,,,,,,,,,,,,,,,,,,,,,,,,,,,,,,,,,,,,,,,,,,,,,,,,,,,,,,,,,,,,,PRODUCT,,,,,,,,,,
ACS-23305-80VM,Mi-T-M ACS-23305-80VM Air Compressors,T,0,,0,MITM,Electric Air Compressors,,FALSE,F,F,0,,ACS-23305-80VM,7730,Electric,Equipment,,0,0,F,,,0,,0,,Simplex Vertical Models,2920,F,Simplex Vertical Models,,TRUE,,F,,,F,,,,,,,,,,,,,,,,,,,,,,,,,,,,,,,,,,,,,,,,,,,,,,,,,,,,,,,,,,,,,,,,,,PRODUCT,,,,,,,,,,
ACS-46305-80VM,Mi-T-M ACS-46305-80VM Air Compressors,T,0,,0,MITM,Electric Air Compressors,,FALSE,F,F,0,,ACS-46305-80VM,7970,Electric,Equipment,,0,0,F,,,0,,0,,Simplex Vertical Models,2930,F,Simplex Vertical Models,,TRUE,,F,,,F,,,,,,,,,,,,,,,,,,,,,,,,,,,,,,,,,,,,,,,,,,,,,,,,,,,,,,,,,,,,,,,,,,PRODUCT,,,,,,,,,,
ACS-23175-80VM,Mi-T-M ACS-23175-80VM Air Compressors,T,0,,0,MITM,Electric Air Compressors,,FALSE,F,F,0,,ACS-23175-80VM,7963,Electric,Equipment,,0,0,F,,,0,,0,,Simplex Vertical Models,2940,F,Simplex Vertical Models,,TRUE,,F,,,F,,,,,,,,,,,,,,,,,,,,,,,,,,,,,,,,,,,,,,,,,,,,,,,,,,,,,,,,,,,,,,,,,,PRODUCT,,,,,,,,,,
ACS-20375-80VM,Mi-T-M ACS-20375-80VM Air Compressors,T,0,,0,MITM,Electric Air Compressors,,FALSE,F,F,0,,ACS-20375-80VM,8170,Electric,Equipment,,0,0,F,,,0,,0,,Simplex Vertical Models,2950,F,Simplex Vertical Models,,TRUE,,F,,,F,,,,,,,,,,,,,,,,,,,,,,,,,,,,,,,,,,,,,,,,,,,,,,,,,,,,,,,,,,,,,,,,,,PRODUCT,,,,,,,,,,
ACS-23375-80VM,Mi-T-M ACS-23375-80VM Air Compressors,T,0,,0,MITM,Electric Air Compressors,,FALSE,F,F,0,,ACS-23375-80VM,7900,Electric,Equipment,,0,0,F,,,0,,0,,Simplex Vertical Models,2960,F,Simplex Vertical Models,,TRUE,,F,,,F,,,,,,,,,,,,,,,,,,,,,,,,,,,,,,,,,,,,,,,,,,,,,,,,,,,,,,,,,,,,,,,,,,PRODUCT,,,,,,,,,,
ACS-46375-80VM,Mi-T-M ACS-46375-80VM Air Compressors,T,0,,0,MITM,Electric Air Compressors,,FALSE,F,F,0,,ACS-46375-80VM,8120,Electric,Equipment,,0,0,F,,,0,,0,,Simplex Vertical Models,2970,F,Simplex Vertical Models,,TRUE,,F,,,F,,,,,,,,,,,,,,,,,,,,,,,,,,,,,,,,,,,,,,,,,,,,,,,,,,,,,,,,,,,,,,,,,,PRODUCT,,,,,,,,,,
ACD-23105-120HM,Mi-T-M ACD-23105-120HM Air Compressors,T,0,,0,MITM,Electric Air Compressors,,FALSE,F,F,0,,ACD-23105-120HM,13510,Electric,Equipment,,0,0,F,,,0,,0,,Duplex Horizontal Models,2980,F,Duplex Horizontal Models,,TRUE,,F,,,F,,,,,,,,,,,,,,,,,,,,,,,,,,,,,,,,,,,,,,,,,,,,,,,,,,,,,,,,,,,,,,,,,,PRODUCT,,,,,,,,,,
ACD-20305-120HM,Mi-T-M ACD-20305-120HM Air Compressors,T,0,,0,MITM,Electric Air Compressors,,FALSE,F,F,0,,ACD-20305-120HM,13800,Electric,Equipment,,0,0,F,,,0,,0,,Duplex Horizontal Models,2990,F,Duplex Horizontal Models,,TRUE,,F,,,F,,,,,,,,,,,,,,,,,,,,,,,,,,,,,,,,,,,,,,,,,,,,,,,,,,,,,,,,,,,,,,,,,,PRODUCT,,,,,,,,,,
ACD-23305-120HM,Mi-T-M ACD-23305-120HM Air Compressors,T,0,,0,MITM,Electric Air Compressors,,FALSE,F,F,0,,ACD-23305-120HM,13735,Electric,Equipment,,0,0,F,,,0,,0,,Duplex Horizontal Models,3000,F,Duplex Horizontal Models,,TRUE,,F,,,F,,,,,,,,,,,,,,,,,,,,,,,,,,,,,,,,,,,,,,,,,,,,,,,,,,,,,,,,,,,,,,,,,,PRODUCT,,,,,,,,,,
ACD-46305-120HM,Mi-T-M ACD-46305-120HM Air Compressors,T,0,,0,MITM,Electric Air Compressors,,FALSE,F,F,0,,ACD-46305-120HM,13940,Electric,Equipment,,0,0,F,,,0,,0,,Duplex Horizontal Models,3010,F,Duplex Horizontal Models,,TRUE,,F,,,F,,,,,,,,,,,,,,,,,,,,,,,,,,,,,,,,,,,,,,,,,,,,,,,,,,,,,,,,,,,,,,,,,,PRODUCT,,,,,,,,,,
ACD-23175-120HM,Mi-T-M ACD-23175-120HM Air Compressors,T,0,,0,MITM,Electric Air Compressors,,FALSE,F,F,0,,ACD-23175-120HM,13750,Electric,Equipment,,0,0,F,,,0,,0,,Duplex Horizontal Models,3020,F,Duplex Horizontal Models,,TRUE,,F,,,F,,,,,,,,,,,,,,,,,,,,,,,,,,,,,,,,,,,,,,,,,,,,,,,,,,,,,,,,,,,,,,,,,,PRODUCT,,,,,,,,,,
ACD-20375-120HM,Mi-T-M ACD-20375-120HM Air Compressors,T,0,,0,MITM,Electric Air Compressors,,FALSE,F,F,0,,ACD-20375-120HM,14610,Electric,Equipment,,0,0,F,,,0,,0,,Duplex Horizontal Models,3030,F,Duplex Horizontal Models,,TRUE,,F,,,F,,,,,,,,,,,,,,,,,,,,,,,,,,,,,,,,,,,,,,,,,,,,,,,,,,,,,,,,,,,,,,,,,,PRODUCT,,,,,,,,,,
ACD-23375-120HM,Mi-T-M ACD-23375-120HM Air Compressors,T,0,,0,MITM,Electric Air Compressors,,FALSE,F,F,0,,ACD-23375-120HM,14060,Electric,Equipment,,0,0,F,,,0,,0,,Duplex Horizontal Models,3040,F,Duplex Horizontal Models,,TRUE,,F,,,F,,,,,,,,,,,,,,,,,,,,,,,,,,,,,,,,,,,,,,,,,,,,,,,,,,,,,,,,,,,,,,,,,,PRODUCT,,,,,,,,,,
ACD-46375-120HM,Mi-T-M ACD-46375-120HM Air Compressors,T,0,,0,MITM,Electric Air Compressors,,FALSE,F,F,0,,ACD-46375-120HM,14255,Electric,Equipment,,0,0,F,,,0,,0,,Duplex Horizontal Models,3050,F,Duplex Horizontal Models,,TRUE,,F,,,F,,,,,,,,,,,,,,,,,,,,,,,,,,,,,,,,,,,,,,,,,,,,,,,,,,,,,,,,,,,,,,,,,,PRODUCT,,,,,,,,,,
ADD-23110-120HM,Mi-T-M ADD-23110-120HM Air Compressors,T,0,,0,MITM,Electric Air Compressors,,FALSE,F,F,0,,ADD-23110-120HM,21480,Electric,Equipment,,0,0,F,,,0,,0,,Duplex Horizontal Models,3060,F,Duplex Horizontal Models,,TRUE,,F,,,F,,,,,,,,,,,,,,,,,,,,,,,,,,,,,,,,,,,,,,,,,,,,,,,,,,,,,,,,,,,,,,,,,,PRODUCT,,,,,,,,,,
ADD-20310-120HM,Mi-T-M ADD-20310-120HM Air Compressors,T,0,,0,MITM,Electric Air Compressors,,FALSE,F,F,0,,ADD-20310-120HM,19580,Electric,Equipment,,0,0,F,,,0,,0,,Duplex Horizontal Models,3070,F,Duplex Horizontal Models,,TRUE,,F,,,F,,,,,,,,,,,,,,,,,,,,,,,,,,,,,,,,,,,,,,,,,,,,,,,,,,,,,,,,,,,,,,,,,,PRODUCT,,,,,,,,,,
ADD-23310-120HM,Mi-T-M ADD-23310-120HM Air Compressors,T,0,,0,MITM,Electric Air Compressors,,FALSE,F,F,0,,ADD-23310-120HM,18650,Electric,Equipment,,0,0,F,,,0,,0,,Duplex Horizontal Models,3080,F,Duplex Horizontal Models,,TRUE,,F,,,F,,,,,,,,,,,,,,,,,,,,,,,,,,,,,,,,,,,,,,,,,,,,,,,,,,,,,,,,,,,,,,,,,,PRODUCT,,,,,,,,,,
ADD-46310-120HM,Mi-T-M ADD-46310-120HM Air Compressors,T,0,,0,MITM,Electric Air Compressors,,FALSE,F,F,0,,ADD-46310-120HM,18700,Electric,Equipment,,0,0,F,,,0,,0,,Duplex Horizontal Models,3090,F,Duplex Horizontal Models,,TRUE,,F,,,F,,,,,,,,,,,,,,,,,,,,,,,,,,,,,,,,,,,,,,,,,,,,,,,,,,,,,,,,,,,,,,,,,,PRODUCT,,,,,,,,,,
AED-20315-120HM,Mi-T-M AED-20315-120HM Air Compressors,T,0,,0,MITM,Electric Air Compressors,,FALSE,F,F,0,,AED-20315-120HM,23950,Electric,Equipment,,0,0,F,,,0,,0,,Duplex Horizontal Models,3100,F,Duplex Horizontal Models,,TRUE,,F,,,F,,,,,,,,,,,,,,,,,,,,,,,,,,,,,,,,,,,,,,,,,,,,,,,,,,,,,,,,,,,,,,,,,,PRODUCT,,,,,,,,,,
AED-23315-120HM,Mi-T-M AED-23315-120HM Air Compressors,T,0,,0,MITM,Electric Air Compressors,,FALSE,F,F,0,,AED-23315-120HM,22660,Electric,Equipment,,0,0,F,,,0,,0,,Duplex Horizontal Models,3110,F,Duplex Horizontal Models,,TRUE,,F,,,F,,,,,,,,,,,,,,,,,,,,,,,,,,,,,,,,,,,,,,,,,,,,,,,,,,,,,,,,,,,,,,,,,,PRODUCT,,,,,,,,,,
AED-46315-120HM,Mi-T-M AED-46315-120HM Air Compressors,T,0,,0,MITM,Electric Air Compressors,,FALSE,F,F,0,,AED-46315-120HM,22625,Electric,Equipment,,0,0,F,,,0,,0,,Duplex Horizontal Models,3120,F,Duplex Horizontal Models,,TRUE,,F,,,F,,,,,,,,,,,,,,,,,,,,,,,,,,,,,,,,,,,,,,,,,,,,,,,,,,,,,,,,,,,,,,,,,,PRODUCT,,,,,,,,,,
AG1-PH65-08M1,Mi-T-M AG1-PH65-08M1 Compressor / Generator,T,0,,0,MITM,Gasoline Air Compressor / Generator Combinations,,FALSE,F,F,0,,AG1-PH65-08M1,3794,Gas,Equipment,,0,0,F,,,0,,0,,Single Stage - Portable Models,3130,F,Single Stage - Portable Models,,TRUE,,F,,,F,,,,,,,,,,,,,,,,,,,,,,,,,,,,,,,,,,,,,,https://www.westendpower.com/new-models/2026-mi-t-m-ag1-ph65-08m1-8-gal-single-stage-gas-combination-29428461b,,,,,,,,,,,,,,,,,,,,,,,,,,,,PRODUCT,,,,,,,,,,
AG1-PM07-08M1,Mi-T-M AG1-PM07-08M1 Compressor / Generator,T,0,,0,MITM,Gasoline Air Compressor / Generator Combinations,,FALSE,F,F,0,,AG1-PM07-08M1,3510,Gas,Equipment,,0,0,F,,,0,,0,,Single Stage - Portable Models,3140,F,Single Stage - Portable Models,,TRUE,,F,,,F,,,,,,,,,,,,,,,,,,,,,,,,,,,,,,,,,,,,,,https://www.westendpower.com/new-models/2026-mi-t-m-ag1-pm07-08m1-8-gal-single-stage-gas-combination-29428463b,,,,,,,,,,,,,,,,,,,,,,,,,,,,PRODUCT,,,,,,,,,,
AG2-PH13-08M1,Mi-T-M AG2-PH13-08M1 Compressor / Generator,T,0,,0,MITM,Gasoline Air Compressor / Generator Combinations,,FALSE,F,F,0,,AG2-PH13-08M1,5129,Gas,Equipment,,0,0,F,,,0,,0,,Two Stage - Portable Models,3150,F,Two Stage - Portable Models,,TRUE,,F,,,F,,,,,,,,,,,,,,,,,,,,,,,,,,,,,,,,,,,,,,https://www.westendpower.com/new-models/2026-mi-t-m-ag2-ph13-08m1-8-gal-two-stage-gas-combination-29428466b,,,,,,,,,,,,,,,,,,,,,,,,,,,,PRODUCT,,,,,,,,,,
AG2-PH13-08M1E,Mi-T-M AG2-PH13-08M1E Compressor / Generator,T,0,,0,MITM,Gasoline Air Compressor / Generator Combinations,,FALSE,F,F,0,,AG2-PH13-08M1E,5874,Gas,Equipment,,0,0,F,,,0,,0,,Two Stage - Portable Models,3160,F,Two Stage - Portable Models,,TRUE,,F,,,F,,,,,,,,,,,,,,,,,,,,,,,,,,,,,,,,,,,,,,https://www.westendpower.com/new-models/2026-mi-t-m-ag2-ph13-08m1e-8-gal-two-stage-gas-combination-29428471b,,,,,,,,,,,,,,,,,,,,,,,,,,,,PRODUCT,,,,,,,,,,
AG2-PK14-08M1,Mi-T-M AG2-PK14-08M1 Compressor / Generator,T,0,,0,MITM,Gasoline Air Compressor / Generator Combinations,,FALSE,F,F,0,,AG2-PK14-08M1,5025,Gas,Equipment,,0,0,F,,,0,,0,,Two Stage - Portable Models,3170,F,Two Stage - Portable Models,,TRUE,,F,,,F,,,,,,,,,,,,,,,,,,,,,,,,,,,,,,,,,,,,,,,,,,,,,,,,,,,,,,,,,,,,,,,,,,PRODUCT,,,,,,,,,,
AG2-PK14-08M1E,Mi-T-M AG2-PK14-08M1E Compressor / Generator,T,0,,0,MITM,Gasoline Air Compressor / Generator Combinations,,FALSE,F,F,0,,AG2-PK14-08M1E,5457,Gas,Equipment,,0,0,F,,,0,,0,,Two Stage - Portable Models,3180,F,Two Stage - Portable Models,,TRUE,,F,,,F,,,,,,,,,,,,,,,,,,,,,,,,,,,,,,,,,,,,,,https://www.westendpower.com/new-models/2026-mi-t-m-ag2-pk14-08m1e-8-gal-two-stage-gas-combination-29428474b,,,,,,,,,,,,,,,,,,,,,,,,,,,,PRODUCT,,,,,,,,,,
AG2-PM14-08M1,Mi-T-M AG2-PM14-08M1 Compressor / Generator,T,0,,0,MITM,Gasoline Air Compressor / Generator Combinations,,FALSE,F,F,0,,AG2-PM14-08M1,4265,Gas,Equipment,,0,0,F,,,0,,0,,Two Stage - Portable Models,3190,F,Two Stage - Portable Models,,TRUE,,F,,,F,,,,,,,,,,,,,,,,,,,,,,,,,,,,,,,,,,,,,,https://www.westendpower.com/new-models/2026-mi-t-m-ag2-pm14-08m1-8-gal-two-stage-gas-combination-29428477b,,,,,,,,,,,,,,,,,,,,,,,,,,,,PRODUCT,,,,,,,,,,
AG2-PM14-08M1E,Mi-T-M AG2-PM14-08M1E Compressor / Generator,T,0,,0,MITM,Gasoline Air Compressor / Generator Combinations,,FALSE,F,F,0,,AG2-PM14-08M1E,4737,Gas,Equipment,,0,0,F,,,0,,0,,Two Stage - Portable Models,3200,F,Two Stage - Portable Models,,TRUE,,F,,,F,,,,,,,,,,,,,,,,,,,,,,,,,,,,,,,,,,,,,,https://www.westendpower.com/new-models/2026-mi-t-m-ag2-pm14-08m1e-8-gal-two-stage-gas-combination-29428478b,,,,,,,,,,,,,,,,,,,,,,,,,,,,PRODUCT,,,,,,,,,,
AG2-PV14-08M1,Mi-T-M AG2-PV14-08M1 Compressor / Generator,T,0,,0,MITM,Gasoline Air Compressor / Generator Combinations,,FALSE,F,F,0,,AG2-PV14-08M1,5174,Gas,Equipment,,0,0,F,,,0,,0,,Two Stage - Portable Models,3210,F,Two Stage - Portable Models,,TRUE,,F,,,F,,,,,,,,,,,,,,,,,,,,,,,,,,,,,,,,,,,,,,https://www.westendpower.com/new-models/2026-mi-t-m-ag2-pv14-08m1-8-gal-two-stage-gas-combination-29428479b,,,,,,,,,,,,,,,,,,,,,,,,,,,,PRODUCT,,,,,,,,,,
AG2-PV14-08M1E,Mi-T-M AG2-PV14-08M1E Compressor / Generator,T,0,,0,MITM,Gasoline Air Compressor / Generator Combinations,,FALSE,F,F,0,,AG2-PV14-08M1E,5645,Gas,Equipment,,0,0,F,,,0,,0,,Two Stage - Portable Models,3220,F,Two Stage - Portable Models,,TRUE,,F,,,F,,,,,,,,,,,,,,,,,,,,,,,,,,,,,,,,,,,,,,https://www.westendpower.com/new-models/2026-mi-t-m-ag2-pv14-08m1e-8-gal-two-stage-gas-combination-29428480b,,,,,,,,,,,,,,,,,,,,,,,,,,,,PRODUCT,,,,,,,,,,
AG2-SH13-08M1,Mi-T-M AG2-SH13-08M1 Compressor / Generator,T,0,,0,MITM,Gasoline Air Compressor / Generator Combinations,,FALSE,F,F,0,,AG2-SH13-08M1,4790,Gas,Equipment,,0,0,F,,,0,,0,,Two Stage - Stationary Models,3230,F,Two Stage - Stationary Models,,TRUE,,F,,,F,,,,,,,,,,,,,,,,,,,,,,,,,,,,,,,,,,,,,,https://www.westendpower.com/new-models/2026-mi-t-m-ag2-sh13-08m1-8-gal-two-stage-gas-combination-29428481b,,,,,,,,,,,,,,,,,,,,,,,,,,,,PRODUCT,,,,,,,,,,
AG2-SH13-08M1E,Mi-T-M AG2-SH13-08M1E Compressor / Generator,T,0,,0,MITM,Gasoline Air Compressor / Generator Combinations,,FALSE,F,F,0,,AG2-SH13-08M1E,5540,Gas,Equipment,,0,0,F,,,0,,0,,Two Stage - Stationary Models,3240,F,Two Stage - Stationary Models,,TRUE,,F,,,F,,,,,,,,,,,,,,,,,,,,,,,,,,,,,,,,,,,,,,https://www.westendpower.com/new-models/2026-mi-t-m-ag2-sh13-08m1e-8-gal-two-stage-gas-combination-29428482b,,,,,,,,,,,,,,,,,,,,,,,,,,,,PRODUCT,,,,,,,,,,
AG2-SK14-08M1,Mi-T-M AG2-SK14-08M1 Compressor / Generator,T,0,,0,MITM,Gasoline Air Compressor / Generator Combinations,,FALSE,F,F,0,,AG2-SK14-08M1,4860,Gas,Equipment,,0,0,F,,,0,,0,,Two Stage - Stationary Models,3250,F,Two Stage - Stationary Models,,TRUE,,F,,,F,,,,,,,,,,,,,,,,,,,,,,,,,,,,,,,,,,,,,,,,,,,,,,,,,,,,,,,,,,,,,,,,,,PRODUCT,,,,,,,,,,
AG2-SK14-08M1E,Mi-T-M AG2-SK14-08M1E Compressor / Generator,T,0,,0,MITM,Gasoline Air Compressor / Generator Combinations,,FALSE,F,F,0,,AG2-SK14-08M1E,5292,Gas,Equipment,,0,0,F,,,0,,0,,Two Stage - Stationary Models,3260,F,Two Stage - Stationary Models,,TRUE,,F,,,F,,,,,,,,,,,,,,,,,,,,,,,,,,,,,,,,,,,,,,https://www.westendpower.com/new-models/2026-mi-t-m-ag2-sk14-08m1e-8-gal-two-stage-gas-combination-29428483b,,,,,,,,,,,,,,,,,,,,,,,,,,,,PRODUCT,,,,,,,,,,
AG2-SM14-08M1,Mi-T-M AG2-SM14-08M1 Compressor / Generator,T,0,,0,MITM,Gasoline Air Compressor / Generator Combinations,,FALSE,F,F,0,,AG2-SM14-08M1,4095,Gas,Equipment,,0,0,F,,,0,,0,,Two Stage - Stationary Models,3270,F,Two Stage - Stationary Models,,TRUE,,F,,,F,,,,,,,,,,,,,,,,,,,,,,,,,,,,,,,,,,,,,,https://www.westendpower.com/new-models/2026-mi-t-m-ag2-sm14-08m1-8-gal-two-stage-gas-combination-29428485b,,,,,,,,,,,,,,,,,,,,,,,,,,,,PRODUCT,,,,,,,,,,
AG2-SM14-08M1E,Mi-T-M AG2-SM14-08M1E Compressor / Generator,T,0,,0,MITM,Gasoline Air Compressor / Generator Combinations,,FALSE,F,F,0,,AG2-SM14-08M1E,4331,Gas,Equipment,,0,0,F,,,0,,0,,Two Stage - Stationary Models,3280,F,Two Stage - Stationary Models,,TRUE,,F,,,F,,,,,,,,,,,,,,,,,,,,,,,,,,,,,,,,,,,,,,https://www.westendpower.com/new-models/2026-mi-t-m-ag2-sm14-08m1e-8-gal-two-stage-gas-combination-29428486b,,,,,,,,,,,,,,,,,,,,,,,,,,,,PRODUCT,,,,,,,,,,
AG2-SV14-08M1,Mi-T-M AG2-SV14-08M1 Compressor / Generator,T,0,,0,MITM,Gasoline Air Compressor / Generator Combinations,,FALSE,F,F,0,,AG2-SV14-08M1,4838,Gas,Equipment,,0,0,F,,,0,,0,,Two Stage - Stationary Models,3290,F,Two Stage - Stationary Models,,TRUE,,F,,,F,,,,,,,,,,,,,,,,,,,,,,,,,,,,,,,,,,,,,,https://www.westendpower.com/new-models/2026-mi-t-m-ag2-sv14-08m1-8-gal-two-stage-gas-combination-29428487b,,,,,,,,,,,,,,,,,,,,,,,,,,,,PRODUCT,,,,,,,,,,
AG2-SV14-08M1E,Mi-T-M AG2-SV14-08M1E Compressor / Generator,T,0,,0,MITM,Gasoline Air Compressor / Generator Combinations,,FALSE,F,F,0,,AG2-SV14-08M1E,5300,Gas,Equipment,,0,0,F,,,0,,0,,Two Stage - Stationary Models,3300,F,Two Stage - Stationary Models,,TRUE,,F,,,F,,,,,,,,,,,,,,,,,,,,,,,,,,,,,,,,,,,,,,https://www.westendpower.com/new-models/2026-mi-t-m-ag2-sv14-08m1e-8-gal-two-stage-gas-combination-29428488b,,,,,,,,,,,,,,,,,,,,,,,,,,,,PRODUCT,,,,,,,,,,
AG2-SH13-B,Mi-T-M AG2-SH13-B Compressor / Generator,T,0,,0,MITM,Gasoline Air Compressor / Generator Combinations,,FALSE,F,F,0,,AG2-SH13-B,4733,Gas,Equipment,,0,0,F,,,0,,0,,Two Stage - Base Mount Models,3310,F,Two Stage - Base Mount Models,,TRUE,,F,,,F,,,,,,,,,,,,,,,,,,,,,,,,,,,,,,,,,,,,,,https://www.westendpower.com/new-models/2026-mi-t-m-ag2-sh13-b-base-mount-two-stage-gas-combination-29428489b,,,,,,,,,,,,,,,,,,,,,,,,,,,,PRODUCT,,,,,,,,,,
AG2-SH13-BE,Mi-T-M AG2-SH13-BE Compressor / Generator,T,0,,0,MITM,Gasoline Air Compressor / Generator Combinations,,FALSE,F,F,0,,AG2-SH13-BE,5346,Gas,Equipment,,0,0,F,,,0,,0,,Two Stage - Base Mount Models,3320,F,Two Stage - Base Mount Models,,TRUE,,F,,,F,,,,,,,,,,,,,,,,,,,,,,,,,,,,,,,,,,,,,,https://www.westendpower.com/new-models/2026-mi-t-m-ag2-sh13-be-base-mount-two-stage-gas-combination-29428490b,,,,,,,,,,,,,,,,,,,,,,,,,,,,PRODUCT,,,,,,,,,,
AG2-SK14-B,Mi-T-M AG2-SK14-B Compressor / Generator,T,0,,0,MITM,Gasoline Air Compressor / Generator Combinations,,FALSE,F,F,0,,AG2-SK14-B,4695,Gas,Equipment,,0,0,F,,,0,,0,,Two Stage - Base Mount Models,3330,F,Two Stage - Base Mount Models,,TRUE,,F,,,F,,,,,,,,,,,,,,,,,,,,,,,,,,,,,,,,,,,,,,,,,,,,,,,,,,,,,,,,,,,,,,,,,,PRODUCT,,,,,,,,,,
AG2-SK14-BE,Mi-T-M AG2-SK14-BE Compressor / Generator,T,0,,0,MITM,Gasoline Air Compressor / Generator Combinations,,FALSE,F,F,0,,AG2-SK14-BE,5127,Gas,Equipment,,0,0,F,,,0,,0,,Two Stage - Base Mount Models,3340,F,Two Stage - Base Mount Models,,TRUE,,F,,,F,,,,,,,,,,,,,,,,,,,,,,,,,,,,,,,,,,,,,,https://www.westendpower.com/new-models/2026-mi-t-m-ag2-sk14-be-base-mount-two-stage-gas-combination-29428491b,,,,,,,,,,,,,,,,,,,,,,,,,,,,PRODUCT,,,,,,,,,,
AG2-SM14-B,Mi-T-M AG2-SM14-B Compressor / Generator,T,0,,0,MITM,Gasoline Air Compressor / Generator Combinations,,FALSE,F,F,0,,AG2-SM14-B,4064,Gas,Equipment,,0,0,F,,,0,,0,,Two Stage - Base Mount Models,3350,F,Two Stage - Base Mount Models,,TRUE,,F,,,F,,,,,,,,,,,,,,,,,,,,,,,,,,,,,,,,,,,,,,https://www.westendpower.com/new-models/2026-mi-t-m-ag2-sm14-b-base-mount-two-stage-gas-combination-29428492b,,,,,,,,,,,,,,,,,,,,,,,,,,,,PRODUCT,,,,,,,,,,
AG2-SM14-BE,Mi-T-M AG2-SM14-BE Compressor / Generator,T,0,,0,MITM,Gasoline Air Compressor / Generator Combinations,,FALSE,F,F,0,,AG2-SM14-BE,4299,Gas,Equipment,,0,0,F,,,0,,0,,Two Stage - Base Mount Models,3360,F,Two Stage - Base Mount Models,,TRUE,,F,,,F,,,,,,,,,,,,,,,,,,,,,,,,,,,,,,,,,,,,,,https://www.westendpower.com/new-models/2026-mi-t-m-ag2-sm14-be-base-mount-two-stage-gas-combination-29428493b,,,,,,,,,,,,,,,,,,,,,,,,,,,,PRODUCT,,,,,,,,,,
AG2-SV14-B,Mi-T-M AG2-SV14-B Compressor / Generator,T,0,,0,MITM,Gasoline Air Compressor / Generator Combinations,,FALSE,F,F,0,,AG2-SV14-B,4770,Gas,Equipment,,0,0,F,,,0,,0,,Two Stage - Base Mount Models,3370,F,Two Stage - Base Mount Models,,TRUE,,F,,,F,,,,,,,,,,,,,,,,,,,,,,,,,,,,,,,,,,,,,,https://www.westendpower.com/new-models/2026-mi-t-m-ag2-sv14-b-base-mount-two-stage-gas-combination-29428494b,,,,,,,,,,,,,,,,,,,,,,,,,,,,PRODUCT,,,,,,,,,,
AG2-SV14-BE,Mi-T-M AG2-SV14-BE Compressor / Generator,T,0,,0,MITM,Gasoline Air Compressor / Generator Combinations,,FALSE,F,F,0,,AG2-SV14-BE,5242,Gas,Equipment,,0,0,F,,,0,,0,,Two Stage - Base Mount Models,3380,F,Two Stage - Base Mount Models,,TRUE,,F,,,F,,,,,,,,,,,,,,,,,,,,,,,,,,,,,,,,,,,,,,https://www.westendpower.com/new-models/2026-mi-t-m-ag2-sv14-be-base-mount-two-stage-gas-combination-29428495b,,,,,,,,,,,,,,,,,,,,,,,,,,,,PRODUCT,,,,,,,,,,
AG2-SH13-30M,Mi-T-M AG2-SH13-30M Compressor / Generator,T,0,,0,MITM,Gasoline Air Compressor / Generator Combinations,,FALSE,F,F,0,,AG2-SH13-30M,5442,Gas,Equipment,,0,0,F,,,0,,0,,Industrial Two Stage - Gasoline / 30-Gallon,3390,F,Industrial Two Stage - Gasoline / 30-Gallon,,TRUE,,F,,,F,,,,,,,,,,,,,,,,,,,,,,,,,,,,,,,,,,,,,,https://www.westendpower.com/new-models/2026-mi-t-m-ag2-sh13-30m-30-gal-two-stage-gas-combination-29428445b,,,,,,,,,,,,,,,,,,,,,,,,,,,,PRODUCT,,,,,,,,,,
AG2-SH13-30ME,Mi-T-M AG2-SH13-30ME Compressor / Generator,T,0,,0,MITM,Gasoline Air Compressor / Generator Combinations,,FALSE,F,F,0,,AG2-SH13-30ME,6179,Gas,Equipment,,0,0,F,,,0,,0,,Industrial Two Stage - Gasoline / 30-Gallon,3400,F,Industrial Two Stage - Gasoline / 30-Gallon,,TRUE,,F,,,F,,,,,,,,,,,,,,,,,,,,,,,,,,,,,,,,,,,,,,https://www.westendpower.com/new-models/2026-mi-t-m-ag2-sh13-30me-30-gal-two-stage-gas-combination-29428448b,,,,,,,,,,,,,,,,,,,,,,,,,,,,PRODUCT,,,,,,,,,,
AG2-SK14-30M,Mi-T-M AG2-SK14-30M Compressor / Generator,T,0,,0,MITM,Gasoline Air Compressor / Generator Combinations,,FALSE,F,F,0,,AG2-SK14-30M,5279,Gas,Equipment,,0,0,F,,,0,,0,,Industrial Two Stage - Gasoline / 30-Gallon,3410,F,Industrial Two Stage - Gasoline / 30-Gallon,,TRUE,,F,,,F,,,,,,,,,,,,,,,,,,,,,,,,,,,,,,,,,,,,,,https://www.westendpower.com/new-models/2026-mi-t-m-ag2-sk14-30m-30-gal-two-stage-gas-combination-29428451b,,,,,,,,,,,,,,,,,,,,,,,,,,,,PRODUCT,,,,,,,,,,
AG2-SK14-30ME,Mi-T-M AG2-SK14-30ME Compressor / Generator,T,0,,0,MITM,Gasoline Air Compressor / Generator Combinations,,FALSE,F,F,0,,AG2-SK14-30ME,5711,Gas,Equipment,,0,0,F,,,0,,0,,Industrial Two Stage - Gasoline / 30-Gallon,3420,F,Industrial Two Stage - Gasoline / 30-Gallon,,TRUE,,F,,,F,,,,,,,,,,,,,,,,,,,,,,,,,,,,,,,,,,,,,,https://www.westendpower.com/new-models/2026-mi-t-m-ag2-sk14-30me-30-gal-two-stage-gas-combination-29428453b,,,,,,,,,,,,,,,,,,,,,,,,,,,,PRODUCT,,,,,,,,,,
AG2-SM14-30M,Mi-T-M AG2-SM14-30M Compressor / Generator,T,0,,0,MITM,Gasoline Air Compressor / Generator Combinations,,FALSE,F,F,0,,AG2-SM14-30M,4734,Gas,Equipment,,0,0,F,,,0,,0,,Industrial Two Stage - Gasoline / 30-Gallon,3430,F,Industrial Two Stage - Gasoline / 30-Gallon,,TRUE,,F,,,F,,,,,,,,,,,,,,,,,,,,,,,,,,,,,,,,,,,,,,,,,,,,,,,,,,,,,,,,,,,,,,,,,,PRODUCT,,,,,,,,,,
AG2-SM14-30ME,Mi-T-M AG2-SM14-30ME Compressor / Generator,T,0,,0,MITM,Gasoline Air Compressor / Generator Combinations,,FALSE,F,F,0,,AG2-SM14-30ME,4967,Gas,Equipment,,0,0,F,,,0,,0,,Industrial Two Stage - Gasoline / 30-Gallon,3440,F,Industrial Two Stage - Gasoline / 30-Gallon,,TRUE,,F,,,F,,,,,,,,,,,,,,,,,,,,,,,,,,,,,,,,,,,,,,https://www.westendpower.com/new-models/2026-mi-t-m-ag2-sm14-30me-30-gal-two-stage-gas-combination-29428454b,,,,,,,,,,,,,,,,,,,,,,,,,,,,PRODUCT,,,,,,,,,,
AG2-SV14-30M,Mi-T-M AG2-SV14-30M Compressor / Generator,T,0,,0,MITM,Gasoline Air Compressor / Generator Combinations,,FALSE,F,F,0,,AG2-SV14-30M,5491,Gas,Equipment,,0,0,F,,,0,,0,,Industrial Two Stage - Gasoline / 30-Gallon,3450,F,Industrial Two Stage - Gasoline / 30-Gallon,,TRUE,,F,,,F,,,,,,,,,,,,,,,,,,,,,,,,,,,,,,,,,,,,,,https://www.westendpower.com/new-models/2026-mi-t-m-ag2-sv14-30m-30-gal-two-stage-gas-combination-29428456b,,,,,,,,,,,,,,,,,,,,,,,,,,,,PRODUCT,,,,,,,,,,
AG2-SV14-30ME,Mi-T-M AG2-SV14-30ME Compressor / Generator,T,0,,0,MITM,Gasoline Air Compressor / Generator Combinations,,FALSE,F,F,0,,AG2-SV14-30ME,5963,Gas,Equipment,,0,0,F,,,0,,0,,Industrial Two Stage - Gasoline / 30-Gallon,3460,F,Industrial Two Stage - Gasoline / 30-Gallon,,TRUE,,F,,,F,,,,,,,,,,,,,,,,,,,,,,,,,,,,,,,,,,,,,,https://www.westendpower.com/new-models/2026-mi-t-m-ag2-sv14-30me-30-gal-two-stage-gas-combination-29428458b,,,,,,,,,,,,,,,,,,,,,,,,,,,,PRODUCT,,,,,,,,,,
AG2-SKD9-30M,Mi-T-M AG2-SKD9-30M Compressor / Generator,T,0,,0,MITM,Diesel Air Compressor / Generator Combinations,,FALSE,F,F,0,,AG2-SKD9-30M,10701,Diesel,Equipment,,0,0,F,,,0,,0,,Industrial Two Stage - Diesel / 30-Gallon,3470,F,Industrial Two Stage - Diesel / 30-Gallon,,TRUE,,F,,,F,,,,,,,,,,,,,,,,,,,,,,,,,,,,,,,,,,,,,,https://www.westendpower.com/new-models/2026-mi-t-m-ag2-skd9-30m-30-gal-two-stage-diesel-combination-29428441b,,,,,,,,,,,,,,,,,,,,,,,,,,,,PRODUCT,,,,,,,,,,
AGW-SH22-20M,Mi-T-M AGW-SH22-20M Welder / Comp / Gen,T,0,,0,MITM,Gasoline Air / Gen / Welder Combinations,,FALSE,F,F,0,,AGW-SH22-20M,18312,Gas,Equipment,,0,0,F,,,0,,0,,Stationary Models,3480,F,Stationary Models,,TRUE,,F,,,F,,,,,,,,,,,,,,,,,,,,,,,,,,,,,,,,,,,,,,,,,,,,,,,,,,,,,,,,,,,,,,,,,,PRODUCT,,,,,,,,,,
AGW-SM14-30M,Mi-T-M AGW-SM14-30M Welder / Comp / Gen,T,0,,0,MITM,Gasoline Air / Gen / Welder Combinations,,FALSE,F,F,0,,AGW-SM14-30M,9558,Gas,Equipment,,0,0,F,,,0,,0,,Stationary Models,3490,F,Stationary Models,,TRUE,,F,,,F,,,,,,,,,,,,,,,,,,,,,,,,,,,,,,,,,,,,,,,,,,,,,,,,,,,,,,,,,,,,,,,,,,PRODUCT,,,,,,,,,,
AGW-SV14-30M,Mi-T-M AGW-SV14-30M Welder / Comp / Gen,T,0,,0,MITM,Gasoline Air / Gen / Welder Combinations,,FALSE,F,F,0,,AGW-SV14-30M,10709,Gas,Equipment,,0,0,F,,,0,,0,,Stationary Models,3500,F,Stationary Models,,TRUE,,F,,,F,,,,,,,,,,,,,,,,,,,,,,,,,,,,,,,,,,,,,,https://www.westendpower.com/new-models/2026-mi-t-m-agw-sv14-30m-two-stage-gasoline-20-gallon-29428498b,,,,,,,,,,,,,,,,,,,,,,,,,,,,PRODUCT,,,,,,,,,,
AGW-SM14-B,Mi-T-M AGW-SM14-B Welder / Comp / Gen,T,0,,0,MITM,Gasoline Air / Gen / Welder Combinations,,FALSE,F,F,0,,AGW-SM14-B,8690,Gas,Equipment,,0,0,F,,,0,,0,,Base-Mount Models,3510,F,Base-Mount Models,,TRUE,,F,,,F,,,,,,,,,,,,,,,,,,,,,,,,,,,,,,,,,,,,,,https://www.westendpower.com/new-models/2026-mi-t-m-agw-sm14-b-two-stage-gasoline-base-mount-29428546b,,,,,,,,,,,,,,,,,,,,,,,,,,,,PRODUCT,,,,,,,,,,
AGW-SV14-B,Mi-T-M AGW-SV14-B Welder / Comp / Gen,T,0,,0,MITM,Gasoline Air / Gen / Welder Combinations,,FALSE,F,F,0,,AGW-SV14-B,9841,Gas,Equipment,,0,0,F,,,0,,0,,Base-Mount Models,3520,F,Base-Mount Models,,TRUE,,F,,,F,,,,,,,,,,,,,,,,,,,,,,,,,,,,,,,,,,,,,,https://www.westendpower.com/new-models/2026-mi-t-m-agw-sv14-b-two-stage-gasoline-base-mount-29428549b,,,,,,,,,,,,,,,,,,,,,,,,,,,,PRODUCT,,,,,,,,,,
GEN-2000-IMM1,Mi-T-M GEN-2000-IMM1 Portable Generator,T,0,,0,MITM,Gasoline Portable Generators,,FALSE,F,F,0,,GEN-2000-IMM1,1659,Gas,Equipment,,0,0,F,,,0,,1109,,Inverter Generators - Gasoline,3530,F,Inverter Generators - Gasoline,,TRUE,,F,,,F,,,,,,,,,,,,,,,,,,,,,,,,,,,,,,,,,,,,,,https://www.westendpower.com/new-models/2026-mi-t-m-gen-2000-imm1-2000-watt-gasoline-inverter-29428404b,,,,,,,,,,,,,,,,,,,,,,,,,,,,PRODUCT,,,,,,,,,,
GEN-2500-IMM1,Mi-T-M GEN-2500-IMM1 Portable Generator,T,0,,0,MITM,Gasoline Portable Generators,,FALSE,F,F,0,,GEN-2500-IMM1,1814,Gas,Equipment,,0,0,F,,,0,,1209,,Inverter Generators - Gasoline,3540,F,Inverter Generators - Gasoline,,TRUE,,F,,,F,,,,,,,,,,,,,,,,,,,,,,,,,,,,,,,,,,,,,,https://www.westendpower.com/new-models/2026-mi-t-m-gen-2500-imm1-2500-watt-gasoline-inverter-29428406b,,,,,,,,,,,,,,,,,,,,,,,,,,,,PRODUCT,,,,,,,,,,
GEN-3500-IMM1,Mi-T-M GEN-3500-IMM1 Portable Generator,T,0,,0,MITM,Gasoline Portable Generators,,FALSE,F,F,0,,GEN-3500-IMM1,1425,Gas,Equipment,,0,0,F,,,0,,949,,Inverter Generators - Gasoline,3550,F,Inverter Generators - Gasoline,,TRUE,,F,,,F,,,,,,,,,,,,,,,,,,,,,,,,,,,,,,,,,,,,,,https://www.westendpower.com/new-models/2026-mi-t-m-gen-3500-imm1-3500-watt-gasoline-inverter-29428409b,,,,,,,,,,,,,,,,,,,,,,,,,,,,PRODUCT,,,,,,,,,,
GEN-4000-IMM1E,Mi-T-M GEN-4000-IMM1E Portable Generator,T,0,,0,MITM,Gasoline Portable Generators,,FALSE,F,F,0,,GEN-4000-IMM1E,2761.5,Gas,Equipment,,0,0,F,,,0,,1849,,Inverter Generators - Gasoline,3560,F,Inverter Generators - Gasoline,,TRUE,,F,,,F,,,,,,,,,,,,,,,,,,,,,,,,,,,,,,,,,,,,,,https://www.westendpower.com/new-models/2026-mi-t-m-gen-4000-imm1e-4000-watt-gasoline-inverter-29428411b,,,,,,,,,,,,,,,,,,,,,,,,,,,,PRODUCT,,,,,,,,,,
GEN-8000-IMM1E,Mi-T-M GEN-8000-IMM1E Portable Generator,T,0,,0,MITM,Gasoline Portable Generators,,FALSE,F,F,0,,GEN-8000-IMM1E,4470,Gas,Equipment,,0,0,F,,,0,,2979,,Inverter Generators - Gasoline,3570,F,Inverter Generators - Gasoline,,TRUE,,F,,,F,,,,,,,,,,,,,,,,,,,,,,,,,,,,,,,,,,,,,,https://www.westendpower.com/new-models/2026-mi-t-m-gen-8000-imm1e-7300-watt-gasoline-inverter-29428421b,,,,,,,,,,,,,,,,,,,,,,,,,,,,PRODUCT,,,,,,,,,,
GEN-3600-0MM0,Mi-T-M GEN-3600-0MM0 Portable Generator,T,0,,0,MITM,Gasoline Portable Generators,,FALSE,F,F,0,,GEN-3600-0MM0,1220,Gas,Equipment,,0,0,F,,,0,,819,,ChoreMaster Series - Gasoline,3580,F,ChoreMaster Series - Gasoline,,TRUE,,F,,,F,,,,,,,,,,,,,,,,,,,,,,,,,,,,,,,,,,,,,,https://www.westendpower.com/new-models/2026-mi-t-m-gen-3600-0mm03600-watt-gas-choremaster-generator-29428410b,,,,,,,,,,,,,,,,,,,,,,,,,,,,PRODUCT,,,,,,,,,,
GEN-6500-0MM1,Mi-T-M GEN-6500-0MM1 Portable Generator,T,0,,0,MITM,Gasoline Portable Generators,,FALSE,F,F,0,,GEN-6500-0MM1,1868,Gas,Equipment,,0,0,F,,,0,,1249,,ChoreMaster Series - Gasoline,3590,F,ChoreMaster Series - Gasoline,,TRUE,,F,,,F,,,,,,,,,,,,,,,,,,,,,,,,,,,,,,,,,,,,,,https://www.westendpower.com/new-models/2026-mi-t-m-gen-6500-0mm16500-watt-gas-choremaster-generator-29428420b,,,,,,,,,,,,,,,,,,,,,,,,,,,,PRODUCT,,,,,,,,,,
GEN-8000-0MM1E,Mi-T-M GEN-8000-0MM1E Portable Generator,T,0,,0,MITM,Gasoline Portable Generators,,FALSE,F,F,0,,GEN-8000-0MM1E,2194,Gas,Equipment,,0,0,F,,,0,,1469,,ChoreMaster Series - Gasoline,3600,F,ChoreMaster Series - Gasoline,,TRUE,,F,,,F,,,,,,,,,,,,,,,,,,,,,,,,,,,,,,,,,,,,,,https://www.westendpower.com/new-models/2026-mi-t-m-gen-8000-0mm1e-8000-watt-gas-choremaster-gen-29428426b,,,,,,,,,,,,,,,,,,,,,,,,,,,,PRODUCT,,,,,,,,,,
GEN-14000-1MHE,Mi-T-M GEN-14000-1MHE Portable Generator,T,0,,0,MITM,Gasoline And Diesel Portable Generators,,FALSE,F,F,0,,GEN-14000-1MHE,10606,Gas,Equipment,,0,0,F,,,0,,6799,,Industrial Gasoline,3610,F,Industrial Gasoline,,TRUE,,F,,,F,,,,,,,,,,,,,,,,,,,,,,,,,,,,,,,,,,,,,,https://www.westendpower.com/new-models/2026-mi-t-m-gen-14000-1mhe-14000-watt-gasoline-generator-29428401b,,,,,,,,,,,,,,,,,,,,,,,,,,,,PRODUCT,,,,,,,,,,
GEN-14000-1MME,Mi-T-M GEN-14000-1MME Portable Generator,T,0,,0,MITM,Gasoline And Diesel Portable Generators,,FALSE,F,F,0,,GEN-14000-1MME,9600,Gas,Equipment,,0,0,F,,,0,,6239,,Industrial Gasoline,3620,F,Industrial Gasoline,,TRUE,,F,,,F,,,,,,,,,,,,,,,,,,,,,,,,,,,,,,,,,,,,,,https://www.westendpower.com/new-models/2026-mi-t-m-gen-14000-1mme-14000-watt-gasoline-generator-29428403b,,,,,,,,,,,,,,,,,,,,,,,,,,,,PRODUCT,,,,,,,,,,
GEN-6000-0MKD,Mi-T-M GEN-6000-0MKD Portable Generator,T,0,,0,MITM,Gasoline And Diesel Portable Generators,,FALSE,F,F,0,,GEN-6000-0MKD,7564,Gas,Equipment,,0,0,F,,,0,,4979,,Industrial Diesel,3630,F,Industrial Diesel,,TRUE,,F,,,F,,,,,,,,,,,,,,,,,,,,,,,,,,,,,,,,,,,,,,,,,,,,,,,,,,,,,,,,,,,,,,,,,,PRODUCT,,,,,,,,,,
MV-1300-0MEV,Mi-T-M MV-1300-0MEV Vacuum,T,0,,0,MITM,13 And 18-Gallon Vacuums And Accessories,,FALSE,F,F,0,,MV-1300-0MEV,1295,,Equipment,,0,0,F,,,0,,0,,Industrial,3640,F,Industrial,,TRUE,,F,,,F,,,,,,,,,,,,,,,,,,,,,,,,,,,,,,,,,,,,,,https://www.westendpower.com/new-models/2026-mi-t-m-mv-1300-0mev-13-gallon-vacuum-29428743b,,,,,,,,,,,,,,,,,,,,,,,,,,,,PRODUCT,,,,,,,,,,
MV-1800-0MEV,Mi-T-M MV-1800-0MEV Vacuum,T,0,,0,MITM,13 And 18-Gallon Vacuums And Accessories,,FALSE,F,F,0,,MV-1800-0MEV,1366,,Equipment,,0,0,F,,,0,,0,,Industrial,3650,F,Industrial,,TRUE,,F,,,F,,,,,,,,,,,,,,,,,,,,,,,,,,,,,,,,,,,,,,https://www.westendpower.com/new-models/2026-mi-t-m-mv-1800-0mev-18-gallon-vacuum-29428746b,,,,,,,,,,,,,,,,,,,,,,,,,,,,PRODUCT,,,,,,,,,,
MH-0075-0M11,Mi-T-M MH-0075-0M11 Kerosene Heaters,T,0,,0,MITM,Kerosene Forced Air Heaters,,FALSE,F,F,0,,MH-0075-0M11,546,Kerosene,Equipment,,0,0,F,,,0,,369,,Industrial,3660,F,Industrial,,TRUE,,F,,,F,,,,,,,,,,,,,,,,,,,,,,,,,,,,,,,,,,,,,,https://www.westendpower.com/new-models/2026-mi-t-m-mh-0075-0m11-kerosene-forced-air-heater-29428551b,,,,,,,,,,,,,,,,,,,,,,,,,,,,PRODUCT,,,,,,,,,,
MH-0135-0M11,Mi-T-M MH-0135-0M11 Kerosene Heaters,T,0,,0,MITM,Kerosene Forced Air Heaters,,FALSE,F,F,0,,MH-0135-0M11,872,Kerosene,Equipment,,0,0,F,,,0,,589,,Industrial,3670,F,Industrial,,TRUE,,F,,,F,,,,,,,,,,,,,,,,,,,,,,,,,,,,,,,,,,,,,,https://www.westendpower.com/new-models/2026-mi-t-m-mh-0135-0m11-kerosene-forced-air-heater-29428553b,,,,,,,,,,,,,,,,,,,,,,,,,,,,PRODUCT,,,,,,,,,,
MH-0190-0M11,Mi-T-M MH-0190-0M11 Kerosene Heaters,T,0,,0,MITM,Kerosene Forced Air Heaters,,FALSE,F,F,0,,MH-0190-0M11,1030,Kerosene,Equipment,,0,0,F,,,0,,689,,Industrial,3680,F,Industrial,,TRUE,,F,,,F,,,,,,,,,,,,,,,,,,,,,,,,,,,,,,,,,,,,,,https://www.westendpower.com/new-models/2026-mi-t-m-mh-0190-0m11-kerosene-forced-air-heater-29428554b,,,,,,,,,,,,,,,,,,,,,,,,,,,,PRODUCT,,,,,,,,,,
MH-0215-0M11,Mi-T-M MH-0215-0M11 Kerosene Heaters,T,0,,0,MITM,Kerosene Forced Air Heaters,,FALSE,F,F,0,,MH-0215-0M11,1044,Kerosene,Equipment,,0,0,F,,,0,,699,,Industrial,3690,F,Industrial,,TRUE,,F,,,F,,,,,,,,,,,,,,,,,,,,,,,,,,,,,,,,,,,,,,https://www.westendpower.com/new-models/2026-mi-t-m-mh-0215-0m11-kerosene-forced-air-heater-29428555b,,,,,,,,,,,,,,,,,,,,,,,,,,,,PRODUCT,,,,,,,,,,
MH-0400-0M11,Mi-T-M MH-0400-0M11 Kerosene Heaters,T,0,,0,MITM,Kerosene Forced Air Heaters,,FALSE,F,F,0,,MH-0400-0M11,3450,Kerosene,Equipment,,0,0,F,,,0,,2299,,Industrial,3700,F,Industrial,,TRUE,,F,,,F,,,,,,,,,,,,,,,,,,,,,,,,,,,,,,,,,,,,,,https://www.westendpower.com/new-models/2026-mi-t-m-mh-0400-0m11-kerosene-forced-air-heater-29428557b,,,,,,,,,,,,,,,,,,,,,,,,,,,,PRODUCT,,,,,,,,,,
MH-0600-0M11,Mi-T-M MH-0600-0M11 Kerosene Heaters,T,0,,0,MITM,Kerosene Forced Air Heaters,,FALSE,F,F,0,,MH-0600-0M11,5700,Kerosene,Equipment,,0,0,F,,,0,,3799,,Industrial,3710,F,Industrial,,TRUE,,F,,,F,,,,,,,,,,,,,,,,,,,,,,,,,,,,,,,,,,,,,,https://www.westendpower.com/new-models/2026-mi-t-m-mh-0600-0m11-kerosene-forced-air-heater-29428558b,,,,,,,,,,,,,,,,,,,,,,,,,,,,PRODUCT,,,,,,,,,,
MH-0060-LM10,Mi-T-M MH-0060-LM10 Propane Heater,T,0,,0,MITM,Propane Forced Air Heaters,,FALSE,F,F,0,,MH-0060-LM10,460,Propane,Equipment,,0,0,F,,,0,,309,,Industrial,3720,F,Industrial,,TRUE,,F,,,F,,,,,,,,,,,,,,,,,,,,,,,,,,,,,,,,,,,,,,https://www.westendpower.com/new-models/2026-mi-t-m-mh-0060-lm10-propane-forced-air-heater-29428569b,,,,,,,,,,,,,,,,,,,,,,,,,,,,PRODUCT,,,,,,,,,,
MH-0150-LM10,Mi-T-M MH-0150-LM10 Propane Heater,T,0,,0,MITM,Propane Forced Air Heaters,,FALSE,F,F,0,,MH-0150-LM10,535,Propane,Equipment,,0,0,F,,,0,,359,,Industrial,3730,F,Industrial,,TRUE,,F,,,F,,,,,,,,,,,,,,,,,,,,,,,,,,,,,,,,,,,,,,https://www.westendpower.com/new-models/2026-mi-t-m-mh-0150-lm10-propane-forced-air-heater-29428574b,,,,,,,,,,,,,,,,,,,,,,,,,,,,PRODUCT,,,,,,,,,,
MH-0150-LMT0,Mi-T-M MH-0150-LMT0 Propane Heater,T,0,,0,MITM,Propane Forced Air Heaters,,FALSE,F,F,0,,MH-0150-LMT0,1091,Propane,Equipment,,0,0,F,,,0,,729,,Industrial,3740,F,Industrial,,TRUE,,F,,,F,,,,,,,,,,,,,,,,,,,,,,,,,,,,,,,,,,,,,,https://www.westendpower.com/new-models/2026-mi-t-m-mh-0150-lmt0-propane-forced-air-heater-29428575b,,,,,,,,,,,,,,,,,,,,,,,,,,,,PRODUCT,,,,,,,,,,
MH-0150-NM10,Mi-T-M MH-0150-NM10 Natural Gas Heater,T,0,,0,MITM,Propane Forced Air Heaters,,FALSE,F,F,0,,MH-0150-NM10,822,Natural Gas,Equipment,,0,0,F,,,0,,549,,Industrial,3750,F,Industrial,,TRUE,,F,,,F,,,,,,,,,,,,,,,,,,,,,,,,,,,,,,,,,,,,,,https://www.westendpower.com/new-models/2026-mi-t-m-mh-0150-nm10-propane-forced-air-heater-29428577b,,,,,,,,,,,,,,,,,,,,,,,,,,,,PRODUCT,,,,,,,,,,
MH-0375-LM10,Mi-T-M MH-0375-LM10 Propane Heater,T,0,,0,MITM,Propane Forced Air Heaters,,FALSE,F,F,0,,MH-0375-LM10,1603,Propane,Equipment,,0,0,F,,,0,,1069,,Industrial,3760,F,Industrial,,TRUE,,F,,,F,,,,,,,,,,,,,,,,,,,,,,,,,,,,,,,,,,,,,,https://www.westendpower.com/new-models/2026-mi-t-m-mh-0375-lm10-propane-forced-air-heater-29428580b,,,,,,,,,,,,,,,,,,,,,,,,,,,,PRODUCT,,,,,,,,,,
MH-0015-IM11,Mi-T-M MH-0015-IM11 Propane Heater,T,0,,0,MITM,Propane Tank-Top And Cabinet Heaters,,FALSE,F,F,0,,MH-0015-IM11,104,Propane,Equipment,,0,0,F,,,0,,69,,Propane Tank-Top Radiant Heaters - Industrial,3770,F,Propane Tank-Top Radiant Heaters - Industrial,,TRUE,,F,,,F,,,,,,,,,,,,,,,,,,,,,,,,,,,,,,,,,,,,,,https://www.westendpower.com/new-models/2026-mi-t-m-mh-0015-im11-propane-tank-top-radiant-heater-29428583b,,,,,,,,,,,,,,,,,,,,,,,,,,,,PRODUCT,,,,,,,,,,
MH-0030-IM11,Mi-T-M MH-0030-IM11 Propane Heater,T,0,,0,MITM,Propane Tank-Top And Cabinet Heaters,,FALSE,F,F,0,,MH-0030-IM11,198,Propane,Equipment,,0,0,F,,,0,,139,,Propane Tank-Top Radiant Heaters - Industrial,3780,F,Propane Tank-Top Radiant Heaters - Industrial,,TRUE,,F,,,F,,,,,,,,,,,,,,,,,,,,,,,,,,,,,,,,,,,,,,https://www.westendpower.com/new-models/2026-mi-t-m-mh-0030-im11-propane-tank-top-radiant-heater-29428586b,,,,,,,,,,,,,,,,,,,,,,,,,,,,PRODUCT,,,,,,,,,,
MH-0018-0M11,Mi-T-M MH-0018-0M11 Propane Heater,T,0,,0,MITM,Propane Tank-Top And Cabinet Heaters,,FALSE,F,F,0,,MH-0018-0M11,340,Propane,Equipment,,0,0,F,,,0,,229,,Propane Cabinet Utility Heater - Industrial,3790,F,Propane Cabinet Utility Heater - Industrial,,TRUE,,F,,,F,,,,,,,,,,,,,,,,,,,,,,,,,,,,,,,,,,,,,,https://www.westendpower.com/new-models/2026-mi-t-m-mh-0018-0m11-propane-cabinet-utility-heater-29428567b,,,,,,,,,,,,,,,,,,,,,,,,,,,,PRODUCT,,,,,,,,,,
MH-0042-PM11,Mi-T-M MH-0042-PM11 Propane Heater,T,0,,0,MITM,Propane Patio And Convection Heaters,,FALSE,F,F,0,,MH-0042-PM11,575,Propane,Equipment,,0,0,F,,,0,,389,,Propane Radiant Outdoor Patio Heater - Industrial,3800,F,Propane Radiant Outdoor Patio Heater - Industrial,,TRUE,,F,,,F,,,,,,,,,,,,,,,,,,,,,,,,,,,,,,,,,,,,,,https://www.westendpower.com/new-models/2026-mi-t-m-mh-0042-pm11-prop-radiant-outdoor-patio-heater-29428582b,,,,,,,,,,,,,,,,,,,,,,,,,,,,PRODUCT,,,,,,,,,,
MH-0080-CM11,Mi-T-M MH-0080-CM11 Gas Fired Heater,T,0,,0,MITM,Propane Patio And Convection Heaters,,FALSE,F,F,0,,MH-0080-CM11,272,Propane,Equipment,,0,0,F,,,0,,189,,Gas-Fired Convection Heaters - Industrial,3810,F,Gas-Fired Convection Heaters - Industrial,,TRUE,,F,,,F,,,,,,,,,,,,,,,,,,,,,,,,,,,,,,,,,,,,,,https://www.westendpower.com/new-models/2026-mi-t-m-mh-0080-cm11-gas-fired-convection-heater-29428564b,,,,,,,,,,,,,,,,,,,,,,,,,,,,PRODUCT,,,,,,,,,,
MH-0200-CM11,Mi-T-M MH-0200-CM11 Gas Fired Heater,T,0,,0,MITM,Propane Patio And Convection Heaters,,FALSE,F,F,0,,MH-0200-CM11,330,Propane,Equipment,,0,0,F,,,0,,219,,Gas-Fired Convection Heaters - Industrial,3820,F,Gas-Fired Convection Heaters - Industrial,,TRUE,,F,,,F,,,,,,,,,,,,,,,,,,,,,,,,,,,,,,,,,,,,,,https://www.westendpower.com/new-models/2026-mi-t-m-mh-0200-cm11-gas-fired-convection-heater-29428565b,,,,,,,,,,,,,,,,,,,,,,,,,,,,PRODUCT,,,,,,,,,,
WTP-S02-1MGH,Mi-T-M WTP-S02-1MGH Semi-Trash Pump,T,0,,0,MITM,Semi-Trash Pumps,,FALSE,F,F,0,,WTP-S02-1MGH,1414,,Equipment,,0,0,F,,,0,,949,,2-Inch Semi-Trash Pumps - Industrial,3830,F,2-Inch Semi-Trash Pumps - Industrial,,TRUE,,F,,,F,,,,,,,,,,,,,,,,,,,,,,,,,,,,,,,,,,,,,,https://www.westendpower.com/new-models/2026-mi-t-m-wtp-s02-1mgh-semi-trash-pump-2-inch-29428591b,,,,,,,,,,,,,,,,,,,,,,,,,,,,PRODUCT,,,,,,,,,,
WTP-S02-1MGM,Mi-T-M WTP-S02-1MGM Semi-Trash Pump,T,0,,0,MITM,Semi-Trash Pumps,,FALSE,F,F,0,,WTP-S02-1MGM,1010,,Equipment,,0,0,F,,,0,,679,,2-Inch Semi-Trash Pumps - Industrial,3840,F,2-Inch Semi-Trash Pumps - Industrial,,TRUE,,F,,,F,,,,,,,,,,,,,,,,,,,,,,,,,,,,,,,,,,,,,,https://www.westendpower.com/new-models/2026-mi-t-m-wtp-s02-1mgm-semi-trash-pump-2-inch-29428593b,,,,,,,,,,,,,,,,,,,,,,,,,,,,PRODUCT,,,,,,,,,,
WTP-S03-1MGH,Mi-T-M WTP-S03-1MGH Semi-Trash Pump,T,0,,0,MITM,Semi-Trash Pumps,,FALSE,F,F,0,,WTP-S03-1MGH,1500,,Equipment,,0,0,F,,,0,,999,,3-Inch Semi-Trash Pumps - Industrial,3850,F,3-Inch Semi-Trash Pumps - Industrial,,TRUE,,F,,,F,,,,,,,,,,,,,,,,,,,,,,,,,,,,,,,,,,,,,,https://www.westendpower.com/new-models/2026-mi-t-m-wtp-s03-1mgh-semi-trash-pump-3-inch-29428594b,,,,,,,,,,,,,,,,,,,,,,,,,,,,PRODUCT,,,,,,,,,,
WTP-S03-2MGM,Mi-T-M WTP-S03-2MGM Semi-Trash Pump,T,0,,0,MITM,Semi-Trash Pumps,,FALSE,F,F,0,,WTP-S03-2MGM,1100,,Equipment,,0,0,F,,,0,,739,,3-Inch Semi-Trash Pumps - Industrial,3860,F,3-Inch Semi-Trash Pumps - Industrial,,TRUE,,F,,,F,,,,,,,,,,,,,,,,,,,,,,,,,,,,,,,,,,,,,,https://www.westendpower.com/new-models/2026-mi-t-m-wtp-s03-2mgm-semi-trash-pump-3-inch-29428595b,,,,,,,,,,,,,,,,,,,,,,,,,,,,PRODUCT,,,,,,,,,,
WTP-T03-0MGH,Mi-T-M WTP-T03-0MGH Trash Pump,T,0,,0,MITM,Trash Pumps,,FALSE,F,F,0,,WTP-T03-0MGH,3063,,Equipment,,0,0,F,,,0,,2049,,3-Inch Trash Pumps - Industrial,3870,F,3-Inch Trash Pumps - Industrial,,TRUE,,F,,,F,,,,,,,,,,,,,,,,,,,,,,,,,,,,,,,,,,,,,,https://www.westendpower.com/new-models/2026-mi-t-m-wtp-t03-0mgh-trash-pump-3-inch-29428597b,,,,,,,,,,,,,,,,,,,,,,,,,,,,PRODUCT,,,,,,,,,,
WTP-T03-0MGM,Mi-T-M WTP-T03-0MGM Trash Pump,T,0,,0,MITM,Trash Pumps,,FALSE,F,F,0,,WTP-T03-0MGM,2782,,Equipment,,0,0,F,,,0,,1859,,3-Inch Trash Pumps - Industrial,3880,F,3-Inch Trash Pumps - Industrial,,TRUE,,F,,,F,,,,,,,,,,,,,,,,,,,,,,,,,,,,,,,,,,,,,,https://www.westendpower.com/new-models/2026-mi-t-m-wtp-t03-0mgm-trash-pump-3-inch-29428599b,,,,,,,,,,,,,,,,,,,,,,,,,,,,PRODUCT,,,,,,,,,,
WTP-T04-0MGH,Mi-T-M WTP-T04-0MGH Trash Pump,T,0,,0,MITM,Trash Pumps,,FALSE,F,F,0,,WTP-T04-0MGH,3652,,Equipment,,0,0,F,,,0,,2439,,4-Inch Trash Pumps - Industrial,3890,F,4-Inch Trash Pumps - Industrial,,TRUE,,F,,,F,,,,,,,,,,,,,,,,,,,,,,,,,,,,,,,,,,,,,,https://www.westendpower.com/new-models/2026-mi-t-m-wtp-t04-0mgh-trash-pump-4-inch-29428600b,,,,,,,,,,,,,,,,,,,,,,,,,,,,PRODUCT,,,,,,,,,,
WTP-F02-1MGM,Mi-T-M WTP-F02-1MGM Trash Pump,T,0,,0,MITM,Chemical / Liquid Fertilizer Pumps,,FALSE,F,F,0,,WTP-F02-1MGM,1000,,Equipment,,0,0,F,,,0,,669,,2-Inch Chemical / Liquid Fertilizer Pump - Industrial,3900,F,2-Inch Chemical / Liquid Fertilizer Pump - Industrial,,TRUE,,F,,,F,,,,,,,,,,,,,,,,,,,,,,,,,,,,,,,,,,,,,,https://www.westendpower.com/new-models/2026-mi-t-m-wtp-f02-1mgm-chemliquid-fertilizer-pump-2-inch-29428588b,,,,,,,,,,,,,,,,,,,,,,,,,,,,PRODUCT,,,,,,,,,,
WTP-F03-1MGME,Mi-T-M WTP-F03-1MGME Trash Pump,T,0,,0,MITM,Chemical / Liquid Fertilizer Pumps,,FALSE,F,F,0,,WTP-F03-1MGME,1830,,Equipment,,0,0,F,,,0,,1219,,3-Inch Chemical / Liquid Fertilizer Pump - Industrial,3910,F,3-Inch Chemical / Liquid Fertilizer Pump - Industrial,,TRUE,,F,,,F,,,,,,,,,,,,,,,,,,,,,,,,,,,,,,,,,,,,,,https://www.westendpower.com/new-models/2026-mi-t-m-wtp-f03-1mgme-chemliquid-fertilizer-pump-3-inch-29428589b,,,,,,,,,,,,,,,,,,,,,,,,,,,,PRODUCT,,,,,,,,,,
